领域	分类	状态	相对路径	字节数	SHA256	权威等级	用途/备注
Eluna/Lua	文档	Lua-未确认部署	tc-bignum/lua_scripts/README-Lua说明.md	6825	e14db7a05bcddc596ddc760d8ba7135dfced5d90ceecb147a21cf376327905b3	权威候选	
Eluna/Lua	Lua	Lua-未确认部署	tc-bignum/lua_scripts/bignum_selftest.lua	7813	7b0ba63fa13ac6ae085deb3d611f9dc69e5d9ac8a7162c79da614d80256270e3	权威候选	
Eluna/Lua	Lua	Lua-未确认部署	tc-bignum/lua_scripts/custom_announce.lua	2777	63b756a638232bc26ed785a0824b6729511d0c69fef03a1624e283245807d238	权威候选	
Eluna/Lua	Lua	Lua-未确认部署	tc-bignum/lua_scripts/custom_daily_reward.lua	4718	204fe2428f85a3ae648a8c1d0061205e22284c16b2f9b61a0c6e5c611953dafe	权威候选	
Eluna/Lua	Lua	Lua-未确认部署	tc-bignum/lua_scripts/custom_diag.lua	1733	f7cbdb6ba3b161aaa033521370a389055a7feb2f0affa83cedd1e11451dbb04f	权威候选	
Eluna/Lua	Lua	Lua-未确认部署	tc-bignum/lua_scripts/custom_teleport.lua	12501	663759959aada88ce596bcef2f2b5a3e6ef8dc5def1dd51b7068a6d2ec8a4f45	权威候选	
Eluna/Lua	Lua	Lua-未确认部署	tc-bignum/lua_scripts/custom_welcome.lua	4953	d9ffe19f46ed749c64b7447e8184009679eb0aa4a5f374580263da41b635cdfa	权威候选	
SQL	SQL	SQL-未确认执行	tc-bignum/sql/00_preflight_check.sql	3775	0b84281bbefb498c9a0d2f5f996547fa2d455cc43dbf90a096d7933819507d4d	权威候选	待确认
SQL	SQL	SQL-未确认执行	tc-bignum/sql/00b_verify_after_01.sql	2526	770db4a75fbfe3e4a5b29e2982ad35f8498e64dc50898101e7d3a3217bfaa3cd	权威候选	待确认
SQL	SQL	SQL-未确认执行	tc-bignum/sql/01_world_item_template_bignum.sql	3961	865ea4b50090cf8f9f308ef1c479c0740e3fd2b4d518ef2dbcf6b9ee8999019c	权威候选	待确认
SQL	SQL	SQL-未确认执行	tc-bignum/sql/01b_fix_remaining.sql	136	f02067c29563cff5534bd2a817013233f8c32cf7886292ee3d92d503b881cc8f	权威候选	待确认
SQL	SQL	SQL-未确认执行	tc-bignum/sql/02_characters_durability.sql	88	21a3af030f0eb549ee3c4823925a49e66d5af732cf43324f869147373166be92	权威候选	待确认
SQL	SQL	SQL-未确认执行	tc-bignum/sql/03_test_item.sql	3693	b31d1298bfbab69246e85644955514e023757d0be4a95061a898824c98880acb	权威候选	待确认
SQL	SQL	SQL-未确认执行	tc-bignum/sql/04_gearset_table.sql	308	fa53bf821ecb2dd46b10ac1c5eeddc30d690a28befd4bde6d7f819019d631c6c	权威候选	待确认
SQL	SQL	SQL-未确认执行	tc-bignum/sql/05_tierset_progress.sql	905	08bd046e049e7ac271a07769700df77d126278a68953ab196726eb385c3063de	权威候选	待确认
SQL	SQL	SQL-未确认执行	tc-bignum/sql/06_tierset_unlocked.sql	788	a70a4ab50adf401529c194d81624115b50d46d3f534d5c4e4115ee14ed0179dd	权威候选	待确认
SQL	SQL	SQL-未确认执行	tc-bignum/sql/07_tierset_config.sql	881	5f090594a6f35182a56ddf21f06345d2745b5c7b36fe34d8d7b89cd38625fe68	权威候选	待确认
SQL	SQL	SQL-未确认执行	tc-bignum/sql/08_tierset_dungeon_req.sql	1127	0da9a6f989de4acedbc2b8532b859a838035ed18e214f62834cbf716f8ebe3f1	权威候选	待确认
SQL	SQL	SQL-未确认执行	tc-bignum/sql/09_tierset_dungeon_data.sql	4685	6e7ba3d52aa1b00d7c7db5924c668beeba536cc7ec9f48ac7aabc12376cb6a6a	权威候选	待确认
SQL	SQL	SQL-未确认执行	tc-bignum/sql/10_rbac_gearset.sql	398	b7a738537f278ae554eeda82be797f56eed06a3689078c4388e3234eee9daee2	权威候选	待确认
SQL	SQL	SQL-未确认执行	tc-bignum/sql/11_rbac_gearset_link.sql	505	1b40b28b78c8fa95f1373cf5fe70bcbd09696e541b3f68f3f9d82f74afa81bec	权威候选	待确认
SQL	SQL	SQL-未确认执行	tc-bignum/sql/12_verify_gearset.sql	1446	ec27966ac3514b12c7b447b3641cd2557fa5546598e16169a77ef4525069f3e8	权威候选	待确认
SQL	SQL	SQL-未确认执行	tc-bignum/sql/13_daily_reward.sql	778	103562185658515c074294dbabf60753b7364d5fc12c2c20a9a8af41790b8a1a	权威候选	待确认
SQL	SQL	SQL-未确认执行	tc-bignum/sql/14_rbac_spellclean.sql	330	b4c3b012a80393975995010ba511e917108ac44e5d55a0b7d962d94a1de613cf	权威候选	待确认
SQL	SQL	SQL-未确认执行	tc-bignum/sql/15_rbac_spellclean_link.sql	415	2625a0c23d0ff4aaad87a02155e907485055f42364f1a6d230ef82d4c3f6f4f7	权威候选	待确认
SQL	SQL	SQL-未确认执行	tc-bignum/sql/16_rbac_reloaditem.sql	332	4b31b9141d6b2ddc591fea1d4e66992d81465e2dbdc2be33d646233e21c7d99b	权威候选	待确认
SQL	SQL	SQL-未确认执行	tc-bignum/sql/17_rbac_reloaditem_link.sql	383	c0d062b6821318c6f586272a29b32538896077aa86a15acfa7043faf40abc718	权威候选	待确认
SQL	SQL	SQL-未确认执行	tc-bignum/sql/18_rbac_gmhelper.sql	324	5c5b4a5a24ff1e55d8864027aa6679862d752e91a609a5359ea804d9a634bfaf	权威候选	待确认
SQL	SQL	SQL-未确认执行	tc-bignum/sql/19_rbac_gmhelper_link.sql	379	3101b2ce0facfe1256e418f2d2cf0ee35e2477378264bdfe9b5cc19c692dd1dc	权威候选	待确认
SQL	SQL	SQL-未确认执行	tc-bignum/sql/20_tele_cn.sql	863	14439f83dd5154d0946d5bc75df6b6048fbab7c3f8e06d0c185fb98334073fe3	权威候选	待确认
SQL	SQL	SQL-未确认执行	tc-bignum/sql/21_tele_cn_data.sql	14829	ac12c77aba4b1771b50c458b0b0cd4447983466250b2622710fbcb1fac4cfe80	权威候选	待确认
SQL	SQL	SQL-未确认执行	tc-bignum/sql/22_tele_cn_clear.sql	420	3253cf92e179c51d2b8f4f68a93512ad94f56dab3ebc7752eae8612f7231a111	权威候选	待确认
SQL	SQL	SQL-未确认执行	tc-bignum/sql/23_transmog_table.sql	446	e03c59b81e504eb8c0b8172b4cd0deab7980b5f45a2a845ac32525970e0dc15b	权威候选	待确认
SQL	SQL	SQL-未确认执行	tc-bignum/sql/24_transmog_sets_table.sql	530	adae54f1307cf7372b97df4f6ad15363e050c010bd4e2454b2793a6e3a27b788	权威候选	待确认
SQL	SQL	SQL-未确认执行	tc-bignum/sql/25_rbac_transmog.sql	164	d284cc9dc6024f2737e5a3b4de355c6577d42e9cdd59337daa279e68d48882b6	权威候选	待确认
SQL	SQL	SQL-未确认执行	tc-bignum/sql/26_rbac_transmog_link.sql	216	94d561ea079da92dcacf8cab38ea644d4f62cef62a8d669807fe2dbada61e501	权威候选	待确认
SQL	SQL	SQL-未确认执行	tc-bignum/sql/27_rbac_itemforge.sql	166	e552d8ad226a689a1052f0c2da54967b9d8801d510300ef1e462f739bb84fb70	权威候选	待确认
SQL	SQL	SQL-未确认执行	tc-bignum/sql/28_rbac_itemforge_link.sql	134	14e8fd6088c11b7b3af1ff73a65e5e3e594babb96e0ddcee4c4ec06c7c15d01c	权威候选	待确认
SQL	SQL	SQL-未确认执行	tc-bignum/sql/29_fix_forge_durability.sql	261	122d77def9f558539827aee033baa51dee452455a0795be439f26fbde7ae31b7	权威候选	待确认
SQL	SQL	SQL-未确认执行	tc-bignum/sql/30_custom_itemset.sql	353	2798b62344888ee3af28bd1db885ae0a33dfcff8d21e20c3598914f8ee2c93cc	权威候选	待确认
SQL	SQL	SQL-未确认执行	tc-bignum/sql/31_custom_itemset_spell.sql	477	b7db2f4c03eba0b7a18f2dac6d937dc1ae7bc46b391ad182ba7bb47c1d991944	权威候选	待确认
SQL	SQL	SQL-未确认执行	tc-bignum/sql/32_rbac_combathelper.sql	132	00cf1788890d2a17e3fa57398a153418b0ae992688b0fa8411d8b32fa28e5751	权威候选	待确认
SQL	SQL	SQL-未确认执行	tc-bignum/sql/33_rbac_combathelper_link.sql	134	3288c0d96c40c2d2eed4d6a32a268c3de9fb93a955ef7000fdc30a1f644dfb6b	权威候选	待确认
SQL	SQL	SQL-未确认执行	tc-bignum/sql/34_custom_playerstat.sql	520	3f8ebd794b48c5a079fecab4a24b90ee2c13a7ad8fa30dab343264743528eff5	权威候选	待确认
SQL	SQL	SQL-未确认执行	tc-bignum/sql/35_rbac_worldtools.sql	438	3d5ca2be8b56d2895c2fa2c2b92cd9a7100982e4f9f730a1d97db23fdda76e01	权威候选	待确认
SQL	SQL	SQL-未确认执行	tc-bignum/sql/36_rbac_worldtools_link.sql	394	c956a7df397d801fbd1b0c0858ae5542fde80076d093499c267ded965d063efa	权威候选	待确认
SQL	SQL	SQL-未确认执行	tc-bignum/sql/37_service_npc_template.sql	4319	09f5fac7ad03a975e85283426f583f6705cadff2ac81f67b60dcc1dece70ff1a	权威候选	待确认
SQL	SQL	SQL-未确认执行	tc-bignum/sql/38_service_npc_gossip.sql	3337	30768ebf617fbfdce6c30fb0d04f2478413551614f8c9735ba7e2fc431122625	权威候选	待确认
SQL	SQL	SQL-未确认执行	tc-bignum/sql/39_widen_columns.sql	4900	abcd32792e719ae1fc2361b37c396eed9744a29d332a8c72e257bb4237b87d7f	权威候选	待确认
SQL	SQL	SQL-未确认执行	tc-bignum/sql/40_dummy_npc.sql	7769	55ce9adfbcffd4e500bccb0febf8dfd9438eab76ee5e418979ace85bbfd3b045	权威候选	待确认
SQL	SQL	SQL-未确认执行	tc-bignum/sql/41_scene_tables.sql	4442	3b3a42b8060d6fc46bc3d43ba4f2e2dd99aae0279d642f65794c11f6387be9c2	权威候选	待确认
SQL	文档	SQL-未确认执行	tc-bignum/sql/README-SQL清单.md	3790	f7ddc4c7da79aac624773b077209ea4ea502feed70bd22ea74bbd058097914eb	权威候选	待确认
上游参考副本	二进制	上游原版	_chk/.editorconfig	131	192c1e942c9fac8b99c84b343ecadd601777c8028e9d5f47c45994591f6dff63	只读-禁改	上游4e8762e只读副本,禁止覆盖源码树
上游参考副本	yml	上游原版	_chk/.github/workflows/build.yml	4840	b90cbd8186e5fbbd858ecfbf19f5dc080dcd213e75e08e2885c4c04dd3dc529b	只读-禁改	上游4e8762e只读副本,禁止覆盖源码树
上游参考副本	脚本	上游原版	_chk/.github/workflows/create-pr.sh	1251	e82b91277ef0be0c51c37f61e3f2d3a0dfd80d022cc27aa6d2a0424d86172e1e	只读-禁改	上游4e8762e只读副本,禁止覆盖源码树
上游参考副本	yml	上游原版	_chk/.github/workflows/documentation.yml	1271	ba94b29af5f3ecb1df1e2765b076f26bdc183a91013bb42a9ff9332e2656fae4	只读-禁改	上游4e8762e只读副本,禁止覆盖源码树
上游参考副本	yml	上游原版	_chk/.github/workflows/pr-on-label.yml	206	b24c5437b220e22d06f1a26ecb421f5f968939a096b7fcd27b027631e465675e	只读-禁改	上游4e8762e只读副本,禁止覆盖源码树
上游参考副本	二进制	上游原版	_chk/.gitignore	34	6ef0d45b5355d60cfc415ca58d72db0ee6faf2bd9b8bebab03685e3f2806f49b	只读-禁改	上游4e8762e只读副本,禁止覆盖源码树
上游参考副本	C++	上游原版	_chk/BindingMap.h	9090	6e517509e768f563e285353ad40fba89cfd412e2f0b2cd744d75c1fcca6a4084	只读-禁改	上游4e8762e只读副本,禁止覆盖源码树
上游参考副本	文本/日志	上游原版	_chk/CMakeLists.txt	3150	9ebfe00bd5ce091fc1f494788d339bb8c4dae1acca33602cd95959b59b331810	只读-禁改	上游4e8762e只读副本,禁止覆盖源码树
上游参考副本	C++	上游原版	_chk/ElunaCompat.cpp	2434	5126d91bf404d4b08999198fb6d2785851e902491ed8f04c6420a348979bf1ec	只读-禁改	上游4e8762e只读副本,禁止覆盖源码树
上游参考副本	C++	上游原版	_chk/ElunaCompat.h	1368	49edaac722b18a3da83f88dedd558fc5d8daa4a605edf250009b9ca26ce02f38	只读-禁改	上游4e8762e只读副本,禁止覆盖源码树
上游参考副本	C++	上游原版	_chk/ElunaConfig.cpp	3903	82b1baf696d15498cf0b3651852528d3910b9babcacf8b2c8de18cea7bbeaab4	只读-禁改	上游4e8762e只读副本,禁止覆盖源码树
上游参考副本	C++	上游原版	_chk/ElunaConfig.h	2820	4378ef0af802e32d6fb1103f5ead6cb78505c604dcc8a6f25f47089e8ec7f2a2	只读-禁改	上游4e8762e只读副本,禁止覆盖源码树
上游参考副本	C++	上游原版	_chk/ElunaCreatureAI.h	8840	4712df04b64351070ce32caf3518498e4eb1b168df3129dcb86843bd3e7b7fb5	只读-禁改	上游4e8762e只读副本,禁止覆盖源码树
上游参考副本	C++	上游原版	_chk/ElunaEventMgr.cpp	7180	c4125d0ed7427a0b4039166bf50b34431010cd58a4b6fe649fa7d45ae975b003	只读-禁改	上游4e8762e只读副本,禁止覆盖源码树
上游参考副本	C++	上游原版	_chk/ElunaEventMgr.h	4581	43cc47901dad0e17d51c2a96dbbd8d48a02ce881a6eba454e9a3f06e660dc45c	只读-禁改	上游4e8762e只读副本,禁止覆盖源码树
上游参考副本	C++	上游原版	_chk/ElunaIncludes.h	6190	0cbffeaac2444fe53fc4f64782dc27769711f1f07591c528d606342fc5b68b90	只读-禁改	上游4e8762e只读副本,禁止覆盖源码树
上游参考副本	C++	上游原版	_chk/ElunaInstanceAI.cpp	5805	483eec8d2d96f8d86ac63065ba48f614dda0feb924a64e9e9224d1d79c179304	只读-禁改	上游4e8762e只读副本,禁止覆盖源码树
上游参考副本	C++	上游原版	_chk/ElunaInstanceAI.h	4713	fa7070b54db7b339788c8af1db293edbfeffb26d69b3971ec2d2726a025be3db	只读-禁改	上游4e8762e只读副本,禁止覆盖源码树
上游参考副本	C++	上游原版	_chk/ElunaLoader.cpp	11893	7522444ebb86e40cdaec268dce19875784f95491f63886c0e27f0d57e513ee93	只读-禁改	上游4e8762e只读副本,禁止覆盖源码树
上游参考副本	C++	上游原版	_chk/ElunaLoader.h	2739	077790f9b190ea71cbdb96df4040f6fe12ed23768967fe293032ae77029e1f32	只读-禁改	上游4e8762e只读副本,禁止覆盖源码树
上游参考副本	C++	上游原版	_chk/ElunaMgr.cpp	1507	2538fd1b5192df8f158b2e119ac1179bf868c579de93a54f10c4dff90ffd4db6	只读-禁改	上游4e8762e只读副本,禁止覆盖源码树
上游参考副本	C++	上游原版	_chk/ElunaMgr.h	2750	324eaf4b58f3241883d29a3e2f9a7a08f78bbc9283b562550240571c3f0b64d7	只读-禁改	上游4e8762e只读副本,禁止覆盖源码树
上游参考副本	C++	上游原版	_chk/ElunaSpellWrapper.cpp	4677	c4ef75793fe66e971a577c8a2bc729b3842bba7ce9559d11bd313ae34acb6bd0	只读-禁改	上游4e8762e只读副本,禁止覆盖源码树
上游参考副本	C++	上游原版	_chk/ElunaSpellWrapper.h	3849	98f386fe0fdb50781e723f41484f7a6ed2969c915d895f0ee6dd3ac3d50f7fa7	只读-禁改	上游4e8762e只读副本,禁止覆盖源码树
上游参考副本	C++	上游原版	_chk/ElunaTemplate.cpp	2368	287cef06ff72bda78b26b532901f78f004c76c3bcd63b6befdbb028483831eef	只读-禁改	上游4e8762e只读副本,禁止覆盖源码树
上游参考副本	C++	上游原版	_chk/ElunaTemplate.h	17522	e3c3cb6f2a846e097ddfac0d208a50ad0644c49b3bff9c3d69e267ea17636e49	只读-禁改	上游4e8762e只读副本,禁止覆盖源码树
上游参考副本	C++	上游原版	_chk/ElunaUtility.cpp	7354	f65f8fbc9d72501810e6d8fa8e252382de5156d608af9bf5efbe20d50e3289a1	只读-禁改	上游4e8762e只读副本,禁止覆盖源码树
上游参考副本	C++	上游原版	_chk/ElunaUtility.h	6533	3aeadadbee12eac84cfaf4fe2492d1090d655f4634e2ba2182cfc0b63a20e340	只读-禁改	上游4e8762e只读副本,禁止覆盖源码树
上游参考副本	二进制	上游原版	_chk/LICENSE	35141	589ed823e9a84c56feb95ac58e7cf384626b9cbf4fda2a907bc36e103de1bad2	只读-禁改	上游4e8762e只读副本,禁止覆盖源码树
上游参考副本	C++	上游原版	_chk/LuaEngine.cpp	34913	a0095e2e1b2033896db1ba031a534e87243a2c2d0c79c6bddbf9ac6bea29c9a8	只读-禁改	上游4e8762e只读副本,禁止覆盖源码树
上游参考副本	C++	上游原版	_chk/LuaEngine.h	28231	6a7a15bfcac5a2833a2c20022f362a2ec6f37267daf14796182c522df02d5bd4	只读-禁改	上游4e8762e只读副本,禁止覆盖源码树
上游参考副本	C++	上游原版	_chk/LuaValue.cpp	8839	a5933e33b0430285dc93362047684c16ecd6499796d4e238354360036b76415b	只读-禁改	上游4e8762e只读副本,禁止覆盖源码树
上游参考副本	C++	上游原版	_chk/LuaValue.h	5359	27ce37b9bcb04e6d798c291c079c47feed78868b496c9a73c5ec89b25b68b207	只读-禁改	上游4e8762e只读副本,禁止覆盖源码树
上游参考副本	文档	上游原版	_chk/README.md	3254	7557a6ffa5169bb3a0e39783d7ee1738525c17ece590a87d15221b04b6c4d3d6	只读-禁改	上游4e8762e只读副本,禁止覆盖源码树
上游参考副本	配置	上游原版	_chk/base.conf	185280	9f5939404dea6667086f5a30c9a2c80d93d07019fa3d07ce0f1730ea3d7ab4bf	只读-禁改	上游4e8762e只读副本,禁止覆盖源码树
上游参考副本	文本/日志	上游原版	_chk/conf_all.txt	27533	b584b622a4934740c46079b16cdea39c8be3981e50680502bf4b666cd391fe5f	只读-禁改	上游4e8762e只读副本,禁止覆盖源码树
上游参考副本	文本/日志	上游原版	_chk/conf_changed.txt	9916	0469f502cd29a98080fa523a3aa71215e9554af3048b9606a4470ac38c2f1dd7	只读-禁改	上游4e8762e只读副本,禁止覆盖源码树
上游参考副本	二进制	上游原版	_chk/docs/.gitignore	44	9d5ea84e0139a7336860166696072131a61ba8c64f11d7a27be2cd848207872b	只读-禁改	上游4e8762e只读副本,禁止覆盖源码树
上游参考副本	文档	上游原版	_chk/docs/CONTRIBUTING.md	1331	0426a5640008f42debc51673dd4fc04e527b38ec3c8d6fb8eaaed54f5dd9f1ea	只读-禁改	上游4e8762e只读副本,禁止覆盖源码树
上游参考副本	文档	上游原版	_chk/docs/DOC_GEN.md	4831	24e1a972fbc02303917280822894952869d6d7769f14d8fc51ecdb0274fab164	只读-禁改	上游4e8762e只读副本,禁止覆盖源码树
上游参考副本	图片	上游原版	_chk/docs/Eluna.png	2570	74fdf77b9a067c3fedc8725c8d0d1c60a7c69750bf68abda65f757814dc68735	只读-禁改	上游4e8762e只读副本,禁止覆盖源码树
上游参考副本	二进制	上游原版	_chk/docs/ElunaDoc/.gitignore	11	45c88d61527964fe6b96e5281966fbf9fa7530e4d253ae2fed707e23bc50fe19	只读-禁改	上游4e8762e只读副本,禁止覆盖源码树
上游参考副本	脚本	空文件	_chk/docs/ElunaDoc/__init__.py	0	e3b0c44298fc1c149afbf4c8996fb92427ae41e4649b934ca495991b7852b855	禁用	0字节
上游参考副本	脚本	上游原版	_chk/docs/ElunaDoc/__main__.py	10344	efd94837742d944a229a6c682c86b041ce80fa52d70ec9f801a04c787d765bcd	只读-禁改	上游4e8762e只读副本,禁止覆盖源码树
上游参考副本	脚本	上游原版	_chk/docs/ElunaDoc/parser.py	18929	84bf72b1dccbf9e9630111b263e67d3bed85133b2b6f64d7821dd48d7998e0fd	只读-禁改	上游4e8762e只读副本,禁止覆盖源码树
上游参考副本	woff	上游原版	_chk/docs/ElunaDoc/static/FiraSans-Medium.woff	89883	5537d6a8164ae3a1bd19f96b5d66fe25bd67dd111ba545481c86465e1b2873ca	只读-禁改	上游4e8762e只读副本,禁止覆盖源码树
上游参考副本	woff	上游原版	_chk/docs/ElunaDoc/static/FiraSans-Regular.woff	91946	496ed7a510e83d1a4991d92d2ce3f4f853369a0488e37af9b7d3ec5316a4cbe1	只读-禁改	上游4e8762e只读副本,禁止覆盖源码树
上游参考副本	woff	上游原版	_chk/docs/ElunaDoc/static/Heuristica-Italic.woff	119956	2a4532046eb521aa4cd8ecd80ce4a005c261dbb2cbf6c3f6dd9e50d5d949d40e	只读-禁改	上游4e8762e只读副本,禁止覆盖源码树
上游参考副本	woff	上游原版	_chk/docs/ElunaDoc/static/SourceCodePro-Regular.woff	55472	388f15097805fe7f375c62439e356cb018e000be399006fb6695839d73dd595a	只读-禁改	上游4e8762e只读副本,禁止覆盖源码树
上游参考副本	woff	上游原版	_chk/docs/ElunaDoc/static/SourceCodePro-Semibold.woff	55360	0c5004c291a794d0ab9926b6568f8e98c32e9fce991460715fc4a1fea8fb36d1	只读-禁改	上游4e8762e只读副本,禁止覆盖源码树
上游参考副本	woff	上游原版	_chk/docs/ElunaDoc/static/SourceSerifPro-Bold.woff	48720	e23fa7780557fd7fd3ad4d5f356df974ccb7fcf57a3979d253bde7caa56dd956	只读-禁改	上游4e8762e只读副本,禁止覆盖源码树
上游参考副本	woff	上游原版	_chk/docs/ElunaDoc/static/SourceSerifPro-Regular.woff	49960	6a6a9db2df58ceccfc52b4af0ada4385cebe1f67ced40bfa89a668dc38499aa7	只读-禁改	上游4e8762e只读副本,禁止覆盖源码树
上游参考副本	图片	上游原版	_chk/docs/ElunaDoc/static/eluna-logo.png	17798	497d35d3bec2674f31ebe29b90ba7a990a972b9c5fa34b3fb1be4628a8ead979	只读-禁改	上游4e8762e只读副本,禁止覆盖源码树
上游参考副本	ico	上游原版	_chk/docs/ElunaDoc/static/favicon.ico	2016	c5cd082a47473d583ad2a79dd502803e4f6803fbbaa21c5a566b54c79a3d16e4	只读-禁改	上游4e8762e只读副本,禁止覆盖源码树
上游参考副本	css	上游原版	_chk/docs/ElunaDoc/static/highlight.css	8518	24395f57d6bc2ec6000928eb38971a49245ad686719f045ab88f64d3edd4d5e0	只读-禁改	上游4e8762e只读副本,禁止覆盖源码树
上游参考副本	js	上游原版	_chk/docs/ElunaDoc/static/highlight.min.js	22548	848b6556d06f3c1542c0ba5e2da2d6621c137289b6d63e749f40380881a96c9c	只读-禁改	上游4e8762e只读副本,禁止覆盖源码树
上游参考副本	js	上游原版	_chk/docs/ElunaDoc/static/jquery.js	87533	fc9a93dd241f6b045cbff0481cf4e1901becd0e12fb45166a8f17f95823f0b1a	只读-禁改	上游4e8762e只读副本,禁止覆盖源码树
上游参考副本	js	上游原版	_chk/docs/ElunaDoc/static/lua.min.js	1964	86c1f54b614ddfcbcec2bf1c7cbf3f692071d7b7d1b991293e102f9e9880d180	只读-禁改	上游4e8762e只读副本,禁止覆盖源码树
上游参考副本	css	上游原版	_chk/docs/ElunaDoc/static/main.css	14614	39b1145c9566276125f89183f995d3b956f59de4093a485364eda809b95fc580	只读-禁改	上游4e8762e只读副本,禁止覆盖源码树
上游参考副本	js	上游原版	_chk/docs/ElunaDoc/static/main.js	31037	bada810c15a4cdadb74a3bcb02cfc9437954e02839628a06d98bacde78173134	只读-禁改	上游4e8762e只读副本,禁止覆盖源码树
上游参考副本	css	上游原版	_chk/docs/ElunaDoc/static/normalize.css	1995	dd276423c5289ad7ef11683cee3ba2eb51658424e786179efa436705a005d53e	只读-禁改	上游4e8762e只读副本,禁止覆盖源码树
上游参考副本	js	上游原版	_chk/docs/ElunaDoc/static/theme.js	636	daf2892a20f93f98a4993ce87401c9b83c0e688f5d373430ca570296dcd96d0e	只读-禁改	上游4e8762e只读副本,禁止覆盖源码树
上游参考副本	html	上游原版	_chk/docs/ElunaDoc/templates/_base.html	4703	3cc4826653fbd1dfbb62c536c64f8ce26f55ed33be479f24c7e13ea3f6a9f62d	只读-禁改	上游4e8762e只读副本,禁止覆盖源码树
上游参考副本	html	上游原版	_chk/docs/ElunaDoc/templates/class.html	1068	a69372e4265ac4ad28810bc079556490243347c5a5ee3c6f43e69ce24f39c6d5	只读-禁改	上游4e8762e只读副本,禁止覆盖源码树
上游参考副本	js	上游原版	_chk/docs/ElunaDoc/templates/date.js	33	2e209669109073c5d6068efb7126955e54cb561d4f3c449080645774aad9da88	只读-禁改	上游4e8762e只读副本,禁止覆盖源码树
上游参考副本	html	上游原版	_chk/docs/ElunaDoc/templates/enum.html	26	c841686a99e19021dc29579d3e353e4582e1bdf0ceba437be12e595be49bd170	只读-禁改	上游4e8762e只读副本,禁止覆盖源码树
上游参考副本	html	上游原版	_chk/docs/ElunaDoc/templates/index.html	3196	00d438de348f7a977725abfd0eecf1e1745dd40a56ceb1cf689fb5bcf44f8941	只读-禁改	上游4e8762e只读副本,禁止覆盖源码树
上游参考副本	html	上游原版	_chk/docs/ElunaDoc/templates/method.html	3785	d95bc9c05497d2aca17b41a7144fc9ce26077aab58278ead390b88561c55ff4b	只读-禁改	上游4e8762e只读副本,禁止覆盖源码树
上游参考副本	js	上游原版	_chk/docs/ElunaDoc/templates/search-index.js	522	6d47d84a51206d28a35db4eede2a119c5986fec2bb3365504686759323a1dbc5	只读-禁改	上游4e8762e只读副本,禁止覆盖源码树
上游参考副本	js	上游原版	_chk/docs/ElunaDoc/templates/sidebar.js	233	5122828667af887948761e9087834e02c5da5dbdcc8844e923fcb251a6348df0	只读-禁改	上游4e8762e只读副本,禁止覆盖源码树
上游参考副本	文档	上游原版	_chk/docs/IMPL_DETAILS.md	6579	9bde7fa2e3d95e2303e0e8bfb85b367af9e19c3a650ec020be621b60a3f63ede	只读-禁改	上游4e8762e只读副本,禁止覆盖源码树
上游参考副本	文档	上游原版	_chk/docs/INSTALL.md	3034	e8cae2e5c0563ac5c5f80dae6113cc7f99120ca87dea24a6e454cd871b5f8e9b	只读-禁改	上游4e8762e只读副本,禁止覆盖源码树
上游参考副本	文档	上游原版	_chk/docs/MERGING.md	2765	253e700421a259f541b0e8fae40232a0c3822df5e6df2183cc87e91f26ccec87	只读-禁改	上游4e8762e只读副本,禁止覆盖源码树
上游参考副本	文档	上游原版	_chk/docs/USAGE.md	6696	b5c805524d41fc0fec0ee11b5ceb03fd087c051687f005d0975f2ee0eae61834	只读-禁改	上游4e8762e只读副本,禁止覆盖源码树
上游参考副本	ext	上游原版	_chk/extensions/ObjectVariables.ext	3193	7014bd5e5289c2074afb41b9a5fd1ba01e5b5f2323e9f0015fc2f0920107772f	只读-禁改	上游4e8762e只读副本,禁止覆盖源码树
上游参考副本	二进制	上游原版	_chk/extensions/StackTracePlus/LICENSE	1077	5288be437f496001ee58dc5c8a5e926af8286adf2db003cdc72087e7bb576512	只读-禁改	上游4e8762e只读副本,禁止覆盖源码树
上游参考副本	文档	上游原版	_chk/extensions/StackTracePlus/README.md	4209	a6e4189ae5eb877e81372abc9d7e6d9ab7ac5e083d50a8ddb600fc832ae36550	只读-禁改	上游4e8762e只读副本,禁止覆盖源码树
上游参考副本	ext	上游原版	_chk/extensions/StackTracePlus/StackTracePlus.ext	12166	4b6ff214aabcbf0ffe85fbbf0b7d3c4a752445f8384b85a75b00fd028018a88e	只读-禁改	上游4e8762e只读副本,禁止覆盖源码树
上游参考副本	ext	上游原版	_chk/extensions/_Misc.ext	507	5c62df9926ca212673cbc02f2054922da236370d3ced541ad8ab8457fb3e9529	只读-禁改	上游4e8762e只读副本,禁止覆盖源码树
上游参考副本	inc	上游原版	_chk/gearset_ns.inc	38586	acf3497e5d772b145e700c726576ef3d7fcf298a3d41b6a52f52f3492e963340	只读-禁改	上游4e8762e只读副本,禁止覆盖源码树
上游参考副本	C++	上游原版	_chk/hooks/BattleGroundHooks.cpp	1487	885dd3f7d1f55cdbe71a8ff47a3f459f8b346b550dae366f442eb75f369dab5d	只读-禁改	上游4e8762e只读副本,禁止覆盖源码树
上游参考副本	C++	上游原版	_chk/hooks/CreatureHooks.cpp	11708	bba3077781314b53d91e1ee6e03228a5ca528e44d5dd747fb0641f4149c6f6f4	只读-禁改	上游4e8762e只读副本,禁止覆盖源码树
上游参考副本	C++	上游原版	_chk/hooks/GameObjectHooks.cpp	4340	659ce7111085299f976dc24a25dbe2db8754e0de25e64d82ecd6b8db15b6f841	只读-禁改	上游4e8762e只读副本,禁止覆盖源码树
上游参考副本	C++	上游原版	_chk/hooks/GossipHooks.cpp	6200	2da7ddb0333a9e3b1d81caf13fe246bc4387b25b92d4021a78df97790e9e246f	只读-禁改	上游4e8762e只读副本,禁止覆盖源码树
上游参考副本	C++	上游原版	_chk/hooks/GroupHooks.cpp	2225	501e4df19bf347d1b831caeca8bd3fceb389e1178324e52f9bea1202f34406ec	只读-禁改	上游4e8762e只读副本,禁止覆盖源码树
上游参考副本	C++	上游原版	_chk/hooks/GuildHooks.cpp	5589	3815a8b7334a85b1f006428fb0f99b5ee722cb7de2eb11a9100883b15b2ee031	只读-禁改	上游4e8762e只读副本,禁止覆盖源码树
上游参考副本	C++	上游原版	_chk/hooks/HookHelpers.h	9821	8f3096b7d361f74388850138ddb44b598a56557f58d221aaa87b58e11068f681	只读-禁改	上游4e8762e只读副本,禁止覆盖源码树
上游参考副本	C++	上游原版	_chk/hooks/Hooks.h	23218	d04813c0b5c4100951e0237e13712e55d1be13db056dd421f50d94dddff95227	只读-禁改	上游4e8762e只读副本,禁止覆盖源码树
上游参考副本	C++	上游原版	_chk/hooks/InstanceHooks.cpp	3081	b065fc7d296b710346113e9a8b64f9d924e6199370d34876f2173febfb18aab4	只读-禁改	上游4e8762e只读副本,禁止覆盖源码树
上游参考副本	C++	上游原版	_chk/hooks/ItemHooks.cpp	4366	149ec4118d1d1b243fd1ab3602edd1973036c3a5d165a6c2c875bad1c01388c5	只读-禁改	上游4e8762e只读副本,禁止覆盖源码树
上游参考副本	C++	上游原版	_chk/hooks/PacketHooks.cpp	4139	337bdbffe5fca9fee1f943f038dbc391b161ced359f7f1e7db6376f975615afa	只读-禁改	上游4e8762e只读副本,禁止覆盖源码树
上游参考副本	C++	上游原版	_chk/hooks/PlayerHooks.cpp	16948	d45f7aad1669b92152b8fd2fffebacd187c73a91d2e35d9e863d0627327df4f6	只读-禁改	上游4e8762e只读副本,禁止覆盖源码树
上游参考副本	C++	上游原版	_chk/hooks/ServerHooks.cpp	9484	f870aa37b96848416febcaebf544e465bd54ac51e7f4496ad27031bb7c9c4faa	只读-禁改	上游4e8762e只读副本,禁止覆盖源码树
上游参考副本	C++	上游原版	_chk/hooks/SpellHooks.cpp	9176	ceec5566092ff8a4ba952357565bf66819321a9588afcff5095ad726caba21bb	只读-禁改	上游4e8762e只读副本,禁止覆盖源码树
上游参考副本	C++	上游原版	_chk/hooks/VehicleHooks.cpp	1553	e7b60584d5bf25bf09793387a490583f98620311bc18e4d4fab957bd2f2fcc1c	只读-禁改	上游4e8762e只读副本,禁止覆盖源码树
上游参考副本	C++	上游原版	_chk/lmarshal.cpp	16340	760593c4143cfe301aac06786ea34f05871d3a322c8b225d17c2958f9fc783a8	只读-禁改	上游4e8762e只读副本,禁止覆盖源码树
上游参考副本	C++	上游原版	_chk/lmarshal.h	309	1f8a95dcf825aadc5f12faaa133e8d5cc743ab2870eb2332915e41edc250e68b	只读-禁改	上游4e8762e只读副本,禁止覆盖源码树
上游参考副本	二进制	上游原版	_chk/logic_test	101880	b5009f9f940502106640de3f96047f3373bce669185ec94c47af7360809e1c1b	只读-禁改	上游4e8762e只读副本,禁止覆盖源码树
上游参考副本	C++	上游原版	_chk/logic_test.cpp	3949	e316b4fdee8843fd6504767451c465327c4e32f2e392b6a84e9412aeead6f808	只读-禁改	上游4e8762e只读副本,禁止覆盖源码树
上游参考副本	C++	上游原版	_chk/methods/AzerothCore/AuraEffectMethods.h	8795	6585e260b02934e13fc3e3309814884e6cf1f7e6fe0a524c07be2172556514cb	只读-禁改	上游4e8762e只读副本,禁止覆盖源码树
上游参考副本	C++	上游原版	_chk/methods/AzerothCore/AuraMethods.h	5186	5b5430041244939fc48927f4430959e438f4f02c382cac1fc2865e2bd2db6770	只读-禁改	上游4e8762e只读副本,禁止覆盖源码树
上游参考副本	C++	上游原版	_chk/methods/AzerothCore/BattleGroundMethods.h	6429	1a38f7f1f1a14a953658498a3448a2ff0894bb7fbe1fb510acdfb289dfda45de	只读-禁改	上游4e8762e只读副本,禁止覆盖源码树
上游参考副本	C++	上游原版	_chk/methods/AzerothCore/BigIntMethods.h	3765	73a62bde5687db44d55bd67fe378930ced29a9b029b9be5e0afc5e26338423de	只读-禁改	上游4e8762e只读副本,禁止覆盖源码树
上游参考副本	C++	上游原版	_chk/methods/AzerothCore/CorpseMethods.h	2048	901536c842540db133bd583200c694316348eba3caa74b8b47f1623c64d3f708	只读-禁改	上游4e8762e只读副本,禁止覆盖源码树
上游参考副本	C++	上游原版	_chk/methods/AzerothCore/CreatureMethods.h	44587	74eadd6084e7a3a4fa48344158186772ec262bf5eacada3b57ed984d1ea1c063	只读-禁改	上游4e8762e只读副本,禁止覆盖源码树
上游参考副本	C++	上游原版	_chk/methods/AzerothCore/ElunaProcInfoMethods.h	9540	fe9fb2f1938647f56a1f9bcfd3387a5dd1bce6695d5d21de886bcf02f57fd0e2	只读-禁改	上游4e8762e只读副本,禁止覆盖源码树
上游参考副本	C++	上游原版	_chk/methods/AzerothCore/ElunaQueryMethods.h	9556	66ad993a63013e75be644953c7798992edf35bc8964357cb9c1c7c0fb2b7697b	只读-禁改	上游4e8762e只读副本,禁止覆盖源码树
上游参考副本	C++	上游原版	_chk/methods/AzerothCore/GameObjectMethods.h	9520	eb6520b399e53ac193d4d539742116497b0aca51af3eb53ffdd0a75046e77d36	只读-禁改	上游4e8762e只读副本,禁止覆盖源码树
上游参考副本	C++	上游原版	_chk/methods/AzerothCore/GlobalMethods.h	132736	52a1f6e183f7aeb4e4fd0f37620cd4a70167ac23872a04666f9c4fddfd3fe2a8	只读-禁改	上游4e8762e只读副本,禁止覆盖源码树
上游参考副本	C++	上游原版	_chk/methods/AzerothCore/GroupMethods.h	13215	a0bff8def3a18d01e6ec51373bf90bdacf0164484952cf0562f24362c616eb0e	只读-禁改	上游4e8762e只读副本,禁止覆盖源码树
上游参考副本	C++	上游原版	_chk/methods/AzerothCore/GuildMethods.h	8073	6ce5612feefdb6dcae9662e2b8784c28f316099b371f15a8ea562fbf93759103	只读-禁改	上游4e8762e只读副本,禁止覆盖源码树
上游参考副本	C++	上游原版	_chk/methods/AzerothCore/ItemMethods.h	25816	5a386d3faa09234e4005bb3b88c1c9819f6f2cff17bd79ab9ee670d2513206b6	只读-禁改	上游4e8762e只读副本,禁止覆盖源码树
上游参考副本	C++	上游原版	_chk/methods/AzerothCore/MapMethods.h	10214	a445950f6feafecf880d30a93e8270728974efe0cd977e6476bc8708a923bf6c	只读-禁改	上游4e8762e只读副本,禁止覆盖源码树
上游参考副本	C++	上游原版	_chk/methods/AzerothCore/ObjectMethods.h	14247	c155e9bfeeb34e7ac2dc6633b9d3d8d9a3116ba6631e2d8f636a1c377ac07071	只读-禁改	上游4e8762e只读副本,禁止覆盖源码树
上游参考副本	C++	上游原版	_chk/methods/AzerothCore/PlayerMethods.h	119507	5c6c2a66b032bb7d76eafd309aada34a45b2d6f9fc71b860022a7f85e20705af	只读-禁改	上游4e8762e只读副本,禁止覆盖源码树
上游参考副本	C++	上游原版	_chk/methods/AzerothCore/QuestMethods.h	6166	584cdebd3f2b45173b56b258ebbdd59ca952cb3906e7547ac6ce19b7b6aac1f3	只读-禁改	上游4e8762e只读副本,禁止覆盖源码树
上游参考副本	C++	上游原版	_chk/methods/AzerothCore/SpellInfoMethods.h	88821	661470b34c96d35ec3f2803562876b4ec629bd445dc286396dc35258396f165a	只读-禁改	上游4e8762e只读副本,禁止覆盖源码树
上游参考副本	C++	上游原版	_chk/methods/AzerothCore/SpellMethods.h	4750	b011696fed58d1cb3d5cfe41174dd1dc9726828df29d7dce924394906e660382	只读-禁改	上游4e8762e只读副本,禁止覆盖源码树
上游参考副本	C++	上游原版	_chk/methods/AzerothCore/UnitMethods.h	75052	992717b3cddb3039bbb9e7483f8739583a1f723182f09264f941eeaba5d6b694	只读-禁改	上游4e8762e只读副本,禁止覆盖源码树
上游参考副本	C++	上游原版	_chk/methods/AzerothCore/VehicleMethods.h	2498	63f39d7ac42900f3cb6a1cde9ebea9ebf08f67d98c8704fcd4ac0f41a6315edb	只读-禁改	上游4e8762e只读副本,禁止覆盖源码树
上游参考副本	C++	上游原版	_chk/methods/AzerothCore/WorldObjectMethods.h	40250	459085f732a024bb0e16d95c532dfc397dd698af214c356dd6bade41b20b7ad3	只读-禁改	上游4e8762e只读副本,禁止覆盖源码树
上游参考副本	C++	上游原版	_chk/methods/AzerothCore/WorldPacketMethods.h	8967	a2ed522e7a7afdfdebb8cb86c06b11325e11ee88696d5eacb7507a5539b7084f	只读-禁改	上游4e8762e只读副本,禁止覆盖源码树
上游参考副本	C++	上游原版	_chk/methods/CMangos/AuraMethods.h	5714	482671dd4c5beefe82b8b221565a05be2c9d0f4fe149bb6db2a04df06e675ca2	只读-禁改	上游4e8762e只读副本,禁止覆盖源码树
上游参考副本	C++	上游原版	_chk/methods/CMangos/BattleGroundMethods.h	6483	97a3256db57cdc8ea7d36a60d80a2066a92ee9e3e49f8471c6d84bb3e9aebbbf	只读-禁改	上游4e8762e只读副本,禁止覆盖源码树
上游参考副本	C++	上游原版	_chk/methods/CMangos/BigIntMethods.h	3766	7a1061e4e3d12b473277f74128c9f0e2a5826345814939be83fde6dcab5df655	只读-禁改	上游4e8762e只读副本,禁止覆盖源码树
上游参考副本	C++	上游原版	_chk/methods/CMangos/CorpseMethods.h	2066	19bb3b58db4799c2255c61ca39cd035766a248be498be75782020f18938850b6	只读-禁改	上游4e8762e只读副本,禁止覆盖源码树
上游参考副本	C++	上游原版	_chk/methods/CMangos/CreatureMethods.h	40724	8b48cec9b537ee00b27739cc8b92db84394c6afd03ce109dccc3d0535ba05b1b	只读-禁改	上游4e8762e只读副本,禁止覆盖源码树
上游参考副本	C++	上游原版	_chk/methods/CMangos/ElunaQueryMethods.h	9541	373d790d9605914300668f767d04f6fec773442cef0809efc7cd2fe93450baa8	只读-禁改	上游4e8762e只读副本,禁止覆盖源码树
上游参考副本	C++	上游原版	_chk/methods/CMangos/GameObjectMethods.h	9596	f9269f3c858c2f5c02428d9f1e78cd0237803ec8ac019e0bb8974b8c28c06a8c	只读-禁改	上游4e8762e只读副本,禁止覆盖源码树
上游参考副本	C++	上游原版	_chk/methods/CMangos/GlobalMethods.h	131607	b03509b717f740b51ba7a77614fcbfb43bdc1a593d9158c3cf7fa66cfc4a8d11	只读-禁改	上游4e8762e只读副本,禁止覆盖源码树
上游参考副本	C++	上游原版	_chk/methods/CMangos/GroupMethods.h	11699	5c458d8022de5fb7ac368489ba30c4ebe193ee61b1d28c6061e7b0e2fcc88189	只读-禁改	上游4e8762e只读副本,禁止覆盖源码树
上游参考副本	C++	上游原版	_chk/methods/CMangos/GuildMethods.h	7740	7b70abb9b7dffd61702199a8f475648f41e1e1088d5d49b69c420838446c55b5	只读-禁改	上游4e8762e只读副本,禁止覆盖源码树
上游参考副本	C++	上游原版	_chk/methods/CMangos/ItemMethods.h	26510	df46b2a80a3a7d679025b2eb12f892020d636893d45a48b2830323b131898cd1	只读-禁改	上游4e8762e只读副本,禁止覆盖源码树
上游参考副本	C++	上游原版	_chk/methods/CMangos/MapMethods.h	9616	e71c6098474337e6a40be4dcb2052feaccc59beca8d4c4f996622917a84ad692	只读-禁改	上游4e8762e只读副本,禁止覆盖源码树
上游参考副本	C++	上游原版	_chk/methods/CMangos/ObjectMethods.h	14289	99e6126edf613a1f7c4016afd63259334f85d3da13f46fdc91597e81ddfda795	只读-禁改	上游4e8762e只读副本,禁止覆盖源码树
上游参考副本	C++	上游原版	_chk/methods/CMangos/PlayerMethods.h	117073	e326acb4c8b7ba261eb69e12e8921c6ad3ec70056d5b9b2684648e5b064bf16e	只读-禁改	上游4e8762e只读副本,禁止覆盖源码树
上游参考副本	C++	上游原版	_chk/methods/CMangos/QuestMethods.h	6507	a0d4242a89f5308428616e91d04be2244596c7f1b4a86df0c640582c431c582a	只读-禁改	上游4e8762e只读副本,禁止覆盖源码树
上游参考副本	C++	上游原版	_chk/methods/CMangos/SpellMethods.h	4713	76f5042899d46b7a16795b9e8eda84309b507c3fc672b2dc93604c2421cb0835	只读-禁改	上游4e8762e只读副本,禁止覆盖源码树
上游参考副本	C++	上游原版	_chk/methods/CMangos/UnitMethods.h	75555	e2a26fb50b6700cb568434c2c389e2380052eade282f5597b636f78e663d50fc	只读-禁改	上游4e8762e只读副本,禁止覆盖源码树
上游参考副本	C++	上游原版	_chk/methods/CMangos/VehicleMethods.h	2592	3d36059666814516a805109186f34232e02ae217dbb2a63e528693a76c4fcbed	只读-禁改	上游4e8762e只读副本,禁止覆盖源码树
上游参考副本	C++	上游原版	_chk/methods/CMangos/WorldObjectMethods.h	41244	8732e59ff336f32e84217c97cf87ac9372463dbeeeabc281f949651faf858581	只读-禁改	上游4e8762e只读副本,禁止覆盖源码树
上游参考副本	C++	上游原版	_chk/methods/CMangos/WorldPacketMethods.h	9058	a9b4d6ce04387aae2abf7b18001fdacb346c041c572f96dfe90930a2ac05f175	只读-禁改	上游4e8762e只读副本,禁止覆盖源码树
上游参考副本	C++	上游原版	_chk/methods/CustomMethodsInterface.h	443	600a2099c39013701a33b61bbecd774ca1fdb75b956982954410d02f0ad9da87	只读-禁改	上游4e8762e只读副本,禁止覆盖源码树
上游参考副本	C++	上游原版	_chk/methods/Mangos/AuraMethods.h	5665	4aef0ef3e87692c0d8a31449af017b4654389939ca7457aa2d32da6a6ed3f0b3	只读-禁改	上游4e8762e只读副本,禁止覆盖源码树
上游参考副本	C++	上游原版	_chk/methods/Mangos/BattleGroundMethods.h	6465	1464572528a9bbac4cdf6b81dac26a0f26985d9dce269370594bff3910b9835d	只读-禁改	上游4e8762e只读副本,禁止覆盖源码树
上游参考副本	C++	上游原版	_chk/methods/Mangos/BigIntMethods.h	3766	7a1061e4e3d12b473277f74128c9f0e2a5826345814939be83fde6dcab5df655	只读-禁改	上游4e8762e只读副本,禁止覆盖源码树
上游参考副本	C++	上游原版	_chk/methods/Mangos/CorpseMethods.h	2066	19bb3b58db4799c2255c61ca39cd035766a248be498be75782020f18938850b6	只读-禁改	上游4e8762e只读副本,禁止覆盖源码树
上游参考副本	C++	上游原版	_chk/methods/Mangos/CreatureMethods.h	37423	c5968ae8a67c4c0507422bfe4ef7ed0a738a61c52eb24cb0e1b54e2497ce6e69	只读-禁改	上游4e8762e只读副本,禁止覆盖源码树
上游参考副本	C++	上游原版	_chk/methods/Mangos/ElunaQueryMethods.h	9543	7e1c81502e799db51ad6749e8ccb5dc04f0251b6d186bfb5e558c53261fd0a4d	只读-禁改	上游4e8762e只读副本,禁止覆盖源码树
上游参考副本	C++	上游原版	_chk/methods/Mangos/GameObjectMethods.h	9372	8a6ea4f967b348ee5f142f05af2c0c4c746d2ddc9dfb9e0502f53607e559b094	只读-禁改	上游4e8762e只读副本,禁止覆盖源码树
上游参考副本	C++	上游原版	_chk/methods/Mangos/GlobalMethods.h	121016	b94ae73e109de369a376d9c89d90c17be79e8601fc894b45e47236080cfc2cc2	只读-禁改	上游4e8762e只读副本,禁止覆盖源码树
上游参考副本	C++	上游原版	_chk/methods/Mangos/GroupMethods.h	11554	471cb9c783555d8c4fd4842ba57ae459444ee82a2cba6b6a863f454e9a9516a8	只读-禁改	上游4e8762e只读副本,禁止覆盖源码树
上游参考副本	C++	上游原版	_chk/methods/Mangos/GuildMethods.h	7223	11d592393daa1729b953954bc98480f0193fa49b5539cad554f5dde1a13a4940	只读-禁改	上游4e8762e只读副本,禁止覆盖源码树
上游参考副本	C++	上游原版	_chk/methods/Mangos/ItemMethods.h	23074	e0ae57261e9fe6aca54da5f770555f4baf6e8183afca30d81c37f1913c1952db	只读-禁改	上游4e8762e只读副本,禁止覆盖源码树
上游参考副本	C++	上游原版	_chk/methods/Mangos/MapMethods.h	9559	f6cf6448372fa0769e4767dcb4e9b898610169817c14e95b09550b1d3add5b0f	只读-禁改	上游4e8762e只读副本,禁止覆盖源码树
上游参考副本	C++	上游原版	_chk/methods/Mangos/ObjectMethods.h	14289	99e6126edf613a1f7c4016afd63259334f85d3da13f46fdc91597e81ddfda795	只读-禁改	上游4e8762e只读副本,禁止覆盖源码树
上游参考副本	C++	上游原版	_chk/methods/Mangos/PlayerMethods.h	114251	4eaed6edeabb31d5958e0f74e954c2a32f4c8d23ca95c46b4b131bbbe3d95eb3	只读-禁改	上游4e8762e只读副本,禁止覆盖源码树
上游参考副本	C++	上游原版	_chk/methods/Mangos/QuestMethods.h	6477	f657c0009b3e09d768f77398a4843ac644f882c73b51b820616cf3937c8cf003	只读-禁改	上游4e8762e只读副本,禁止覆盖源码树
上游参考副本	C++	上游原版	_chk/methods/Mangos/SpellMethods.h	4715	0495ebc56e25d506dd2cbb1e9d52b388d0d23125f2c2a4003542ce924b7dd120	只读-禁改	上游4e8762e只读副本,禁止覆盖源码树
上游参考副本	C++	上游原版	_chk/methods/Mangos/UnitMethods.h	74806	077581ec8800ada6e74a95ac660ad2085166fe24f6665736c0648bb4c214e8ec	只读-禁改	上游4e8762e只读副本,禁止覆盖源码树
上游参考副本	C++	上游原版	_chk/methods/Mangos/VehicleMethods.h	2587	229b598dad2f0976a176a91a018680821c944d13d5091ff2c121ddd4e1cd89c2	只读-禁改	上游4e8762e只读副本,禁止覆盖源码树
上游参考副本	C++	上游原版	_chk/methods/Mangos/WorldObjectMethods.h	41102	5d5145d81de85e334d5ff8dcd5324dd2633b29c9b5da46c120b46063dabc2f2c	只读-禁改	上游4e8762e只读副本,禁止覆盖源码树
上游参考副本	C++	上游原版	_chk/methods/Mangos/WorldPacketMethods.h	8967	a2ed522e7a7afdfdebb8cb86c06b11325e11ee88696d5eacb7507a5539b7084f	只读-禁改	上游4e8762e只读副本,禁止覆盖源码树
上游参考副本	C++	上游原版	_chk/methods/Methods.cpp	5339	9101452b72a915989e228c0af99198beeb9c86350741c2ecc6c853a61646f23f	只读-禁改	上游4e8762e只读副本,禁止覆盖源码树
上游参考副本	文档	上游原版	_chk/methods/README.md	1060	332081cbd748ca5b4a63ed1d8788cc7c3a87354433e41b268820f83cbb4044f4	只读-禁改	上游4e8762e只读副本,禁止覆盖源码树
上游参考副本	C++	上游原版	_chk/methods/TrinityCore/AuraEffectMethods.h	9060	7dece3645535703d812ec31e7a6d9fb9c7e1a3bdc613e2e86de5692ec2481ba9	只读-禁改	上游4e8762e只读副本,禁止覆盖源码树
上游参考副本	C++	上游原版	_chk/methods/TrinityCore/AuraMethods.h	5510	24dc09ceb5e15f3a291dbb08b680ee07e685ae020f6cab3653575eb06f9b9512	只读-禁改	上游4e8762e只读副本,禁止覆盖源码树
上游参考副本	C++	上游原版	_chk/methods/TrinityCore/BattleGroundMethods.h	6544	b1f8c829cb6a99976b7efe34404e442f0b0d630cb7852ccf2d1b76e2396685a8	只读-禁改	上游4e8762e只读副本,禁止覆盖源码树
上游参考副本	C++	上游原版	_chk/methods/TrinityCore/BigIntMethods.h	3765	73a62bde5687db44d55bd67fe378930ced29a9b029b9be5e0afc5e26338423de	只读-禁改	上游4e8762e只读副本,禁止覆盖源码树
上游参考副本	C++	上游原版	_chk/methods/TrinityCore/CorpseMethods.h	2048	901536c842540db133bd583200c694316348eba3caa74b8b47f1623c64d3f708	只读-禁改	上游4e8762e只读副本,禁止覆盖源码树
上游参考副本	C++	上游原版	_chk/methods/TrinityCore/CreatureMethods.h	45198	11188492045ca26f958906dcd317e46ea43665a29528ade97ef3774a826cfd31	只读-禁改	上游4e8762e只读副本,禁止覆盖源码树
上游参考副本	C++	上游原版	_chk/methods/TrinityCore/ElunaProcInfoMethods.h	9530	f8b1437e3a9ee569c5e0f60e56e2dd875c669dfd39917ef4673bdfe9030fbf32	只读-禁改	上游4e8762e只读副本,禁止覆盖源码树
上游参考副本	C++	上游原版	_chk/methods/TrinityCore/ElunaQueryMethods.h	10342	a38be15779ef6e860b03a87255cb58494f5383fa42a6658edd16467c750e415f	只读-禁改	上游4e8762e只读副本,禁止覆盖源码树
上游参考副本	C++	上游原版	_chk/methods/TrinityCore/GameObjectMethods.h	9546	30ba18b36ec692bb25015a25a813f47d0c3bb0e8bec49affc130b7b4f28dca79	只读-禁改	上游4e8762e只读副本,禁止覆盖源码树
上游参考副本	C++	上游原版	_chk/methods/TrinityCore/GlobalMethods.h	133492	6b439ba1273e5048a9619251b548e0400865dae20fc881b87ce7b9b662d80178	只读-禁改	上游4e8762e只读副本,禁止覆盖源码树
上游参考副本	C++	上游原版	_chk/methods/TrinityCore/GroupMethods.h	13782	7539e0d949b413ee019735aa585197ad29babab87b1757c6866b4797d2075794	只读-禁改	上游4e8762e只读副本,禁止覆盖源码树
上游参考副本	C++	上游原版	_chk/methods/TrinityCore/GuildMethods.h	8264	33f2821b79a52c8ae4f4202643eb1cd82872872d836cf05d376109e46c78e25c	只读-禁改	上游4e8762e只读副本,禁止覆盖源码树
上游参考副本	C++	上游原版	_chk/methods/TrinityCore/ItemMethods.h	25816	af051aee3f1fcb8ab29cfaccc12b7b7741f8679456f217c8e40e64291298e077	只读-禁改	上游4e8762e只读副本,禁止覆盖源码树
上游参考副本	C++	上游原版	_chk/methods/TrinityCore/MapMethods.h	10277	b581b06025f55b302678e750b43546943639e79fd8f7c988e80d52aeda5772f8	只读-禁改	上游4e8762e只读副本,禁止覆盖源码树
上游参考副本	C++	上游原版	_chk/methods/TrinityCore/ObjectMethods.h	14247	c155e9bfeeb34e7ac2dc6633b9d3d8d9a3116ba6631e2d8f636a1c377ac07071	只读-禁改	上游4e8762e只读副本,禁止覆盖源码树
上游参考副本	C++	上游原版	_chk/methods/TrinityCore/PlayerMethods.h	119297	0d69539363a17b249126d8ed0ef54290e69b54ec8384956d2df2aaf3e278bfec	只读-禁改	上游4e8762e只读副本,禁止覆盖源码树
上游参考副本	C++	上游原版	_chk/methods/TrinityCore/QuestMethods.h	6736	ed8d1c3372312583c5082e02e0c988327c561711396104cf6b344dceb1f37f47	只读-禁改	上游4e8762e只读副本,禁止覆盖源码树
上游参考副本	C++	上游原版	_chk/methods/TrinityCore/SpellInfoMethods.h	94864	08bb1f582a42fdaee8b29a30d6a7f1d06be914add0dcc5ecaa12c000caffe339	只读-禁改	上游4e8762e只读副本,禁止覆盖源码树
上游参考副本	C++	上游原版	_chk/methods/TrinityCore/SpellMethods.h	15565	7acd11fb4ab6537bdf0c9d298b34b66f898bc4ac3a4fc2710dc29ebfb4af750b	只读-禁改	上游4e8762e只读副本,禁止覆盖源码树
上游参考副本	C++	上游原版	_chk/methods/TrinityCore/UnitMethods.h	78237	1a01454064716e43698e9c453cc22cd9bf6bbe6f6c7d7ebd3062aeb26c664df3	只读-禁改	上游4e8762e只读副本,禁止覆盖源码树
上游参考副本	C++	上游原版	_chk/methods/TrinityCore/VehicleMethods.h	2496	6daba607a3a1f2ffe145af7ae8c2f27826a6c549939982257e7d896fd75c0140	只读-禁改	上游4e8762e只读副本,禁止覆盖源码树
上游参考副本	C++	上游原版	_chk/methods/TrinityCore/WorldObjectMethods.h	40781	dd5fab1aadcc4959767fd5905de695726b244ac4ec567eb61fca016ac4094107	只读-禁改	上游4e8762e只读副本,禁止覆盖源码树
上游参考副本	C++	上游原版	_chk/methods/TrinityCore/WorldPacketMethods.h	8967	a2ed522e7a7afdfdebb8cb86c06b11325e11ee88696d5eacb7507a5539b7084f	只读-禁改	上游4e8762e只读副本,禁止覆盖源码树
上游参考副本	C++	上游原版	_chk/methods/VMangos/AuraMethods.h	5457	b9fd223ab7cbbd563a79673ab9035ef1ce244e10da02b12ad80e92eb826e7d9a	只读-禁改	上游4e8762e只读副本,禁止覆盖源码树
上游参考副本	C++	上游原版	_chk/methods/VMangos/BattleGroundMethods.h	6382	24af5ac9791c95758912e735a9569058d5c2516a114f5c4e65e8f83e2bf5b4aa	只读-禁改	上游4e8762e只读副本,禁止覆盖源码树
上游参考副本	C++	上游原版	_chk/methods/VMangos/BigIntMethods.h	3766	7a1061e4e3d12b473277f74128c9f0e2a5826345814939be83fde6dcab5df655	只读-禁改	上游4e8762e只读副本,禁止覆盖源码树
上游参考副本	C++	上游原版	_chk/methods/VMangos/CorpseMethods.h	2066	19bb3b58db4799c2255c61ca39cd035766a248be498be75782020f18938850b6	只读-禁改	上游4e8762e只读副本,禁止覆盖源码树
上游参考副本	C++	上游原版	_chk/methods/VMangos/CreatureMethods.h	37684	57fd1bc80103f478afaed3985484ec5ef00e5455a42b04dda1b7e8eddff5e37f	只读-禁改	上游4e8762e只读副本,禁止覆盖源码树
上游参考副本	C++	上游原版	_chk/methods/VMangos/ElunaQueryMethods.h	9541	373d790d9605914300668f767d04f6fec773442cef0809efc7cd2fe93450baa8	只读-禁改	上游4e8762e只读副本,禁止覆盖源码树
上游参考副本	C++	上游原版	_chk/methods/VMangos/GameObjectMethods.h	9581	2fa704497d0662ee0a4fd334da09cc31823029804d247ef9876a0b8888b5686a	只读-禁改	上游4e8762e只读副本,禁止覆盖源码树
上游参考副本	C++	上游原版	_chk/methods/VMangos/GlobalMethods.h	120518	72c479ed0289d04bfea5ff2b00a44d7b52a5663c42557fef24b33697f6e22279	只读-禁改	上游4e8762e只读副本,禁止覆盖源码树
上游参考副本	C++	上游原版	_chk/methods/VMangos/GroupMethods.h	11046	adc500ce858d160792fae9d9b4d62fa7cbd23207bff97d81772387376fd2830e	只读-禁改	上游4e8762e只读副本,禁止覆盖源码树
上游参考副本	C++	上游原版	_chk/methods/VMangos/GuildMethods.h	7010	9b166671635cba70bda29416523735db5d734d35cde21c8fd7748ca6e2a5311f	只读-禁改	上游4e8762e只读副本,禁止覆盖源码树
上游参考副本	C++	上游原版	_chk/methods/VMangos/ItemMethods.h	22213	cb791ef0dc77d14a904ad0982199a34bc5fc760bb57d1b41948eb50b7739138c	只读-禁改	上游4e8762e只读副本,禁止覆盖源码树
上游参考副本	C++	上游原版	_chk/methods/VMangos/MapMethods.h	7815	53408d41ed65f71cbbc64cae43e35ed55b466b443013e85a122a86758c78732f	只读-禁改	上游4e8762e只读副本,禁止覆盖源码树
上游参考副本	C++	上游原版	_chk/methods/VMangos/ObjectMethods.h	14286	9b0aea8fe1608ad416043ebd7415decfb5da6a4ec1f5d9fc78eeea9d4567c3cb	只读-禁改	上游4e8762e只读副本,禁止覆盖源码树
上游参考副本	C++	上游原版	_chk/methods/VMangos/PlayerMethods.h	105134	6afdb15cefaa77b7dcabbe7ea8daaf34a13a5aaf8bf9ed85f3ed092e0f2f66ac	只读-禁改	上游4e8762e只读副本,禁止覆盖源码树
上游参考副本	C++	上游原版	_chk/methods/VMangos/QuestMethods.h	6288	c03596cb4d18c3bf3dda8380b6538e481c75171c5d96786c40c045e78cb817c6	只读-禁改	上游4e8762e只读副本,禁止覆盖源码树
上游参考副本	C++	上游原版	_chk/methods/VMangos/SpellMethods.h	4713	d10061174d1097148b7d0047228f4dc3fc97002728df169889547752d8bc026d	只读-禁改	上游4e8762e只读副本,禁止覆盖源码树
上游参考副本	C++	上游原版	_chk/methods/VMangos/UnitMethods.h	74238	3f4617034f1898eca6656842673b49c4e63f9621d571f27ba9ccf945b43381a0	只读-禁改	上游4e8762e只读副本,禁止覆盖源码树
上游参考副本	C++	上游原版	_chk/methods/VMangos/VehicleMethods.h	3058	784b78a4cbfe29e5c91003376ac3344de1a81d72b4303e631de9eca4a0deec94	只读-禁改	上游4e8762e只读副本,禁止覆盖源码树
上游参考副本	C++	上游原版	_chk/methods/VMangos/WorldObjectMethods.h	39047	83968c48ad9d18ee7df807b69274c4f1c4f5c587e135f00358110a2fde301bc7	只读-禁改	上游4e8762e只读副本,禁止覆盖源码树
上游参考副本	C++	上游原版	_chk/methods/VMangos/WorldPacketMethods.h	8966	6a3a2ed3aee12ef9771256b0b441740aff0054d7a6267f3bface542e337d8c01	只读-禁改	上游4e8762e只读副本,禁止覆盖源码树
上游参考副本	二进制	上游原版	_chk/modules/.gitignore	24	56e3aa0944381e2681efc2dc46e601e282dbf5633d4eb70ab9e8ef9fcab32c79	只读-禁改	上游4e8762e只读副本,禁止覆盖源码树
上游参考副本	文档	上游原版	_chk/modules/readme.md	2008	881852ee2f93d410bee3c24791757591e9046ee0f777e5dbffebb082da0047c5	只读-禁改	上游4e8762e只读副本,禁止覆盖源码树
上游参考副本	C++	上游原版	_chk/stub.h	6993	6414469aff08df62716bf2ce8123fbbf6a8e8012b716fd28b06ad24d255490f4	只读-禁改	上游4e8762e只读副本,禁止覆盖源码树
上游参考副本	二进制	上游原版	_chk/test	212952	807edbd0655204efc55a7823bdfadbed9b5ca6cb6b8217e1e551d29c0041e504	只读-禁改	上游4e8762e只读副本,禁止覆盖源码树
上游参考副本	C++	上游原版	_chk/test.cpp	1290	47aad755a313b1cdf4f6ee3c8213fead3eb7f3a0954cdeaf7f8da847b2c9f12c	只读-禁改	上游4e8762e只读副本,禁止覆盖源码树
上游参考副本	C++	上游原版	src/AccountMgr.cpp	18826	307b07563246cd171f4a6ab95acd4d1477a5816ae928c2c40febe56716211c61	只读-禁改	上游4e8762e只读副本,禁止覆盖源码树
上游参考副本	C++	上游原版	src/CC.cpp	19751	bec2d82bc59f1369ab71df9cfcf5ec91d8065bb66110fabdfc62c46663f6f12d	只读-禁改	上游4e8762e只读副本,禁止覆盖源码树
上游参考副本	C++	上游原版	src/Cell.h	4171	e6c3eaca84019c4a265f22cd8fb35e6b80e86330e7c504b5c46ee8cc9281ac65	只读-禁改	上游4e8762e只读副本,禁止覆盖源码树
上游参考副本	C++	上游原版	src/CellImpl.h	9143	d20392d9e42b6740b8f4618392f4aa7ab1482157b4ae01230e5e1009b7cbfc97	只读-禁改	上游4e8762e只读副本,禁止覆盖源码树
上游参考副本	C++	上游原版	src/CharPackets.cpp	89211	4c8690cf016bea9a2257639a260adefcf3580a419e1e5757077435aaf249904f	只读-禁改	上游4e8762e只读副本,禁止覆盖源码树
上游参考副本	C++	上游原版	src/CharPkt.h	9885	a8315658723e537f0c244812d1bbed8ae302e04d5053c5e3a086729f698c5051	只读-禁改	上游4e8762e只读副本,禁止覆盖源码树
上游参考副本	C++	上游原版	src/Chat.cpp	22522	ab11b8181c58f413cd88e737197dc9cfd5f973a520a577b0ae79cb51eb8099cc	只读-禁改	上游4e8762e只读副本,禁止覆盖源码树
上游参考副本	C++	上游原版	src/Chat.h	7157	c3b636232482397b07ceae49a34b36ad787e153b82ad7ea5123fd246343ace5a	只读-禁改	上游4e8762e只读副本,禁止覆盖源码树
上游参考副本	C++	上游原版	src/Creature.h	27668	df16854167508a1dbae16b8cb9c5840c33dac1c575f956d6465b019f234618f0	只读-禁改	上游4e8762e只读副本,禁止覆盖源码树
上游参考副本	C++	上游原版	src/CreatureData.h	27683	2658d0bef510a3dde9963c95cf896c46cc5129a9de0776ce4222c89cd0ce4d58	只读-禁改	上游4e8762e只读副本,禁止覆盖源码树
上游参考副本	C++	上游原版	src/DBCStores.cpp	46732	2180cc7d655eba3bc06d765fe8955f0df920674b8848f9a1e9605184f59d8175	只读-禁改	上游4e8762e只读副本,禁止覆盖源码树
上游参考副本	C++	上游原版	src/DBCStores.h	14142	513cb88830b8e789c3be59173ba64063f0cd0aff22059a3cf19bce27aaa52a95	只读-禁改	上游4e8762e只读副本,禁止覆盖源码树
上游参考副本	C++	上游原版	src/DBCStructure.h	93559	de0c219e722488cfa4cd3c37a5b24e76da77fb7dbdb53df96a9a8480a7b8e46d	只读-禁改	上游4e8762e只读副本,禁止覆盖源码树
上游参考副本	C++	上游原版	src/DatabaseWorkerPool.h	10522	14d2936dd0901b9789e1a0532ace5b3f2eed5d9a4c0d5b4098640dac1ac0d166	只读-禁改	上游4e8762e只读副本,禁止覆盖源码树
上游参考副本	C++	上游原版	src/EventProcessor.h	4689	30497317e00b8da785fd37a20a940aac92d91f358a149655163f00f46c7b4e7b	只读-禁改	上游4e8762e只读副本,禁止覆盖源码树
上游参考副本	C++	上游原版	src/GameObject.h	17862	31d64ba75265d72364b94192e491c39ade2764251e153f9104af03885e46cc22	只读-禁改	上游4e8762e只读副本,禁止覆盖源码树
上游参考副本	C++	上游原版	src/GameTime.h	1473	4e155bac7efbccab27f71fc629cb0b260b7f825eaf4e2b5e34e38326ab4a1ff9	只读-禁改	上游4e8762e只读副本,禁止覆盖源码树
上游参考副本	C++	上游原版	src/GossipDef.cpp	20105	bebd1198fb51727a981f61f3076a5061dedba3d62d5f6711e8b85286268c1074	只读-禁改	上游4e8762e只读副本,禁止覆盖源码树
上游参考副本	C++	上游原版	src/GossipDef.h	13672	c6181d2cd8fea610eba58f822732ab150a0bf03a9952689c570a2ea68d437162	只读-禁改	上游4e8762e只读副本,禁止覆盖源码树
上游参考副本	C++	损坏	src/GossipHandler.cpp	14	d5558cd419c8d46bdc958064cb97f963d1ea793866414c025906ec15033512ed	禁用	"""404: Not Found""残骸"
上游参考副本	C++	上游原版	src/GridNotifiers.h	62777	aa10050a40352291455fb3d69f9c9c0cdc59f7c592c583e75b3481ab3255c149	只读-禁改	上游4e8762e只读副本,禁止覆盖源码树
上游参考副本	C++	上游原版	src/Group.h	17202	51ce011a7bac0a6692af0085071d0f40a0ee21a638ec1e501041fd241cf59986	只读-禁改	上游4e8762e只读副本,禁止覆盖源码树
上游参考副本	C++	上游原版	src/GroupRefManager.h	2364	b46667337d50b29da1d3e8c2decbf26f24b6e38b1cc97d43610580b4b9740d74	只读-禁改	上游4e8762e只读副本,禁止覆盖源码树
上游参考副本	C++	上游原版	src/Item.h	10673	fbab8aa124e2f8ef6a19979c5302eb79655986f05683d72e49438ad65f4fdd32	只读-禁改	上游4e8762e只读副本,禁止覆盖源码树
上游参考副本	C++	上游原版	src/ItemDefines.h	12626	069f8a69c59799b13d889244bc312020a3b6b9efce004bf9a3f21509399f866a	只读-禁改	上游4e8762e只读副本,禁止覆盖源码树
上游参考副本	C++	上游原版	src/ItemTemplate.h	35006	9df1ab14fd0ef3d489279e98f2fe34dac2bf60232cf37f424447a594918e234c	只读-禁改	上游4e8762e只读副本,禁止覆盖源码树
上游参考副本	C++	上游原版	src/Language.h	58877	38ec701aefc2411dda5bca8ea73c36b05a9dc222811f3c6247d2cc28a32f10b9	只读-禁改	上游4e8762e只读副本,禁止覆盖源码树
上游参考副本	C++	上游原版	src/Map.h	43154	541546fbb23f144fcd071d663c542b9d4721732c877efba242a9f4747fab3b5e	只读-禁改	上游4e8762e只读副本,禁止覆盖源码树
上游参考副本	C++	上游原版	src/Misc.cpp	51888	49db75aea9fcf56a9a304eaefa289230bf2b9970ee02c48bb49cac7719ea2d43	只读-禁改	上游4e8762e只读副本,禁止覆盖源码树
上游参考副本	C++	上游原版	src/NPCHandler.cpp	25583	019f1fafec987585cf58f698dad0a7a517cd73eddef94bfd8668e6f8526b2fce	只读-禁改	上游4e8762e只读副本,禁止覆盖源码树
上游参考副本	C++	上游原版	src/Object.h	32960	62b6b175a505b70e8db3dab4cc1ac80886583638d8f22b30145acc0a522d3b75	只读-禁改	上游4e8762e只读副本,禁止覆盖源码树
上游参考副本	C++	上游原版	src/Pet.cpp	71429	ba94ca0b33e6cc6240ba699c448733e3de1ebe9b0e34616781ff26881beac4e6	只读-禁改	上游4e8762e只读副本,禁止覆盖源码树
上游参考副本	C++	上游原版	src/Player.cpp	991044	f76088ec45e70e4759d2eccf3ef9287b62297164894c3c00427993cc905a814e	只读-禁改	上游4e8762e只读副本,禁止覆盖源码树
上游参考副本	C++	上游原版	src/Player.h	120041	369a73dc6e1d643f20b7ab4c1b1999f0d3205f3d859dd6a931d74dee8d170a39	只读-禁改	上游4e8762e只读副本,禁止覆盖源码树
上游参考副本	C++	损坏	src/PlayerStorage.cpp	14	d5558cd419c8d46bdc958064cb97f963d1ea793866414c025906ec15033512ed	禁用	"""404: Not Found""残骸"
上游参考副本	C++	上游原版	src/RBAC.cpp	10024	a8beb16dbffd3352607dddb7f7c5cda72894451fae719f86ebd0d66cecefb0c4	只读-禁改	上游4e8762e只读副本,禁止覆盖源码树
上游参考副本	C++	上游原版	src/RBAC.h	61613	e20c5085e5a6dff8be9d576ce837bbe397b4b1242a210157519ee326284ed04e	只读-禁改	上游4e8762e只读副本,禁止覆盖源码树
上游参考副本	C++	上游原版	src/SC.h	8796	bc282fd2090ac60f6a4d4da80cc94c8c503d7ad86fb5149e131b8a7acee9b072	只读-禁改	上游4e8762e只读副本,禁止覆盖源码树
上游参考副本	C++	上游原版	src/SF.h	4096	47a0c60ebe5db98a3680ab8ce176a60762e6bd385bf6a7354ffdf48368467de3	只读-禁改	上游4e8762e只读副本,禁止覆盖源码树
上游参考副本	C++	上游原版	src/ScriptMgr.h	43455	f7745ac008e3e189d67561f7457021a6ae90f7ad6e68a96ea9c1697d8e31935f	只读-禁改	上游4e8762e只读副本,禁止覆盖源码树
上游参考副本	C++	上游原版	src/SharedDefines.h	196781	9d3bd5bad20e2f69814d22e620a539ae1e5dd390e89a9b5143e5a6c8a97776a9	只读-禁改	上游4e8762e只读副本,禁止覆盖源码树
上游参考副本	C++	上游原版	src/Spell.cpp	351920	75b8db7d175499d9add2c70be66eb03c97a9476a3a0daeadcc7af601c1287476	只读-禁改	上游4e8762e只读副本,禁止覆盖源码树
上游参考副本	C++	上游原版	src/Spell.h	33299	f21dd0aee9ecee1ffae9604c7d7ce93c0cab5b2bb7dfa725aacf3ae8c6062ce4	只读-禁改	上游4e8762e只读副本,禁止覆盖源码树
上游参考副本	C++	上游原版	src/SpellAuras.h	18466	0bc59171aa56cb13a4b68336f0a0f7ee2fd66c2e555a69b6a62f5d9437eadf4c	只读-禁改	上游4e8762e只读副本,禁止覆盖源码树
上游参考副本	C++	上游原版	src/SpellDefines.h	18270	59a060ab01461cc1300bc6b9f70f8a74446c56396eaddf8fbd46221ed5141b5d	只读-禁改	上游4e8762e只读副本,禁止覆盖源码树
上游参考副本	C++	上游原版	src/SpellEffects.cpp	216309	9297d2b0ff36c85e3b423a418d1cf4aeb849aed3fe73414cd2953c92e9a3ddf3	只读-禁改	上游4e8762e只读副本,禁止覆盖源码树
上游参考副本	C++	上游原版	src/SpellHistory.cpp	25863	397a42d893e646a7835b01fb6f3871db0856328c8688d96bea21eaadef7ce5e5	只读-禁改	上游4e8762e只读副本,禁止覆盖源码树
上游参考副本	C++	上游原版	src/SpellHistory.h	6547	f80ea0e290b86c22acb22ee761446fdeed3279cb45f824fc4342b3cafff67164	只读-禁改	上游4e8762e只读副本,禁止覆盖源码树
上游参考副本	C++	上游原版	src/SpellInfo.h	20724	984715b6fd10970dc38a357522aa4bfc154e196ae32d686d2db5e37a325a85e9	只读-禁改	上游4e8762e只读副本,禁止覆盖源码树
上游参考副本	C++	上游原版	src/SpellMgr.cpp	187719	4cf92fb8ecfca032f3f9bdd4645facfebd3e0e5fbafc6d332a1ca4cbc8c3e5ee	只读-禁改	上游4e8762e只读副本,禁止覆盖源码树
上游参考副本	C++	上游原版	src/SpellMgr.h	33853	dbd82e4960dcb54cb08253b74b9feb4590871fe051b9cf0cb5e7883ca29ad26e	只读-禁改	上游4e8762e只读副本,禁止覆盖源码树
上游参考副本	C++	上游原版	src/Unit.cpp	541111	7dc2e91ab84722489f70b667fbf3c7802699fe2d4841f7cb02563e1e263a0d9c	只读-禁改	上游4e8762e只读副本,禁止覆盖源码树
上游参考副本	C++	上游原版	src/Unit.h	104155	0c490ed0947661d93c2a8af5f546d109e4d1cc0bc1e273fc583093bffc42be65	只读-禁改	上游4e8762e只读副本,禁止覆盖源码树
上游参考副本	C++	上游原版	src/UnitDefines.h	23902	327f11538e9b596da5788309fc3f98d9c3de10678e4a34f8c561fe3562adb1f3	只读-禁改	上游4e8762e只读副本,禁止覆盖源码树
上游参考副本	C++	上游原版	src/World.h	33224	180b6355ba9b7f111881ff80acae74fb3b020c32476400130bf9475343cc00a0	只读-禁改	上游4e8762e只读副本,禁止覆盖源码树
上游参考副本	C++	上游原版	src/WorldDatabase.cpp	13485	9615476a5cf8c0e1a8b37010c3fc610422c7a023967b1629825e46d355184859	只读-禁改	上游4e8762e只读副本,禁止覆盖源码树
上游参考副本	C++	上游原版	src/WorldObject.h	32960	62b6b175a505b70e8db3dab4cc1ac80886583638d8f22b30145acc0a522d3b75	只读-禁改	上游4e8762e只读副本,禁止覆盖源码树
上游参考副本	C++	损坏	src/bot/CreatureAI.h	14	d5558cd419c8d46bdc958064cb97f963d1ea793866414c025906ec15033512ed	禁用	"""404: Not Found""残骸"
上游参考副本	C++	上游原版	src/bot/bot_ai.h	40155	4c77dbdb5a13c3eaa1f5476e481014955f3d074663857d45e5fbe5e208694fde	只读-禁改	上游4e8762e只读副本,禁止覆盖源码树
上游参考副本	C++	上游原版	src/bot/botcommon.h	29158	d80ada5cdbaa82b9631d457dac058d4712ff7afa164ebebba896612437c213c6	只读-禁改	上游4e8762e只读副本,禁止覆盖源码树
上游参考副本	C++	上游原版	src/bot/botdatamgr.cpp	188311	d3a4689fd41d0398b8f9f2552dd09d24ebb5b7f3f8a7ae11c463ee77d02be665	只读-禁改	上游4e8762e只读副本,禁止覆盖源码树
上游参考副本	C++	上游原版	src/bot/botdatamgr.h	12117	5954a28ade4f6b7abe1a05ac02715410684c1dcf7466ad0532ec21acb9bab2fe	只读-禁改	上游4e8762e只读副本,禁止覆盖源码树
上游参考副本	C++	上游原版	src/bot/botmgr.h	11686	53c8b919d4d2dc4e7f172ba5d67ef4b364f243b87d1d0dab260b987964c6d603	只读-禁改	上游4e8762e只读副本,禁止覆盖源码树
上游参考副本	C++	上游原版	src/bot_ai/bot_death_knight_ai.cpp	91429	af525f4c5bd73707b0e0b54226e1620da70338fe0176afc0827619b9691964d3	只读-禁改	上游4e8762e只读副本,禁止覆盖源码树
上游参考副本	C++	上游原版	src/bot_ai/bot_druid_ai.cpp	134630	ab98e15bfb4b6754fd4cebc21841fa65055091c9f3103848a7201d7253321842	只读-禁改	上游4e8762e只读副本,禁止覆盖源码树
上游参考副本	C++	上游原版	src/bot_ai/bot_hunter_ai.cpp	95187	0431ba73f65975f5c630f279633340bb54a8662d51f71da9743610b46139ed6e	只读-禁改	上游4e8762e只读副本,禁止覆盖源码树
上游参考副本	C++	上游原版	src/bot_ai/bot_mage_ai.cpp	81476	8a08344338a6ebb60e00d9b52c8a0717ea6dc79ac6df93e720df13aea725e0c6	只读-禁改	上游4e8762e只读副本,禁止覆盖源码树
上游参考副本	C++	上游原版	src/bot_ai/bot_paladin_ai.cpp	117246	c94e464622cd74482f5b4df933a78ad2478f506968a0148a7ddb731f00edb22a	只读-禁改	上游4e8762e只读副本,禁止覆盖源码树
上游参考副本	C++	上游原版	src/bot_ai/bot_priest_ai.cpp	88586	1299c8a80b7ba5440953ffb91cd1a4782daaba23e221e1e5546425445dca40df	只读-禁改	上游4e8762e只读副本,禁止覆盖源码树
上游参考副本	C++	上游原版	src/bot_ai/bot_rogue_ai.cpp	93810	7f3c29ad1bf140e14b63a167ce3e00437b3775d4c660a905b9671bd2978aeee9	只读-禁改	上游4e8762e只读副本,禁止覆盖源码树
上游参考副本	C++	上游原版	src/bot_ai/bot_shaman_ai.cpp	129218	d8468a5cc795dab19515959770d7ff9b66e766af953552e7a81494f895f7cb1d	只读-禁改	上游4e8762e只读副本,禁止覆盖源码树
上游参考副本	C++	上游原版	src/bot_ai/bot_warlock_ai.cpp	93052	3e8b5e922f84bd873f8be3a713132626751e819db0cca4a75154f99bd68b7541	只读-禁改	上游4e8762e只读副本,禁止覆盖源码树
上游参考副本	C++	上游原版	src/bot_ai/bot_warrior_ai.cpp	99901	2423bd365dac8420ed25e4841ba54ee8f0d6df0f4a32437c5549e848206b2ebf	只读-禁改	上游4e8762e只读副本,禁止覆盖源码树
上游参考副本	数据	上游原版	src/bot_spell_ids.json	15442	469e09bd1a091d6ffe8cc34269eac17df0d6c40ef6d1fb285fca4665c55866c7	只读-禁改	上游4e8762e只读副本,禁止覆盖源码树
上游参考副本	二进制	上游原版	src/compile_test	30512	94963e1e1a6c5c787e86c7c624e0cd2e05885fb8827113102acf9da8c26f61c0	只读-禁改	上游4e8762e只读副本,禁止覆盖源码树
上游参考副本	C++	上游原版	src/compile_test.cpp	7165	148c47447cfc0295ed5eed278cb46410e3c8ae306112324295d9312f4084a202	只读-禁改	上游4e8762e只读副本,禁止覆盖源码树
上游参考副本	C++	上游原版	src/cs_lookup.cpp	56709	bb9987b982f189599562760ee6722db20a5475c58c092397523a8aea837b0948	只读-禁改	上游4e8762e只读副本,禁止覆盖源码树
上游参考副本	C++	上游原版	src/cs_misc.cpp	106255	29244f2bfe71148e6cf8a4b9c17df553d72eaca280ef4aa5296c28ed4c69accb	只读-禁改	上游4e8762e只读副本,禁止覆盖源码树
上游参考副本	C++	上游原版	src/cs_modify.cpp	34278	65221e2154a7f73848a81455e2179bf215ebf02cb26c274f65c4d40668565b92	只读-禁改	上游4e8762e只读副本,禁止覆盖源码树
上游参考副本	C++	上游原版	src/cs_npc.cpp	53962	fc921efd03c376227618c3f06362db130761f942deb5ce27a5514ad4a694da3d	只读-禁改	上游4e8762e只读副本,禁止覆盖源码树
上游参考副本	SQL	上游原版	src/lang_zh.sql	204851	38d7fc7652b57d92498fa83e6387dcb349d146cc449d7694b7cbdb6cc730e70a	只读-禁改	上游4e8762e只读副本,禁止覆盖源码树
上游参考副本	二进制	上游原版	src/rbac_test	15960	640a0151cfe12e725fbad8f8bc1b955dde0c4d9f52d02eb8672698addb1e1f2e	只读-禁改	上游4e8762e只读副本,禁止覆盖源码树
上游参考副本	C++	上游原版	src/rbac_test.cpp	654	e4dc144311d2bd2b7fcfe75243a5ec4dec2bf3d88e5b83ef25ce67fff37ea72c	只读-禁改	上游4e8762e只读副本,禁止覆盖源码树
剧情	文本/日志	文档	tc-bignum/剧情/_旧版备份/故事集-真龙纪元.txt	21678	c42d8ce8432b05e9c9a844448eb57688e814f02cafd5da0de543a3c2b2d043da	权威文档	
剧情	文本/日志	文档	tc-bignum/剧情/_旧版备份/设定集-艾泽拉斯新纪元.txt	26846	8643333ea728f058c7886cf73551e3651508d20b7687243f00a46e901d6a8e36	权威文档	
剧情	文档	文档	tc-bignum/剧情/_本次修订说明.md	5991	fb8cabcb0f91c36b56b6cb7e992b8c6a4b2ceba72efb06f3bd278e299b5bd415	权威文档	
剧情	文档	文档	tc-bignum/剧情/技术可行性-真龙能力清单.md	16872	092490e739fc7d83ac88d2e99fd2b8b469a9bef832716a2908e8bd42109a6153	权威文档	
剧情	文本/日志	文档	tc-bignum/剧情/技能设计集.txt	38808	b0ad84a560fda9346cd113a0edf1e581c051fbb43062367fdf23d918b021ed43	权威文档	
剧情	文本/日志	文档	tc-bignum/剧情/故事集-真龙纪元.txt	97758	eaf7e853503fc8f09cb5c5a70abb17cb6de7b76e6de7b621ec11e65b8503e4f1	权威文档	
剧情	文本/日志	文档	tc-bignum/剧情/种族职业扩展-32上限规划.txt	33250	a940065cac9e232944c872db1fa2e7b510b2746e39e4b45c366a12ab29ac4f14	权威文档	
剧情	文本/日志	文档	tc-bignum/剧情/老职业魔改-十职业扩充方案.txt	36405	a9e0133c939e4a0a0dac6cb9c58b93542ce8512167117a00baec709080f0998e	权威文档	
剧情	文本/日志	文档	tc-bignum/剧情/设定集-艾泽拉斯新纪元.txt	82679	652122c2fd49e01008f0de5c97a970b7de0cd82d4e0c149529f95a48e9194b2d	权威文档	
客户端工具文档	文档	文档	tc-bignum/工具库/00-工具总览与前置条件.md	8474	f8d66839180511ed514044842d3f75983a11fc4cae951a566ed1baae9fd2f56b	权威文档	仅方法文档,无客户端成品
客户端工具文档	文档	文档	tc-bignum/工具库/01-MPQ编辑器.md	6444	324d1bfbbbf8283db4342ae6bc2849b6fb92c71d8be474fd0ea59642a2e638bb	权威文档	仅方法文档,无客户端成品
客户端工具文档	文档	文档	tc-bignum/工具库/02-WoWModelViewer.md	6978	f09b22e29c62c0cfcfb184c0a5519560abbb8759d006bce74e13922c9a43e4b3	权威文档	仅方法文档,无客户端成品
客户端工具文档	文档	文档	tc-bignum/工具库/03-wow.export.md	5843	cf65cf8613cb0ac22df1839766f13f7cd9e675d8d414291b37e7fa72a2eb8c52	权威文档	仅方法文档,无客户端成品
客户端工具文档	文档	文档	tc-bignum/工具库/04-DBC编辑器.md	5782	8131cd7b98e1b68b38d21e6845db17875ae8d95c59e16f4f3dbe0f27022fa093	权威文档	仅方法文档,无客户端成品
客户端工具文档	文档	文档	tc-bignum/工具库/05-贴图与纹理.md	4016	6d2a8fd814f0039305e779dc9a7eab644d90cec80adb02c6e5aa490985f408fa	权威文档	仅方法文档,无客户端成品
客户端工具文档	文档	文档	tc-bignum/工具库/06-音效与文本.md	5060	73fdf5fc10722d427f9ba1118d70d1f463706f38d2c131c3728bdce5b4f3740a	权威文档	仅方法文档,无客户端成品
客户端工具文档	文档	文档	tc-bignum/工具库/07-模型格式转换.md	5805	73f8409ec1b8fcac0e8081ce59ab46d729c6b8952aad32972d1f1aa28b4218d7	权威文档	仅方法文档,无客户端成品
客户端工具文档	文档	文档	tc-bignum/工具库/08-地图编辑Noggit.md	7397	2d93528e4d6cb8739d0584fbdb660454e494188808e4c4600cf8503dd6479ac0	权威文档	仅方法文档,无客户端成品
客户端工具文档	文档	文档	tc-bignum/工具库/09-一体化框架.md	7383	141a7b582a616105b4acbde77802cc3c9218213ed4f4afb3bd68b6ffaa1fd671	权威文档	仅方法文档,无客户端成品
客户端工具文档	文档	文档	tc-bignum/工具库/10-辅助工具.md	5541	9d7299595bba4a312d52372472e70d631ae1f5c0b528f8670c0706c0525cdbaa	权威文档	仅方法文档,无客户端成品
客户端工具文档	文档	文档	tc-bignum/工具库/11-整合客户端体检与加密应对.md	12021	d88af756faf09ab4ceb5b685a6d7941f19b45ef41121eadb311cd6641a76a062	权威文档	仅方法文档,无客户端成品
客户端工具文档	文档	文档	tc-bignum/工具库/12-装机路线图.md	16158	4998d6118f2c805b2201ba6d2c4538b3ff760ffa14b8d7bee67689f405535631	权威文档	仅方法文档,无客户端成品
客户端工具文档	文档	文档	tc-bignum/工具库/13-模型补丁安装与BfA降版本.md	12070	09aa4c31660d7169e01bb16f830cdce9280387c8feccb44cfa1dbdeb9bf677fe	权威文档	仅方法文档,无客户端成品
客户端工具文档	文档	文档	tc-bignum/工具库/14-本次装机执行单.md	9899	54ad50b7d3b1e89a59c1c44530e6770070f6afbfcd523099072023cf6bd4bbb9	权威文档	仅方法文档,无客户端成品
客户端工具文档	文档	文档	tc-bignum/工具库/15-把压缩包做成MPQ补丁.md	7604	3f7c0452891f5a14f438693f8618de658cf3ec9aa8fccbef1db64d1abc756e44	权威文档	仅方法文档,无客户端成品
客户端工具文档	文档	文档	tc-bignum/工具库/16-多余文件与DBC风险.md	5811	c5ee90b31a22d48c00de86a933ea5a52f8f350cb326009aa1b09052f40a0d135	权威文档	仅方法文档,无客户端成品
客户端工具文档	文档	文档	tc-bignum/工具库/17-你这个补丁的处置方案.md	6721	a846d0e75832e57996dc29c53db47577fd663e02b145c1cd9232e396b2bd0d7d	权威文档	仅方法文档,无客户端成品
客户端工具文档	文档	文档	tc-bignum/工具库/18-补丁不生效诊断与exe换不了.md	8075	aac1261079000ca0122fc6dd793cdfc843bdc8f641f585dc5be2f2b0e732bb1c	权威文档	仅方法文档,无客户端成品
客户端工具文档	文档	文档	tc-bignum/工具库/19-补丁exe到底给了你什么.md	4778	ace4618e850b1566fa10279211e21b6333a0bc28829490fc4e7bd7d404812dba	权威文档	仅方法文档,无客户端成品
客户端工具文档	文档	文档	tc-bignum/工具库/20-补丁exe测试结果解读.md	6900	a3ad3caffc0e2688c0ceb38e76d04a23e6cbbb1b1b4e7ba22c56ec325d332fff	权威文档	仅方法文档,无客户端成品
客户端工具文档	文档	文档	tc-bignum/工具库/21-HD模型整个消失的原因与解法.md	7693	544e2d5aeb3d30353c9baef4832395e842490f64fe591dcdc274d6984a1a5f84	权威文档	仅方法文档,无客户端成品
客户端工具文档	文档	文档	tc-bignum/工具库/22-现成MPQ怎么装与模型ID怎么查.md	9988	4980a9da4b28d2ea9df75a5dfed82ad64b8882fd3bc48b3aeef84e65b8d33037	权威文档	仅方法文档,无客户端成品
客户端工具文档	文档	文档	tc-bignum/工具库/23-能不能用正式服最新模型.md	6046	b1301556ea69a78fa82dd9e4382a9f76d056552b619012e81f3d2addb7b89cee	权威文档	仅方法文档,无客户端成品
客户端工具文档	文档	文档	tc-bignum/工具库/24-最新模型资源与路线B排期.md	18065	d5456f101cf32852d4473be0a1d7c88fd5615475ed4570124d73d03a7098f449	权威文档	仅方法文档,无客户端成品
客户端工具文档	文档	文档	tc-bignum/工具库/25-人物模型全量转换-可行性与工具方案.md	11401	99d5d29b16f0c3bd2ca267c157dcfaf0fa76ab8eb60c08718476df84401da0ac	权威文档	仅方法文档,无客户端成品
客户端工具文档	脚本	文档	tc-bignum/工具库/tools/client_check.sh	9767	475552638d357d05ff5d061cdc57ff56da4fe147c20014e1f67137d11451895b	权威文档	仅方法文档,无客户端成品
客户端工具文档	脚本	文档	tc-bignum/工具库/tools/dump_models.py	7131	f938f6d3d06e5665484cf9d6be962b60734606cbc05fb74ba0e8355825827b27	权威文档	仅方法文档,无客户端成品
客户端工具文档	脚本	文档	tc-bignum/工具库/tools/findroot.sh	4867	48ec3ea8ade2db63dae03707e07904986fa7fe94a763747ebeb5e2828c3fd6ae	权威文档	仅方法文档,无客户端成品
客户端工具文档	脚本	文档	tc-bignum/工具库/tools/m2ver.sh	4260	d71079cb8072eb45508d77f0debe920880913f9f4657ec7fc2998d6aeed40432	权威文档	仅方法文档,无客户端成品
客户端工具文档	脚本	文档	tc-bignum/工具库/tools/patch_scan.py	16467	10a2043e1fe55f33b4e1c02ff1963459a5fb251a7ec0b048b10c9d706f156921	权威文档	仅方法文档,无客户端成品
客户端工具文档	脚本	文档	tc-bignum/工具库/tools/patch_slots.py	7759	f157e843bd672fef6fbfd671fb0697829ad3e64d156b9b8ee157cf38bbc84089	权威文档	仅方法文档,无客户端成品
客户端工具文档	脚本	文档	tc-bignum/工具库/tools/texplan.py	9573	d3617f522ca71f19029bf61186dcf5c8ff707c3baf153faa9b7ba55675e0c431	权威文档	仅方法文档,无客户端成品
客户端工具文档	脚本	文档	tc-bignum/工具库/tools/toolcheck.sh	10359	874a056f0bb4185117e5e055a3c52885cf3396420725bf2ddd3e4b69a6d4714b	权威文档	仅方法文档,无客户端成品
工具	文档	文档	tc-bignum/tools/README-内容管线.md	5989	fac130c088a13fcbc491e3554600773bcce377309f22126496fd4b238afbac3d	权威文档	
工具	文档	文档	tc-bignum/tools/README.md	362	9c569bebec1ecd7e0b457eaaf26400eb24850949c336a885f0220bdfc8b5306d	权威文档	
工具	脚本	文档	tc-bignum/tools/build_effect_dict.py	14743	f119924bd4533d1f452184dce20449b9bb5f462bcd3b3285928cf1f30576e86b	权威文档	
工具	脚本	文档	tc-bignum/tools/check_dbc.py	5013	780c573594c748e876c413d84aabc9e8469feb76c033a0f859f0abf2f5d6a476	权威文档	
工具	脚本	文档	tc-bignum/tools/check_dup.py	15787	e66763972aa36e04cdf5470ea45a93cf8c70bc8dd87df1294e0c2458f66d5331	权威文档	
工具	脚本	文档	tc-bignum/tools/check_encoding.py	6488	4f5a1e9f985d2fa2abc79fb7183ac1d5e0e83704619f9a0f944aeef9ac193ea6	权威文档	
工具	脚本	文档	tc-bignum/tools/check_patch_content.py	6401	93d8f40d581d9ab7215fe346ebdc44c87e51fed0423a83aabc2be1a74fb61bd7	权威文档	
工具	脚本	文档	tc-bignum/tools/check_sql.py	9564	4f0063c60dec43a7210899b33adad979029201a3207d0e4aa7737c741c53d4ca	权威文档	
工具	脚本	文档	tc-bignum/tools/check_sql_range.py	4433	3a4891e425381bfd98324bd93e8fd0aee770b7c0726469bfb4bcf579d130661c	权威文档	
工具	脚本	文档	tc-bignum/tools/export_item_dbc.py	15330	02a9b414dd631f52f065db4a124d607a35e867468011def5e275b183000a8c92	权威文档	
工具	脚本	文档	tc-bignum/tools/export_itemset_dbc.py	12741	4718c05eb5370d7ffa5db0d5beaf855d5d9bebb39ae3d4a7c3def88a47177b29	权威文档	
工具	脚本	文档	tc-bignum/tools/find_mojibake.py	10598	ce85f68836a87b01c73cb8a58428f3ded7368553711bfdb6364cb0b8b0f2914c	权威文档	
工具	脚本	文档	tc-bignum/tools/fix_nbsp.py	5652	472a8b772e20203780a22d8b54a8478104e72a9c0e1698d4a984d1f3123c2983	权威文档	
工具	脚本	文档	tc-bignum/tools/gen_specdata_v3.py	24064	ee6a448b198b779ac56c26f0413ce7942f4cf111df87802fe3d5b67f6efa2f8a	权威文档	
工具	脚本	文档	tc-bignum/tools/syntax_check.sh	1821	d5d43d23091087f387f4c5805e30ca4c0e6b8472a6382ffde4a5d89419fa23ae	权威文档	
工具	C++	文档	tc-bignum/tools/tc_stub.h	3340	bd127792fd305348e10d1f0a0a9a02bc1c2030956d659f6b9252c70c112eeeb0	权威文档	
工具	脚本	文档	tc-bignum/tools/test_effect_dict.py	3475	b5ba6792599ea327408aaa48736b01db31e18c00a4df3dd23dfdd59a31880a32	权威文档	
文档	文档	文档	tc-bignum/参考资料/NPCBot官方手册.md	74060	c79aebf1c720f2566d267628d82828089e3129a0c5b7991d5ad42fdb9c642f2a	权威文档	
文档	文档	文档	tc-bignum/参考资料/NPCBot资料汇总与闲逛诊断.md	9282	e79808aca7a8871bdff72b04f51e92412e56c4b4e640cb692162d8e01c4fd2ff	权威文档	
文档	文档	文档	tc-bignum/参考资料/Playerbot活跃度机制-移植参考.md	8190	9505f2f9c136c0ccf3f3576e6204486f5293674ce86e3e00061fc640ed635e3e	权威文档	
文档	文本/日志	文档	tc-bignum/参考资料/playerbots.conf.dist备份.txt	102163	18b52e64aece2d44a5fbc8c9adf703c2495ba6699695eb062f670e9e29ab0ba1	权威文档	
文档	文档	文档	tc-bignum/参考资料/为什么findmodel搜不到玩家模型.md	10255	1acc11d8ee125adc65490be56dd2462d80652f218fb7a94a95362a3f0aaadf08	权威文档	
文档	文档	文档	tc-bignum/指令清单/00-总路线图.md	7417	fe44d3d63ae900ae50e53246cb1032bb3de9eea697e81cda5c3805a16b015fff	权威文档	
文档	文档	文档	tc-bignum/指令清单/00-指令可行性清单.md	9262	3cb5f2f4d959fb5ce4b1a269601f27bad2a35467a5d6e74d6212bd2e96862519	权威文档	
文档	文档	文档	tc-bignum/指令清单/00-指令总清单-最终版.md	9180	23cce2c0b98a36fbbf16618a9c4ffe4d58b51e14d72c9703e991314b59d90720	权威文档	
文档	文档	文档	tc-bignum/指令清单/00-自建指令总表.md	7023	78244ee3f58e9301181bedd6df9a1d26a159e028c7d078d440162f79041cfaac	权威文档	
文档	文档	文档	tc-bignum/指令清单/Bot路线图-还差什么.md	8127	e7ecf075f4b0cade1ceca9c86cf4e7467f389710eef3f8d6a404e2da167c2d28	权威文档	
文档	文档	文档	tc-bignum/流程文档/下一步计划.md	4339	a27dce7f0b374d321e9a77e1d524831b93a5629b488a1678b4394f6bab47bcdf	权威文档	
文档	文档	文档	tc-bignum/流程文档/步骤01-备份与环境准备.md	5273	7ef074fa07af70fd9e65293a347aa6b820884276c592c9c4cb819173d324ba6c	权威文档	
文档	文档	文档	tc-bignum/流程文档/步骤02-应用补丁.md	5100	5644ba1fff01cb37db649dd615fbd7f4efc62ea1eb0362f394037170816cf2a9	权威文档	
文档	文档	文档	tc-bignum/流程文档/步骤02c-提交注意事项.md	4548	76946a49897bb79389ac4af199b0b530efa4993f7fb330c081a4e7c6dac839fb	权威文档	
文档	文档	文档	tc-bignum/流程文档/步骤02d-detached-HEAD说明.md	4916	2fd4a4c0265302f719c1452ed3c779f39e939572f37e6a761814dce8c5167777	权威文档	
文档	文档	文档	tc-bignum/流程文档/步骤03-CMake与VS编译.md	7453	6acf10d2951f8b1a8b4df9c68e324a29eec9c0a8c0e2f3a96708138a4ad0616a	权威文档	
文档	文档	文档	tc-bignum/流程文档/步骤03b-CMake报错处理.md	5795	3f61bf2198bae20213b920ae57ada52809fa9e726c8b1f4d09deaa4fbd5ef523	权威文档	
文档	文档	文档	tc-bignum/流程文档/步骤03c-删除后重建CMake.md	6027	824a8b79ada939ac4375988cb4c42e194e6ba248ab31b35dd9c69fbf6fa9b554	权威文档	
文档	文档	文档	tc-bignum/流程文档/步骤04-执行SQL.md	11236	6200d37a94dfc83e153718bae47afc69159d2c565ab33545273cbb2fbbc82a29	权威文档	
文档	文档	文档	tc-bignum/流程文档/步骤05-替换exe与验证.md	7248	d11997d7ba9e11f65bfade1f1f17632adb287e0aa3b1c886c2c4ee0a3fb829f4	权威文档	
文档	文档	文档	tc-bignum/流程文档/步骤06-Eluna验证.md	6481	c2fe3751a9ee6409faf92bd1b3b2c2f2c064309b294386e703944d7cadb5d6c6	权威文档	
文档	文档	文档	tc-bignum/流程文档/装备魔改-总方案.md	6602	2467c01ee1d62e6d3078bac201a82f5f4fb88267ce25e4be558fa3ded1ec76de	权威文档	
文档	文档	文档	tc-bignum/流程文档/路线一-执行清单.md	6731	575aff8b1581bb857f925eb6f93f546b13e64311956866fa7130df859bdf90d8	权威文档	
服务端配置	文档	配置-候选	tc-bignum/conf/README.md	6264	e29207693e7c62913f47fafbe7389d826f671b4838de879b837cde11f1917977	权威候选	档位文件,conf.d自动加载
服务端配置	配置	旧版备份	tc-bignum/conf/_完整版备用/difficulty_adventure.conf	191367	694fbac87b843ab2b75b346c17f91457b4de68ea534a9ebd16adaaae1c351bf8	归档	已被conf.d取代
服务端配置	配置	旧版备份	tc-bignum/conf/_完整版备用/difficulty_casual.conf	191346	ee2a60b0c31de153314d944c3afab1aad84787d1f06b1ef4c0028248828e4a8a	归档	已被conf.d取代
服务端配置	配置	旧版备份	tc-bignum/conf/_完整版备用/difficulty_epic.conf	191377	7882714b55d51a95d0f5156dc950983f5aa913bf29a59b7e97518b11dfdc55f0	归档	已被conf.d取代
服务端配置	配置	旧版备份	tc-bignum/conf/_完整版备用/difficulty_hardcore.conf	191319	b9b5d8deaf73a9fa7d351bd8f52be26f715a9f32a3e0808a231e3ce284044c4f	归档	已被conf.d取代
服务端配置	配置	旧版备份	tc-bignum/conf/_完整版备用/difficulty_legend.conf	191344	346d2a0ba73aab64cbe3123d5ffac1288376daf43eb280914a587811bfc15ed2	归档	已被conf.d取代
服务端配置	配置	配置-候选	tc-bignum/conf/worldserver.conf.d/adventure.conf	5334	e1464a9e55044d1be1d6271eea128a86f53ff4413d9f1e742bc70b78e628215b	权威候选	档位文件,conf.d自动加载
服务端配置	配置	配置-已部署(封板)	tc-bignum/conf/worldserver.conf.d/ahbot.conf	11631	65b274578837b438c699349dfdaf6e056e0aad9a4f1c259972e1d0a2aa2c499a	权威候选	用户已改Class.Misc=2
服务端配置	配置	配置-候选	tc-bignum/conf/worldserver.conf.d/aoeloot.conf	2706	62b4fd7b9be98dc193f2541190ed0c0a773f419dbe550321d8679bb8f7758a08	权威候选	档位文件,conf.d自动加载
服务端配置	配置	配置-候选	tc-bignum/conf/worldserver.conf.d/casual.conf	5314	2102ce472a2d77d0f7ff1ddff8784dd8492a94eae71585ceb2077d82173144c6	权威候选	档位文件,conf.d自动加载
服务端配置	配置	配置-候选	tc-bignum/conf/worldserver.conf.d/customspell.conf	2874	d56890ddae31a6dacc96e179c8223a45a0890186f297c917a02d60498e41e978	权威候选	档位文件,conf.d自动加载
服务端配置	配置	配置-候选	tc-bignum/conf/worldserver.conf.d/epic.conf	5347	833f8c34cd3d9cad55699f524fc1bc0c37c81f9b31eafb812e8d063886963900	权威候选	档位文件,conf.d自动加载
服务端配置	配置	配置-候选	tc-bignum/conf/worldserver.conf.d/gearset.conf	1983	243fbf2033481f6630d50df75479743125ec4ebe3d89b1c97c1577cfdc64154f	权威候选	档位文件,conf.d自动加载
服务端配置	配置	配置-候选	tc-bignum/conf/worldserver.conf.d/hardcore.conf	5285	e9c32ba3c9d134036f4de4f0b77f7536e130187567e06ea5cd4c197a511b72dc	权威候选	档位文件,conf.d自动加载
服务端配置	配置	配置-候选	tc-bignum/conf/worldserver.conf.d/legend.conf	5312	a05b12ac84089aad58d79d3c1368fab318a06663ee15fa8e2674d6f4d297d510	权威候选	档位文件,conf.d自动加载
服务端配置	配置	配置-候选	tc-bignum/conf/worldserver.conf.d/performance.conf	4864	59cf1f00e43f943d0d0a40009749b2b74c10f6dd41ddc1cd40ea4b887b2a668e	权威候选	档位文件,conf.d自动加载
服务端配置	配置	配置-候选	tc-bignum/conf/worldserver.conf.d/playerstat.conf	1336	821f41f20d2992c6c314f08fce176e3752fc0f6f4830eacf27a8892c2f58d5ba	权威候选	档位文件,conf.d自动加载
服务端配置	配置	配置-候选	tc-bignum/conf/worldserver.conf.d/speed.conf	5444	c1e4ca20be235016d5c0c3996737fa8f9c1a30d5c8f01326e8183a32396aa43d	权威候选	档位文件,conf.d自动加载
服务端配置	配置	配置-候选	tc-bignum/conf/worldserver.conf.d/transmog.conf	2270	6e5040f589fd187e5b8b11fdce73446dcba8f3cf6524cd65cf932c78c18c28fa	权威候选	档位文件,conf.d自动加载
服务端配置	脚本	配置-候选	tc-bignum/conf/切换档位.bat	2256	a071810ee5cd312db8e4f59ced70a6468d5caab0d9f8d9d78e09299b70305cfc	权威候选	档位文件,conf.d自动加载
测试桩/实验	C++	测试桩	_chk2/CustomSpeed.cpp	10050	428267a122875610163fa3c45ed6944f4271dea6afa9f108471e5b73d7a39b49	禁入生产	独立脚手架/实验沙盒
测试桩/实验	C++	测试桩	_chk2/CustomSpeed.h	4300	02187d61b850e0c6f00ebf3bad044cf48dbde9cdfa9605ac1a608cdbea1e1533	禁入生产	独立脚手架/实验沙盒
测试桩/实验	二进制	测试桩	_chk2/numtest	16304	e845ba421f137b5a10553945a2f4d09b7654dac476ec7f6840528ade945318e9	禁入生产	独立脚手架/实验沙盒
测试桩/实验	C++	测试桩	_chk2/numtest.cpp	4226	be360552e1c5b594c267c98c1889172cc40fe24e2df728bbe75e9126a8b8223d	禁入生产	独立脚手架/实验沙盒
测试桩/实验	二进制	测试桩	_chk2/prot	16096	2b997e0c83032dc6f7118652e511d479fbb5586d5f44fa4c505c4a0e1a67fc02	禁入生产	独立脚手架/实验沙盒
测试桩/实验	C++	测试桩	_chk2/prot.cpp	2190	47599bd36f8400cc49410d297ea88d5d1004044fa24bb8250a641eefba59e68e	禁入生产	独立脚手架/实验沙盒
测试桩/实验	C++	测试桩	_chk2/stub.h	1160	76d34debd49f12eae0d49310939a63b5cb6d44093547f0949f64b10fc4f2bac3	禁入生产	独立脚手架/实验沙盒
测试桩/实验	二进制	测试桩	_dt/p/.gitmodules	52	1aa10ffb6b712366f0600c29bc1d3a68155a844d1b6922a51552c0723577e1df	禁入生产	独立脚手架/实验沙盒
测试桩/实验	文本/日志	测试桩	_dt/p/m.txt	2	01a60e35df88d8b49546cb3f8f4ba4f406870f9b8e1f394c9d48ab73548d748d	禁入生产	独立脚手架/实验沙盒
测试桩/实验	二进制	测试桩	_dt/p/s/.git	26	f8376ae0548403bda277c0962a32dc1ecc04345dc64152955cb0f21cce82c22d	禁入生产	独立脚手架/实验沙盒
测试桩/实验	文本/日志	测试桩	_dt/p/s/f.txt	2	0263829989b6fd954f72baaf2fc64bc2e2f01d692d4de72986ea808f6e99813f	禁入生产	独立脚手架/实验沙盒
测试桩/实验	文本/日志	测试桩	_dt/sub/f.txt	2	87428fc522803d31065e7bce3cf03fe475096631e5e07bbd7a0fde60c4cf25c7	禁入生产	独立脚手架/实验沙盒
测试桩/实验	二进制	测试桩	_dt2/.gitmodules	52	1aa10ffb6b712366f0600c29bc1d3a68155a844d1b6922a51552c0723577e1df	禁入生产	独立脚手架/实验沙盒
测试桩/实验	文本/日志	测试桩	_dt2/m.txt	2	01a60e35df88d8b49546cb3f8f4ba4f406870f9b8e1f394c9d48ab73548d748d	禁入生产	独立脚手架/实验沙盒
测试桩/实验	二进制	测试桩	_dt2/s/.git	26	f8376ae0548403bda277c0962a32dc1ecc04345dc64152955cb0f21cce82c22d	禁入生产	独立脚手架/实验沙盒
测试桩/实验	文本/日志	测试桩	_dt2/s/f.txt	2	0263829989b6fd954f72baaf2fc64bc2e2f01d692d4de72986ea808f6e99813f	禁入生产	独立脚手架/实验沙盒
测试桩/实验	C++	测试桩	fk/src/server/game/Spells/CustomSpellTweak.cpp	17734	e918ec04c0009e4a814065f8add32fac4c5f71d919504f5a94f942e475b990a9	禁入生产	独立脚手架/实验沙盒
测试桩/实验	C++	测试桩	fk/src/server/game/Spells/CustomSpellTweak.h	5325	a5d92bed6e383e4c9e4ef627ab8c43963203b7db7bc85b13e2349ad219bdf3dd	禁入生产	独立脚手架/实验沙盒
测试桩/实验	C++	测试桩	fk/src/server/game/World/World.cpp	170450	f6eda7fa2f5bab7fab08aeb51656099fc56c0045b008fa9b4a3b841725d2dcb6	禁入生产	独立脚手架/实验沙盒
测试桩/实验	Lua	测试桩	luatest/mock.lua	1253	181989a64f3711cd0c87e38d3df12ec2b3be43ac979b3f331415fc51a6a6b9df	禁入生产	独立脚手架/实验沙盒
测试桩/实验	Lua	测试桩	luatest/mock_unpatched.lua	1382	3a3bdd0a946af5d96892b4f20324e2dfa65ffc8bbfe54b3cba7b32dcf0c4685d	禁入生产	独立脚手架/实验沙盒
测试桩/实验	二进制	测试桩	t7/diag	47864	53685f5b71e2655554e1f0efa4a6595b1eed6f0e7946fcafa2e90b3ce270d910	禁入生产	独立脚手架/实验沙盒
测试桩/实验	C++	测试桩	t7/diag.cpp	1277	805fbeaa5038c5fe9752739aed896aa3aa337eb856420218b0d811058f4ae66d	禁入生产	独立脚手架/实验沙盒
测试桩/实验	二进制	测试桩	t7/fix	52416	c21d6a8ef09b63d1ed9bffb45c90eec99c214d35a0fb1a096e15b04e7a28b873	禁入生产	独立脚手架/实验沙盒
测试桩/实验	C++	测试桩	t7/fix.cpp	1669	10fd95d4923d127938ac2b43ea490c4cb533e99686fc7f8cedeb8d2732b2ce1f	禁入生产	独立脚手架/实验沙盒
测试桩/实验	二进制	测试桩	t7/score	71552	b039cfda0569c212f137ae0bd3a505a4304380c876b564920f760ef2d1ed79e1	禁入生产	独立脚手架/实验沙盒
测试桩/实验	C++	测试桩	t7/score.cpp	3659	9e5837e7322666b1e0da4b908e728534a646b6e3a5a319441da4ec6349a13d9e	禁入生产	独立脚手架/实验沙盒
测试桩/实验	二进制	测试桩	t7/t	55232	9272470bdf5115ce1cb934b165c902edd8ce7ac55b529881b79b04f59ad5e8c4	禁入生产	独立脚手架/实验沙盒
测试桩/实验	C++	测试桩	t7/t.cpp	3492	2e6f6a6947acd851fa719a9a1138db2459491a382bfcfa97756d83ee7598b7c5	禁入生产	独立脚手架/实验沙盒
测试桩/实验	C++	测试桩	t8/body.cpp	33775	6c4754d4419219150d705d26afd51ddd5989d65b5c791f1382b06847fb1c69eb	禁入生产	独立脚手架/实验沙盒
测试桩/实验	C++	测试桩	t8/body8.cpp	39992	209ecbbddaab7115c5d002c2bc5d00b55ded76361cb76830bfb0043937d468d4	禁入生产	独立脚手架/实验沙盒
测试桩/实验	二进制	测试桩	t8/gear	236024	7ee4863ad3ec274fe91e2b69fc8c9692d18e5b6526040ff9da7537f4139501f1	禁入生产	独立脚手架/实验沙盒
测试桩/实验	C++	测试桩	t8/gear.cpp	39116	245df645473def785960deca654722f17b6731e1c5f94395a9b7b8ec768e6ac8	禁入生产	独立脚手架/实验沙盒
测试桩/实验	C++	测试桩	t8/gearmain.cpp	2262	8a9815c729924d2a932be769b1625a76b002d3b3013bb0d232444edd5e4e942c	禁入生产	独立脚手架/实验沙盒
测试桩/实验	C++	测试桩	t8/main.cpp	2810	9fc8db4d1829768137c653c7029a34fcf5a6265006aaf3550a3c388aae3c1f1f	禁入生产	独立脚手架/实验沙盒
测试桩/实验	C++	测试桩	t8/main8.cpp	1991	baaada71b898933bc91cf7a34c2fc3820cd5f4df849dea1a7e0c2ee0ad1d4141	禁入生产	独立脚手架/实验沙盒
测试桩/实验	C++	测试桩	t8/mock.h	9718	dffc5c70761fbf51184dfee8d088f84047112a14dd8e3b73f5921358caaea0c2	禁入生产	独立脚手架/实验沙盒
测试桩/实验	二进制	测试桩	t8/sugg	215288	1a9c15a17ed03c54a6be5c8002056afcccb2d860e501e54daa1d5e245eccb300	禁入生产	独立脚手架/实验沙盒
测试桩/实验	C++	测试桩	t8/sugg.cpp	1596	672b16fab344e041baf09da87ddbf3191c10ffac1ccc7b619c362e94f3a8c1c8	禁入生产	独立脚手架/实验沙盒
测试桩/实验	二进制	测试桩	t8/t8	364696	fea5f9ee21b7b9c8b8171d8328115175ec8bd13ad90b3e0f656728cffedcfac1	禁入生产	独立脚手架/实验沙盒
测试桩/实验	二进制	测试桩	t8/test	343192	57418d7ad7cf10acac7fa12cf519c175ade481271ba710a2eaa109ab93cb3deb	禁入生产	独立脚手架/实验沙盒
测试桩/实验	二进制	测试桩	t9/p	16000	ee9ee1ecb3d713decab099116b7585e4efa13d9f82eca68e0b7810dea8f5da2b	禁入生产	独立脚手架/实验沙盒
测试桩/实验	C++	测试桩	t9/p.cpp	603	ef368da88428b53650f506045ad7228d0df1a82013489acac7f417ce7269eeed	禁入生产	独立脚手架/实验沙盒
测试桩/实验	二进制	测试桩	v2/t	16096	0bf6b59809c03aa15273b01f8376f1aa8e899e6df4173f867741df6c4a0e5ed2	禁入生产	独立脚手架/实验沙盒
测试桩/实验	C++	测试桩	v2/t.cpp	817	54714830c0ba2f78f0c8d542737d8380879204bef2179e39c41c6b4a1db66f4d	禁入生产	独立脚手架/实验沙盒
测试桩/实验	二进制	测试桩	v3/t	16144	6cb132a9c5f493ec134a0952efceeffbe1c011ce074d886d61a334c143d316a8	禁入生产	独立脚手架/实验沙盒
测试桩/实验	C++	测试桩	v3/t.cpp	937	ccc79d601cbc6077f54ff452a42012c34769cd2c62facf8634698f898bf15e39	禁入生产	独立脚手架/实验沙盒
测试桩/实验	二进制	测试桩	v4/t	16032	7332a1dc2455c0f2357cf8edcc3dd36caac8cd23bc858d341210559aed9ed555	禁入生产	独立脚手架/实验沙盒
测试桩/实验	C++	测试桩	v4/t.cpp	1189	44de245ebca13d8a273d5d03ee935087fc46e1183762cb5ae652ae0432680623	禁入生产	独立脚手架/实验沙盒
用户上传证据	文本/日志	诊断记录	uploads/GlueStrings.lua.txt	76097	6ab64d4438713ad9b90edf9f0f5a58d8a36002c19019ad8bbd9dadbcc1b5f0f2	证据-只读	用户上传日志/配置/截图
用户上传证据	文本/日志	诊断记录	uploads/SQL检测.txt	3474	a05d2e5bfe1a13586d85ad6fe7ee81d162caf94b6da3657ba76602569ca6d574	证据-只读	用户上传日志/配置/截图
用户上传证据	文本/日志	诊断记录	uploads/Server.log.txt	80703	575f1fda68ef0493a37fe2c44bc6c5555f30139b15b36c4c1a64364d30f9e669	证据-只读	用户上传日志/配置/截图
用户上传证据	文本/日志	诊断记录	uploads/WDE创造的武器的sql.txt	3072	61c2fde1c19f84e32d4aed9e14ca93abe63395a418f6e0b3f9e0d0219580b29b	证据-只读	用户上传日志/配置/截图
用户上传证据	文本/日志	诊断记录	uploads/ae60f5b6f6ff+_worldserver.exe_[8-8_17-48-38].txt	594230	3fd65e4813819207b6ab0a2c9d70adc724e9dad3f520b2f25ab469124fed32b7	证据-只读	用户上传日志/配置/截图
用户上传证据	文本/日志	诊断记录	uploads/cpp检测.txt	2872	90a035916d714be06fc0920d384a27325db7608fd65ac78bfd1fc79e35b89808	证据-只读	用户上传日志/配置/截图
用户上传证据	文本/日志	诊断记录	uploads/cs_modify.cpp.txt	41160	b8dcea0a1ac05dd41ec31050bd4bf789900a8918bdc82e2d099552a642262a74	证据-只读	用户上传日志/配置/截图
用户上传证据	C++	诊断记录	uploads/cs_modify_fixed.cpp	41901	1ae32ba311825b57c32ea4b89204c1335f62d787d4c1a7d4c8dce46a6032682a	证据-只读	用户上传日志/配置/截图
用户上传证据	文本/日志	诊断记录	uploads/cs_playerbot.cpp.txt	49958	326910cc6d6e74008c0ab843f6890d3fc7d0a406883c00eb8ccda7d1d4593c42	证据-只读	用户上传日志/配置/截图
用户上传证据	图片	诊断记录	uploads/image.png	453619	7389d086a023a5c46eddd29a27fa7e7026fb807766c09c8dc4e42fd484c8fec9	证据-只读	用户上传日志/配置/截图
用户上传证据	文本/日志	诊断记录	uploads/vs架构错误.txt	114491	d786917f0adf21f3ba9fe7bca2c86745b148effb647e22a9009f2eaae72c0116	证据-只读	用户上传日志/配置/截图
用户上传证据	文本/日志	诊断记录	uploads/vs架构错误2.txt	1027996	11edd17c0598c0b1b5da39315b28bedac21e721088b858ee20e8b12eb2fa085b	证据-只读	用户上传日志/配置/截图
用户上传证据	文本/日志	诊断记录	uploads/worldserver.conf.txt	190413	070e1c3ac1b162518168b748b38a78ccf41d6fad6fab1d3d1d3cdf05231b9a3c	证据-只读	用户上传日志/配置/截图
用户上传证据	文本/日志	诊断记录	uploads/中文重复诊断工具诊断.txt	1794	2dd9c712cd3bb824ffe9c28b3eafd025f0e5b5fe7f9c48ef80285269726aeadb	证据-只读	用户上传日志/配置/截图
用户上传证据	文本/日志	诊断记录	uploads/修复步骤确认.txt	4715	8454a1e2133c579fa201d2183e386637cc8411ce503bbc4713a23c332a590229	证据-只读	用户上传日志/配置/截图
用户上传证据	文本/日志	诊断记录	uploads/损坏检查结果.txt	294566	1426e462fee475481c511a82188257b1ed110d98ecc62c338b7a179a4edce08f	证据-只读	用户上传日志/配置/截图
用户上传证据	文本/日志	诊断记录	uploads/排查诊断.txt	1766	6463774250fd755773daef944263d4423618e3b86af5d32db739705ffb85f528	证据-只读	用户上传日志/配置/截图
用户上传证据	文本/日志	诊断记录	uploads/服务端刷屏.txt	9581	d3887e1eeca3b1d4689a1ff7e73fc8698731a37511368e88c84ac525e374b3fe	证据-只读	用户上传日志/配置/截图
用户上传证据	文本/日志	诊断记录	uploads/检测工具结果.txt	2217	a8ab96918c8da2da96317babf587b2eb2efc1e07c07c1a5395608675a357ee8d	证据-只读	用户上传日志/配置/截图
用户上传证据	文本/日志	诊断记录	uploads/模块patch目录.txt	4390	fbbb992b4a3da8cb7cef5691ed13bbd86bde656825583d89c06c0591bd11ac1a	证据-只读	用户上传日志/配置/截图
用户上传证据	文本/日志	诊断记录	uploads/编译错误.txt	4455	443fb1f29241f8f317c7425f27d12ec2793aba5f6a2f0ea0c5e238211645eb91	证据-只读	用户上传日志/配置/截图
用户上传证据	文本/日志	诊断记录	uploads/自检结果.txt	3538	a497f88ed05003bbf1a0421783d27eec94dc3f3b8826d8b817720530cb193e9b	证据-只读	用户上传日志/配置/截图
用户上传证据	文本/日志	诊断记录	uploads/闪退诊断工具诊断.txt	2746	4d0977d672bb54317b1f45115505031527f77469ce8bc813617d7a45677d1fcd	证据-只读	用户上传日志/配置/截图
用户上传证据	文本/日志	诊断记录	uploads/闪退诊断工具诊断2.txt	49610	0c90eb79583d8cb27a3c015923f11cb6814166391686b197f7e38062644eab30	证据-只读	用户上传日志/配置/截图
用户上传证据	文本/日志	诊断记录	uploads/需要修复的文件.txt	1005165	8151e819348bc274bc58b8fd01e48d39bdb1883606ebad6b5309f8ebc154d146	证据-只读	用户上传日志/配置/截图
补丁库	文档	补丁-未确认安装	tc-bignum/补丁库/00-补丁库索引.md	11025	701c0c26136a0cad27cdff02fba4917c63f662003b4edc8e75c7b81142039e44	权威候选	存在补丁≠已安装
补丁库	脚本	补丁-未确认安装	tc-bignum/补丁库/01_功能/A01_战斗节奏/apply.sh	6586	1eea43b68bf5d0c105810639a4b7c3a2641ef8b763965294d433fad1753b4a59	权威候选	存在补丁≠已安装
补丁库	配置	补丁-未确认安装	tc-bignum/补丁库/01_功能/A01_战斗节奏/speed.conf	5444	c1e4ca20be235016d5c0c3996737fa8f9c1a30d5c8f01326e8183a32396aa43d	权威候选	存在补丁≠已安装
补丁库	文档	补丁-未确认安装	tc-bignum/补丁库/01_功能/A01_战斗节奏/安装说明.md	7658	f1e881886a4ed9577fa1a515cb9d226c03e684f42949e5fea0680174fa520711	权威候选	存在补丁≠已安装
补丁库	C++	补丁-未确认安装	tc-bignum/补丁库/01_功能/A01_战斗节奏/源文件/CustomSpeed.cpp	10411	715543de48e0bd5d7ee07e5aaa98bafb3946c91484487bd7729d565ac33d3212	权威候选	存在补丁≠已安装
补丁库	C++	补丁-未确认安装	tc-bignum/补丁库/01_功能/A01_战斗节奏/源文件/CustomSpeed.h	4411	87ff65c5ead2f83a989f847b337fb7113c4e78cb286de5ee73d99dc24f88f83c	权威候选	存在补丁≠已安装
补丁库	脚本	补丁-未确认安装	tc-bignum/补丁库/01_功能/A02_AoE拾取/apply.sh	6024	c481ad7937cf2afc22b7b651a8348a5270710ce99d2fba75fab893bdeb0a5084	权威候选	存在补丁≠已安装
补丁库	文档	补丁-未确认安装	tc-bignum/补丁库/01_功能/A02_AoE拾取/安装说明.md	9870	3fa3ed79878431e47259b4e40714763f64e8ba0a34e6c27ce5de7c6e38dac835	权威候选	存在补丁≠已安装
补丁库	C++	补丁-未确认安装	tc-bignum/补丁库/01_功能/A02_AoE拾取/源文件/CustomAoELoot.cpp	14635	9a88008a895eb3b70eddbf8fe81d7cbefcd0cc285eb18bf460bc06c086af95c5	权威候选	存在补丁≠已安装
补丁库	C++	补丁-未确认安装	tc-bignum/补丁库/01_功能/A02_AoE拾取/源文件/CustomAoELoot.h	2325	4cb423d0f854406f6aadbb7421af3782a90c1a8262d892ee3935e535ec5af6c6	权威候选	存在补丁≠已安装
补丁库	脚本	补丁-未确认安装	tc-bignum/补丁库/01_功能/A03_幻化/apply.sh	6457	1dba9313a26b87cfaa3afadcedeabdf9259698685b7badda83f27b1b1c67bd06	权威候选	存在补丁≠已安装
补丁库	C++	补丁-未确认安装	tc-bignum/补丁库/01_功能/A03_幻化/测试/injtest.cpp	1904	60addc3501fc80e75d00c16dbc69faaabe62523b81607febd32d2a95fc7e5854	权威候选	存在补丁≠已安装
补丁库	C++	补丁-未确认安装	tc-bignum/补丁库/01_功能/A03_幻化/测试/logictest.cpp	11397	20da672f505eb4c63d50c910f6c0e6ed78676a01c29d9bbb5c722e82c861b8ca	权威候选	存在补丁≠已安装
补丁库	C++	补丁-未确认安装	tc-bignum/补丁库/01_功能/A03_幻化/源文件/CustomTransmog.cpp	15974	3fd70321ab4e3066122aab458e3951482b934b7b24d3d712c444aebf9db9b134	权威候选	存在补丁≠已安装
补丁库	C++	补丁-未确认安装	tc-bignum/补丁库/01_功能/A03_幻化/源文件/CustomTransmog.h	5784	f93506f61b08da68a7fc25c38eb8dc423ec879b0d5075000c87363ae1fb4dbcd	权威候选	存在补丁≠已安装
补丁库	C++	补丁-未确认安装	tc-bignum/补丁库/01_功能/A03_幻化/源文件/cs_transmog.cpp	36267	bd42a3e1f39faade9de1fcbb7d8e422ace556698d7a07c80fb4b92e83671d5b0	权威候选	存在补丁≠已安装
补丁库	文档	补丁-未确认安装	tc-bignum/补丁库/01_功能/A03_幻化/进度与安装说明.md	9713	236721d4222c11e76102c4d8ec65bd2494d1c7c6a68786309a91d7d86e222c91	权威候选	存在补丁≠已安装
补丁库	文档	补丁-未确认安装	tc-bignum/补丁库/01_功能/A04_装备魔改/安装说明.md	15124	8acc4c39bb114d552629f4b5832a7ff651b67a6065e0f3657e9fb1b256011018	权威候选	存在补丁≠已安装
补丁库	C++	补丁-未确认安装	tc-bignum/补丁库/01_功能/A04_装备魔改/源文件/cs_itemforge.cpp	126308	973a4e0bdc9e6da2f1a4613ee149d3bce358da453b181414280fb77511bf4138	权威候选	存在补丁≠已安装
补丁库	脚本	补丁-未确认安装	tc-bignum/补丁库/01_功能/A05_老职业技能/apply.sh	3657	a0b5636ad60384821586559cf1efb6f2dbf0f940bdbdbdb8e3e58ba8b68d4c77	权威候选	存在补丁≠已安装
补丁库	脚本	补丁-未确认安装	tc-bignum/补丁库/01_功能/A05_老职业技能/apply_summon.sh	3039	f4175a2410326d9bec2ce90358a1100482797be7083600f4db95eb2c31a1251a	权威候选	存在补丁≠已安装
补丁库	文档	补丁-未确认安装	tc-bignum/补丁库/01_功能/A05_老职业技能/安装说明.md	8990	2e7fbf97cef2a4341e27863cbbfe6f8287d5442176a1605d3f636eec085500e5	权威候选	存在补丁≠已安装
补丁库	C++	补丁-未确认安装	tc-bignum/补丁库/01_功能/A05_老职业技能/源文件/CustomSpellTweak.cpp	20560	7181b47e89f6980eb88af2c5dd771374b0d23c31fd2eae9566c2981e706a4205	权威候选	存在补丁≠已安装
补丁库	C++	补丁-未确认安装	tc-bignum/补丁库/01_功能/A05_老职业技能/源文件/CustomSpellTweak.h	5325	a5d92bed6e383e4c9e4ef627ab8c43963203b7db7bc85b13e2349ad219bdf3dd	权威候选	存在补丁≠已安装
补丁库	C++	补丁-未确认安装	tc-bignum/补丁库/01_功能/A06_战斗辅助/_编译验证/CombatSpecData.h	8546	2f62c1f882dbbc2734de126bb1628fd9bded7da1b637d351898f45bde457736d	权威候选	存在补丁≠已安装
补丁库	C++	补丁-未确认安装	tc-bignum/补丁库/01_功能/A06_战斗辅助/_编译验证/aoetest.cpp	4779	291a5ddbcc42b6956dd6edbdf6aaa710f4918140f82e66ae73bb4204b70faf6d	权威候选	存在补丁≠已安装
补丁库	C++	补丁-未确认安装	tc-bignum/补丁库/01_功能/A06_战斗辅助/_编译验证/bartest.cpp	1808	917973b6ec11299c049ecde4148581791e2cf313ef69ab298565518ac4d521fc	权威候选	存在补丁≠已安装
补丁库	C++	补丁-未确认安装	tc-bignum/补丁库/01_功能/A06_战斗辅助/_编译验证/bufffixtest.cpp	8403	1ed05f35d7c281b9cf3f574e8aaf2cfc37f35a36d6bcd2d32de9f6c32c3badca	权威候选	存在补丁≠已安装
补丁库	C++	补丁-未确认安装	tc-bignum/补丁库/01_功能/A06_战斗辅助/_编译验证/bugfixtest.cpp	9726	0559cdd71cf2f0d4c46387aaf19c4c4a594e50fa30b5682d2d33e9328088524c	权威候选	存在补丁≠已安装
补丁库	C++	补丁-未确认安装	tc-bignum/补丁库/01_功能/A06_战斗辅助/_编译验证/cs_test.cpp	123252	d94b4f4d30131c90477ffdd1e184b2f38bcbee383db7bdd618263de1df3f6332	权威候选	存在补丁≠已安装
补丁库	C++	补丁-未确认安装	tc-bignum/补丁库/01_功能/A06_战斗辅助/_编译验证/logictest.cpp	8827	ceaa0730879a6bda20a95c5c47f7b5d57743a4d3e608bc307770912d04572b20	权威候选	存在补丁≠已安装
补丁库	C++	补丁-未确认安装	tc-bignum/补丁库/01_功能/A06_战斗辅助/_编译验证/mock.h	21470	d4d11c0deb97977ab2735fdae946a7f738e1e493a348bb894ffb3038dd217c55	权威候选	存在补丁≠已安装
补丁库	C++	补丁-未确认安装	tc-bignum/补丁库/01_功能/A06_战斗辅助/_编译验证/persisttest.cpp	2569	d52d0f8fbb222395b02dade7f316fc7497d36691273aac0d0433ab355d7fe0f4	权威候选	存在补丁≠已安装
补丁库	C++	补丁-未确认安装	tc-bignum/补丁库/01_功能/A06_战斗辅助/_编译验证/runtest.cpp	7726	54c3252113f7c9a17b4dddd72fa37bd15a422e5eaef3377f6825df30dd8ba015	权威候选	存在补丁≠已安装
补丁库	C++	补丁-未确认安装	tc-bignum/补丁库/01_功能/A06_战斗辅助/_编译验证/setuptest.cpp	6028	45529227a827def728374ea978f8119bbdb11c493fec5fd2a0df2b8d3d6a9571	权威候选	存在补丁≠已安装
补丁库	C++	补丁-未确认安装	tc-bignum/补丁库/01_功能/A06_战斗辅助/_编译验证/shim.cpp	939	9040db8cd0f45c3552534154a9432b1abb34203c1c77135614b4c52299c06519	权威候选	存在补丁≠已安装
补丁库	C++	补丁-未确认安装	tc-bignum/补丁库/01_功能/A06_战斗辅助/_编译验证/specdata_test.cpp	65373	2fae4c259e40fe94671efe01428d5e71546128b194ddb0e17f407b3d7266c571	权威候选	存在补丁≠已安装
补丁库	C++	补丁-未确认安装	tc-bignum/补丁库/01_功能/A06_战斗辅助/_编译验证/v33test.cpp	11808	7da6cff180f8dfb9309bb7258fa992fbe7d84b2ee06b9ee4f53ebfdfd257c6f6	权威候选	存在补丁≠已安装
补丁库	C++	补丁-未确认安装	tc-bignum/补丁库/01_功能/A06_战斗辅助/_编译验证/v34test.cpp	11845	9899ea48627dd9877e0ef2f976cae2114e48f29cb46ebba985770402b6cd20d5	权威候选	存在补丁≠已安装
补丁库	C++	补丁-未确认安装	tc-bignum/补丁库/01_功能/A06_战斗辅助/_编译验证/v3test.cpp	11820	6aac33c2d08f41a424fe922b757741a409da5ad1ccb32439335a510d051ab788	权威候选	存在补丁≠已安装
补丁库	文档	补丁-未确认安装	tc-bignum/补丁库/01_功能/A06_战斗辅助/安装说明.md	32095	32bce40a3657c2cbb9b13b71011cc7b7389317c557601ffd9559741acf4f2761	权威候选	存在补丁≠已安装
补丁库	C++	补丁-未确认安装	tc-bignum/补丁库/01_功能/A06_战斗辅助/源文件/CombatSpecData.cpp	65373	2fae4c259e40fe94671efe01428d5e71546128b194ddb0e17f407b3d7266c571	权威候选	存在补丁≠已安装
补丁库	C++	补丁-未确认安装	tc-bignum/补丁库/01_功能/A06_战斗辅助/源文件/CombatSpecData.h	8548	c01ab4cbe40b12cfd7f4ddf9916998ec43e6ea7bebf8f836f06dd14c4651ca9d	权威候选	存在补丁≠已安装
补丁库	C++	补丁-未确认安装	tc-bignum/补丁库/01_功能/A06_战斗辅助/源文件/cs_combathelper.cpp	123792	2805de88e7a51bd20db1511b8b7e344d5abbe4216aaee357360ca29ad566e72d	权威候选	存在补丁≠已安装
补丁库	C++	补丁-未确认安装	tc-bignum/补丁库/01_功能/A07_属性持久化/_编译验证/mod_test.cpp	5380	03f51f66d453afe60a5bac8dd4a4a460b4d76aa51116bdbfdd2f1d39cd02441a	权威候选	存在补丁≠已安装
补丁库	文档	补丁-未确认安装	tc-bignum/补丁库/01_功能/A07_属性持久化/四个问题-答复.md	5258	642c9f7a6bb24d0e3a1a1f5ece5a9b7ab4431d497dfc2f95f0b106c1f51993c4	权威候选	存在补丁≠已安装
补丁库	文档	补丁-未确认安装	tc-bignum/补丁库/01_功能/A07_属性持久化/安装说明.md	6318	11657894f9009356e649c51dcf7ad543bdd7962725977d716a878f439410c685	权威候选	存在补丁≠已安装
补丁库	C++	补丁-未确认安装	tc-bignum/补丁库/01_功能/A07_属性持久化/源文件/CustomStatPersist.cpp	8399	24f8a408506deecdba9bb9a324b688adba010a4671ecf5710c5105fb4fe0771e	权威候选	存在补丁≠已安装
补丁库	C++	补丁-未确认安装	tc-bignum/补丁库/01_功能/A07_属性持久化/源文件/CustomStatPersist.h	4942	ba51534b0220327a40b40b88d85e39b9901f75cad7e2d8f65e49289cf08bc749	权威候选	存在补丁≠已安装
补丁库	C++	补丁-未确认安装	tc-bignum/补丁库/01_功能/A07_属性持久化/源文件/cs_modify.cpp	41901	1ae32ba311825b57c32ea4b89204c1335f62d787d4c1a7d4c8dce46a6032682a	权威候选	存在补丁≠已安装
补丁库	C++	补丁-未确认安装	tc-bignum/补丁库/01_功能/A07_属性持久化/源文件/statpersist_hook.cpp	1295	98bcffdbd82be78d28437d46a0e7c37a52f4b7312bd93ef9e7660b65f1d6e598	权威候选	存在补丁≠已安装
补丁库	文档	补丁-未确认安装	tc-bignum/补丁库/01_功能/A07_属性持久化/第5步-接入点修正.md	5696	67f695b5ecf27663caf02f4e9a74020becd8652ff90f731fd9160d463c099848	权威候选	存在补丁≠已安装
补丁库	C++	补丁-未确认安装	tc-bignum/补丁库/01_功能/A08_世界指令/_编译验证/fix2test.cpp	4826	a6f89d134c7d965f80284dfa949f544d2ba03ad5aad990a1030c1b267050b37d	权威候选	存在补丁≠已安装
补丁库	C++	补丁-未确认安装	tc-bignum/补丁库/01_功能/A08_世界指令/_编译验证/mailtest.cpp	6205	7efb239298c67aae1b41cb5670ec678d6048422ad6028dfc3db9b9ec46a071cb	权威候选	存在补丁≠已安装
补丁库	C++	补丁-未确认安装	tc-bignum/补丁库/01_功能/A08_世界指令/_编译验证/mock.h	13808	c2751245e97930f37ac11fb73f2b7b3b6aa68cfd9fece219a6f681a85140f6e4	权威候选	存在补丁≠已安装
补丁库	C++	补丁-未确认安装	tc-bignum/补丁库/01_功能/A08_世界指令/_编译验证/shim.cpp	878	9695286140427d8c2a0ad6702bb6d349742eb844baf08891c7dc2a89cbdf6d3e	权威候选	存在补丁≠已安装
补丁库	C++	补丁-未确认安装	tc-bignum/补丁库/01_功能/A08_世界指令/_编译验证/wt_test.cpp	53969	2cf2af402b562b135ac50c103a94a565f799801711b2166358ee17a0143881f2	权威候选	存在补丁≠已安装
补丁库	C++	补丁-未确认安装	tc-bignum/补丁库/01_功能/A08_世界指令/_编译验证/wttest.cpp	7758	889bc46c950d1961b356133f88d15802dfb51aad49430c25da41aafedfa6de2a	权威候选	存在补丁≠已安装
补丁库	文档	补丁-未确认安装	tc-bignum/补丁库/01_功能/A08_世界指令/安装说明.md	22337	2fa42ada9f94d8acbbae74ce895083012e954f86168dd306442a5c04b5896b33	权威候选	存在补丁≠已安装
补丁库	C++	补丁-未确认安装	tc-bignum/补丁库/01_功能/A08_世界指令/源文件/cs_worldtools.cpp	53969	2cf2af402b562b135ac50c103a94a565f799801711b2166358ee17a0143881f2	权威候选	存在补丁≠已安装
补丁库	C++	补丁-未确认安装	tc-bignum/补丁库/01_功能/A09_字段扩容/_编译验证/trunctest.cpp	5802	94d201c6cfba0fdd325fbf7002c3805f4448ce2ea17e7b113526eab440ee7827	权威候选	存在补丁≠已安装
补丁库	C++	补丁-未确认安装	tc-bignum/补丁库/01_功能/A09_字段扩容/_编译验证/widentest.cpp	6464	b1ea95a6dd2229d6226e6ec0dbeffbdfdd377a5885b2049aed5bc0d0f47afbcc	权威候选	存在补丁≠已安装
补丁库	脚本	补丁-未确认安装	tc-bignum/补丁库/01_功能/A09_字段扩容/apply_step22.sh	5370	2e174adae702e08eb32e11f603fdd1752a741515a07b66ae8c170fa190c9ed1f	权威候选	存在补丁≠已安装
补丁库	文档	补丁-未确认安装	tc-bignum/补丁库/01_功能/A09_字段扩容/安装说明.md	11460	3b87697c9f3bc22f7b18253127fd32dffa6f85cacd9a932da4c62f5046fe7a91	权威候选	存在补丁≠已安装
补丁库	C++	补丁-未确认安装	tc-bignum/补丁库/01_功能/A10_木桩/_编译验证/aitest.cpp	7107	6e7b78926c8016d88969cc6f6da054d6ac21ac65d6c6b538c0aeff8ddfa0c747	权威候选	存在补丁≠已安装
补丁库	C++	补丁-未确认安装	tc-bignum/补丁库/01_功能/A10_木桩/_编译验证/apfix.cpp	4895	593fbbdade90bc64d91b187cedcc2930398ea5dd732b8486e39a858ad6d2c74d	权威候选	存在补丁≠已安装
补丁库	C++	补丁-未确认安装	tc-bignum/补丁库/01_功能/A10_木桩/_编译验证/aptest.cpp	4069	beb0228c7ca0ea892cc207f7aead85ff5a11938c989bfda52bcd3123cb5744a4	权威候选	存在补丁≠已安装
补丁库	C++	补丁-未确认安装	tc-bignum/补丁库/01_功能/A10_木桩/_编译验证/deathstates.cpp	5341	366574bcd3fdfdbe05c3d313a876c63435db6f00b45dcc26f37797ccb9adee90	权威候选	存在补丁≠已安装
补丁库	C++	补丁-未确认安装	tc-bignum/补丁库/01_功能/A10_木桩/_编译验证/designtest.cpp	9269	605393b7c6a5f9c862d12f0c095f98151169d13ab575cd9e4e326c05aab76a79	权威候选	存在补丁≠已安装
补丁库	C++	补丁-未确认安装	tc-bignum/补丁库/01_功能/A10_木桩/_编译验证/dummytest.cpp	8768	0dee42f3d91e52bb8624a3532874fad510f3f7e6c069ec8ffedeffdef2be3204	权威候选	存在补丁≠已安装
补丁库	C++	补丁-未确认安装	tc-bignum/补丁库/01_功能/A10_木桩/_编译验证/fivestat.cpp	6522	9eeded883c82ad44b06b575a3c25ae389973f1b409659536cf8aaa16ed46699d	权威候选	存在补丁≠已安装
补丁库	C++	补丁-未确认安装	tc-bignum/补丁库/01_功能/A10_木桩/_编译验证/flagtest.cpp	2897	09c0a00047f41afcd206996b2ff02f271b105646613b6067b97b818acfdcf891	权威候选	存在补丁≠已安装
补丁库	C++	补丁-未确认安装	tc-bignum/补丁库/01_功能/A10_木桩/_编译验证/healbug.cpp	5017	e4b64eeadf959834e056b7f056edd2e1cc681c69a02314cd721210373ebeb99a	权威候选	存在补丁≠已安装
补丁库	脚本	补丁-未确认安装	tc-bignum/补丁库/01_功能/A10_木桩/_编译验证/incguard.py	3375	7d693300f9d1d938558b61144ab007a0df78854e5c44455a71968f23a715f22d	权威候选	存在补丁≠已安装
补丁库	C++	补丁-未确认安装	tc-bignum/补丁库/01_功能/A10_木桩/_编译验证/inttest.cpp	4062	18dd63c97ec094027769e3218a14e280a7e0e0f0a85760c5b3014b91fd4fada5	权威候选	存在补丁≠已安装
补丁库	C++	补丁-未确认安装	tc-bignum/补丁库/01_功能/A10_木桩/_编译验证/mock.h	16988	8e6679331f0cfdb9ab49b3f37809669cf6ce15158bb2c25853a496931f116ae7	权威候选	存在补丁≠已安装
补丁库	C++	补丁-未确认安装	tc-bignum/补丁库/01_功能/A10_木桩/_编译验证/realwall.cpp	3701	0aa08de70b098ebca6edd00aa3bd966e4d3b50824f79b2457b6cbddd10a0b723	权威候选	存在补丁≠已安装
补丁库	C++	补丁-未确认安装	tc-bignum/补丁库/01_功能/A10_木桩/_编译验证/staminatest.cpp	4974	dd1504a5fcdf82b5dce73791006513a7dbe3e240d402dc3fef93900670af4479	权威候选	存在补丁≠已安装
补丁库	C++	补丁-未确认安装	tc-bignum/补丁库/01_功能/A10_木桩/_编译验证/wallstest.cpp	5753	041e1d5d27f752901fa6067cf668fcdd3f43396a08fe9f0b709d3af002e0b419	权威候选	存在补丁≠已安装
补丁库	文档	补丁-未确认安装	tc-bignum/补丁库/01_功能/A10_木桩/安装说明.md	14145	36a2195573970f39219e3e440c2d06e719f59029969f9fe21cdf9cb2e8c712a0	权威候选	存在补丁≠已安装
补丁库	C++	补丁-未确认安装	tc-bignum/补丁库/01_功能/A10_木桩/源文件/cs_dummy.cpp	39748	ae30d56bdfe11d43dfccf8bd4c4c8a4bf51240dcb64c0103191ce3478a2bd1ae	权威候选	存在补丁≠已安装
补丁库	C++	补丁-未确认安装	tc-bignum/补丁库/01_功能/A11_血量扩容/_编译验证/clientwall.cpp	3965	3c5f30f47b2179b90ae7cd6b042481df21a7a3230089b8e808e494a4608f4e6a	权威候选	存在补丁≠已安装
补丁库	C++	补丁-未确认安装	tc-bignum/补丁库/01_功能/A11_血量扩容/_编译验证/sigtest.cpp	5943	707efed74510a20ddb669cad7bf0a23cee5e392d64cf02b41c3c5c9dc35fa006	权威候选	存在补丁≠已安装
补丁库	脚本	补丁-未确认安装	tc-bignum/补丁库/01_功能/A11_血量扩容/fix_health_param.py	11038	cf14a430f5d45e5799d4004c6a6a540714b84df98c975c1257c09f137e4df1d1	权威候选	存在补丁≠已安装
补丁库	文档	补丁-未确认安装	tc-bignum/补丁库/01_功能/A11_血量扩容/安装说明.md	5002	6abcba49c9f353ae0d5e4a62a316a3d2d6a814ca693d5e7dc04e6a8ba0748e53	权威候选	存在补丁≠已安装
补丁库	脚本	补丁-未确认安装	tc-bignum/补丁库/01_功能/A12_NPC状态调度/_编译验证/incguard.py	3375	7d693300f9d1d938558b61144ab007a0df78854e5c44455a71968f23a715f22d	权威候选	存在补丁≠已安装
补丁库	C++	补丁-未确认安装	tc-bignum/补丁库/01_功能/A12_NPC状态调度/_编译验证/statetest.cpp	7013	8cd886c9272e45eb73393e9e8f0e91f724811755aadd4096b0c03aeaa27dd9f1	权威候选	存在补丁≠已安装
补丁库	文档	补丁-未确认安装	tc-bignum/补丁库/01_功能/A12_NPC状态调度/安装说明.md	6228	ce4dfa28389c591b1cdd01976ad72b4f5c0f8446d7c1978a52c74309dcb6d741	权威候选	存在补丁≠已安装
补丁库	C++	补丁-未确认安装	tc-bignum/补丁库/01_功能/A12_NPC状态调度/源文件/cs_npcstate.cpp	21695	53cb3920ca9ae9068934b5551d6aad1b7ed32ca752bb004f72ed128866e0d8ef	权威候选	存在补丁≠已安装
补丁库	文档	补丁-未确认安装	tc-bignum/补丁库/01_功能/A13_闲逛bot开启/开启说明.md	4130	46584cd18eb0ade078ec0570d5325e1df61a8b7b6957cc622304505301cec1d0	权威候选	存在补丁≠已安装
补丁库	脚本	补丁-未确认安装	tc-bignum/补丁库/01_功能/A14_场景快照/_编译验证/incguard.py	3375	7d693300f9d1d938558b61144ab007a0df78854e5c44455a71968f23a715f22d	权威候选	存在补丁≠已安装
补丁库	文档	补丁-未确认安装	tc-bignum/补丁库/01_功能/A14_场景快照/安装说明.md	4980	e5cac792d5cb73c0d2b4af9ac107bb3e507c0ceaf17b63ddd51eec9fa5bb6721	权威候选	存在补丁≠已安装
补丁库	C++	补丁-未确认安装	tc-bignum/补丁库/01_功能/A14_场景快照/源文件/cs_scene.cpp	21621	f3a9c96b6630e85b14cb30b2d39559f9af2cdbf7932d3be9937ed9e7e8888848	权威候选	存在补丁≠已安装
补丁库	文档	补丁-未确认安装	tc-bignum/补丁库/01_功能/A15_剧情表情/API核实记录.md	7102	4ae34e4f12bbabd1bd5cc15e5e53342b3371da610d5f45496f1111298f5cdae7	权威候选	存在补丁≠已安装
补丁库	C++	补丁-未确认安装	tc-bignum/补丁库/01_功能/A15_剧情表情/_编译验证/emotetest.cpp	22065	9434847180f88c8dfea8bc69bce4ec81542efc91443bd3e90b13209c6674dfa8	权威候选	存在补丁≠已安装
补丁库	文档	补丁-未确认安装	tc-bignum/补丁库/01_功能/A15_剧情表情/安装说明.md	7741	79c2127ccac8e889dd75ad27014e0a91706487b301fc18029dca68fe909fcea4	权威候选	存在补丁≠已安装
补丁库	C++	补丁-未确认安装	tc-bignum/补丁库/01_功能/A15_剧情表情/源文件/cs_emote.cpp	38771	319a132668e3ade4c8ab23b19f14962a4308cca6c93b376e9ecb33dd9bc1bf9d	权威候选	存在补丁≠已安装
补丁库	文档	补丁-未确认安装	tc-bignum/补丁库/01_功能/A16_剧情对白/API核实记录.md	6148	cf4b27405d3962e2ffba05b647dc2a850c72bb8ac10d7a795355ec10273d9e54	权威候选	存在补丁≠已安装
补丁库	C++	补丁-未确认安装	tc-bignum/补丁库/01_功能/A16_剧情对白/_编译验证/saytest.cpp	8567	d0fa0420346a3bae036062165624e3f792ca3298e7eb6839f940b73e03024807	权威候选	存在补丁≠已安装
补丁库	文档	补丁-未确认安装	tc-bignum/补丁库/01_功能/A16_剧情对白/安装说明.md	6500	dbc41c4d06d2806d7554b6a0d431521c28a6c7518ac2dd5ded164d3f113e5f37	权威候选	存在补丁≠已安装
补丁库	C++	补丁-未确认安装	tc-bignum/补丁库/01_功能/A16_剧情对白/源文件/cs_say.cpp	20202	3599f19705b70971b8499675ee2f9683b2de5dde64e555b6c03e04a50da2ae26	权威候选	存在补丁≠已安装
补丁库	文档	补丁-未确认安装	tc-bignum/补丁库/01_功能/A17_外观控制/API核实记录.md	6541	25de16e044f46257167dc4f436973a8703d330f5a31afb9cb5b0d5f7ca49cb9b	权威候选	存在补丁≠已安装
补丁库	C++	补丁-未确认安装	tc-bignum/补丁库/01_功能/A17_外观控制/_编译验证/apptest.cpp	13327	cd212bacaf7f22d87227a2fd63c409a92b9cbf5ee44a6c32db756d7be6d719eb	权威候选	存在补丁≠已安装
补丁库	文档	补丁-未确认安装	tc-bignum/补丁库/01_功能/A17_外观控制/安装说明.md	7884	534800ba64a9e82c4647b5291acf82886380e74b24f62fc6949810e2c5e7b3cb	权威候选	存在补丁≠已安装
补丁库	C++	补丁-未确认安装	tc-bignum/补丁库/01_功能/A17_外观控制/源文件/cs_appearance.cpp	30111	e53c050926f0542ced3e5c6f5c66fcd524fb45bbcbfbcb73232da2a40fdffc71	权威候选	存在补丁≠已安装
补丁库	C++	补丁-未确认安装	tc-bignum/补丁库/01_功能/A18_模型搜索/_编译验证/fmtest.cpp	16048	3d92f025bcd401839374b6ae6ea21eb126f001252edfb55b8e758ed6d02e62df	权威候选	存在补丁≠已安装
补丁库	文档	补丁-未确认安装	tc-bignum/补丁库/01_功能/A18_模型搜索/安装说明.md	5836	5bf27e3e8e2ae6696dd27c325cc06a7728778d808dce030ee3c653eb1ec99df0	权威候选	存在补丁≠已安装
补丁库	C++	补丁-未确认安装	tc-bignum/补丁库/01_功能/A18_模型搜索/源文件/cs_modelfind.cpp	26874	dd743a7b17a78411df70390c35aa3af25b242f1a7fa1f5f3bcc24f739eddc3e7	权威候选	存在补丁≠已安装
补丁库	配置	补丁-未确认安装	tc-bignum/补丁库/01_功能/A19_游荡bot招募/conf/npcbot_wandering.conf	1964	31ce0fd60d5ab9c0262e741279a911dd5b916b623e29416f3eabbf7e6c263615	权威候选	存在补丁≠已安装
补丁库	文档	补丁-未确认安装	tc-bignum/补丁库/01_功能/A19_游荡bot招募/安装说明.md	8669	f06730792669810816030991cd69fea1401c12e4a05fd23fafdede3129104a57	权威候选	存在补丁≠已安装
补丁库	文档	补丁-未确认安装	tc-bignum/补丁库/01_功能/A19_游荡bot招募/排查-游荡bot仍无法对话.md	3997	b0a1cb38c5f20aee6539d1085a5d268b6932cdcae90fa2c91bd26dce83d1ca31	权威候选	存在补丁≠已安装
补丁库	C++	补丁-未确认安装	tc-bignum/补丁库/01_功能/A20_伙伴关怀/_编译验证/caretest.cpp	14570	41f291ee0fb18225dabb5dba0fa99e2d3d9443e0a3a9143ce292eb0155b671f9	权威候选	存在补丁≠已安装
补丁库	C++	补丁-未确认安装	tc-bignum/补丁库/01_功能/A20_伙伴关怀/_编译验证/caretest2.cpp	8678	cd738610d12e93399c2c56357c2a1b269027e26f4c164e33385b944cb05dffce	权威候选	存在补丁≠已安装
补丁库	配置	补丁-未确认安装	tc-bignum/补丁库/01_功能/A20_伙伴关怀/conf/npcbot_companion.conf	2396	e3d10cd1dfb35ffc3303d15518cfde52818b0353fa8e1fa84c83130daf6848b2	权威候选	存在补丁≠已安装
补丁库	SQL	补丁-未确认安装	tc-bignum/补丁库/01_功能/A20_伙伴关怀/sql/01_world_台词与物品.sql	7552	e79a2dadb1aa11e4515ef47dd17c41afc864296d3d1d88d28fb7ddd763f4c49f	权威候选	存在补丁≠已安装
补丁库	SQL	补丁-未确认安装	tc-bignum/补丁库/01_功能/A20_伙伴关怀/sql/02_characters_背包.sql	2226	2333c23671b143bcb1a7ba2d27da97fa249fd77bb1d1c35674e30e3d723cce61	权威候选	存在补丁≠已安装
补丁库	文档	补丁-未确认安装	tc-bignum/补丁库/01_功能/A20_伙伴关怀/安装说明.md	12010	9bcc131c2d65831239893ee8c63b28c030d8fee62b4aac2c7bcfcf4b5f26ffd5	权威候选	存在补丁≠已安装
补丁库	文档	补丁-未确认安装	tc-bignum/补丁库/01_功能/A20_伙伴关怀/源文件/bot_ai_companion_patch.md	10522	46d29e5d8fe93b70a64e5c407fc400a54fac7a08331617046e615603983dd30f	权威候选	存在补丁≠已安装
补丁库	C++	补丁-未确认安装	tc-bignum/补丁库/01_功能/A20_伙伴关怀/源文件/bot_companion.cpp	12812	1d0ecea15a795d6985f4ef3e84923f3c4629a99f51d0047a3933bad5b5f6fc34	权威候选	存在补丁≠已安装
补丁库	C++	补丁-未确认安装	tc-bignum/补丁库/01_功能/A20_伙伴关怀/源文件/bot_companion.h	4386	6e0ec906f47bcf1c948f7783b5dcb8f639a05a355ef630812193d5df89e5d615	权威候选	存在补丁≠已安装
补丁库	文档	补丁-未确认安装	tc-bignum/补丁库/01_功能/A20_伙伴关怀/源文件/修复-关怀不触发.md	9754	b852d1dfdd08b3bd2792f3300994fd3cc7701fd671a17342913f4d1796c0724c	权威候选	存在补丁≠已安装
补丁库	文档	补丁-未确认安装	tc-bignum/补丁库/01_功能/A20_伙伴关怀/源文件/挂载点-精确修正.md	3729	06544b8adcfd5b6570c37a68535efe8c91b2fa2a55745fde9227c5817a8069da	权威候选	存在补丁≠已安装
补丁库	C++	补丁-未确认安装	tc-bignum/补丁库/01_功能/A21_bot召集定位/_编译验证/bftest.cpp	9570	c1fff74480be68be46ac3fafda61655987690b79cce10fad0e6785100a1afd71	权威候选	存在补丁≠已安装
补丁库	文档	补丁-未确认安装	tc-bignum/补丁库/01_功能/A21_bot召集定位/安装说明.md	5150	24240625606ccc483cd47a16d55cad1f593f86b1760669059240b4b019b49490	权威候选	存在补丁≠已安装
补丁库	C++	补丁-未确认安装	tc-bignum/补丁库/01_功能/A21_bot召集定位/源文件/cs_botfind.cpp	20970	5f3f6b7c141465b2463d93c483cc8797e2faa570b2fc155d8351e412e76cea80	权威候选	存在补丁≠已安装
补丁库	文档	补丁-未确认安装	tc-bignum/补丁库/01_功能/A22_bot诊断/安装说明.md	5650	5c0a3fe48075d64946e88ebfac62da940d8ab69f19aafdfd58e642de20a582d0	权威候选	存在补丁≠已安装
补丁库	C++	补丁-未确认安装	tc-bignum/补丁库/01_功能/A22_bot诊断/源文件/cs_botdiag.cpp	20080	db9f904141375aa0093a07d0392851c31f52f678833ef2a6df7b4e27876e85fc	权威候选	存在补丁≠已安装
补丁库	文档	补丁-未确认安装	tc-bignum/补丁库/01_功能/A22_bot诊断/结案-炉石死循环.md	4970	16f049c347305da669fefacc151310ba645e406dadfb71859f7083942ae858e3	权威候选	存在补丁≠已安装
补丁库	文档	补丁-未确认安装	tc-bignum/补丁库/01_功能/A22_bot诊断/诊断结论-IsCasting.md	4174	41f37c30715a864a7277529aaec7fe032b5fee8c233db34cde1f28e82e1fa5ed	权威候选	存在补丁≠已安装
补丁库	文档	补丁-未确认安装	tc-bignum/补丁库/01_功能/A23_游荡bot窗口/根因分析.md	4546	3e1842ddb4282e1321e7f0d6c47895a2b5ad84a68276f8907685b2e1823206b6	权威候选	存在补丁≠已安装
补丁库	文档	补丁-未确认安装	tc-bignum/补丁库/01_功能/A23_游荡bot窗口/源文件/bot_ai_patch.md	4849	f8ff01b5793714ee20c8c04c3f269440c3980033a1e0e1636a948a7b8889ae82	权威候选	存在补丁≠已安装
补丁库	文档	补丁-未确认安装	tc-bignum/补丁库/01_功能/A24_游荡bot可交互/安装说明.md	5174	fd816b99c9e852cdab937f4edbce542a53c1584971c23ac825015ce530f75fec	权威候选	存在补丁≠已安装
补丁库	C++	补丁-未确认安装	tc-bignum/补丁库/01_功能/A25_PlayerBot上线/_编译验证/cometest.cpp	7737	f57100ce9b562e734a336174a00cfb90e2d0280f3dcca8af0f4cc23bf5703b1f	权威候选	存在补丁≠已安装
补丁库	C++	补丁-未确认安装	tc-bignum/补丁库/01_功能/A25_PlayerBot上线/_编译验证/stub.h	1206	131ddd10320b9db16cae96bc55c8f07a8ff805fe5f68313f631e334ac7efa844	权威候选	存在补丁≠已安装
补丁库	C++	补丁-未确认安装	tc-bignum/补丁库/01_功能/A25_PlayerBot上线/_编译验证/stub2.h	4163	3d2afedfcc11665db33db82717b7043f92707b5cfa995f3ef901f1fe0aaadaa1	权威候选	存在补丁≠已安装
补丁库	文档	补丁-未确认安装	tc-bignum/补丁库/01_功能/A25_PlayerBot上线/修复-登录不进世界.md	5297	1119bc275c0255488f2a04a4e0aee52d1d8eac7ae351a1a486d51f29ef9f77ac	权威候选	存在补丁≠已安装
补丁库	文档	补丁-未确认安装	tc-bignum/补丁库/01_功能/A25_PlayerBot上线/安装说明.md	15483	31d9e25c2582f94e5ff2fbcaf4ccb2b6ddba2e59f5aa63ca18c69a516e16b1a1	权威候选	存在补丁≠已安装
补丁库	文档	补丁-未确认安装	tc-bignum/补丁库/01_功能/A25_PlayerBot上线/技术方案.md	6442	7397ed3eeb4687d06d34f91f2259f0573db2b39286192acff9d4cf297ff22ce4	权威候选	存在补丁≠已安装
补丁库	C++	补丁-未确认安装	tc-bignum/补丁库/01_功能/A25_PlayerBot上线/源文件/cs_playerbot.cpp	39324	040961132034758e1f2ae46b02ca3f2331625280deea26aa0dcca1904910e0aa	权威候选	存在补丁≠已安装
补丁库	SQL	补丁-未确认安装	tc-bignum/补丁库/01_功能/A26_NPCBot汉化/sql/01_world_npcbot汉化.sql	5141	239926812c41502a736dec30ae8939b5e3d37ac747e1c404c9e041b6ef2deb8c	权威候选	存在补丁≠已安装
补丁库	文档	补丁-未确认安装	tc-bignum/补丁库/01_功能/A26_NPCBot汉化/安装说明.md	3925	3b9143131c275f85520aa9e6a418b71e22fcbdf0649a9c4f8dd2945f79fbeeb8	权威候选	存在补丁≠已安装
补丁库	文档	补丁-未确认安装	tc-bignum/补丁库/01_功能/A26_NPCBot汉化/源文件/botcommands_中文别名.md	6030	79106f30ed9cc4c3451fa56912aca0d43e7fd5925fabceea0635807be23ae35a	权威候选	存在补丁≠已安装
补丁库	C++	补丁-未确认安装	tc-bignum/补丁库/01_功能/A27_PlayerBot自动接受/_编译验证/aatest.cpp	14082	59fc99a9099d279dc65f041376cc0f0fcae9eedcff90e3478c1265664d0a8d7b	权威候选	存在补丁≠已安装
补丁库	C++	补丁-未确认安装	tc-bignum/补丁库/01_功能/A27_PlayerBot自动接受/_编译验证/tcstub.h	3004	b0bb3b9b54acaa7c6975a5eb4e922d89b35c53253e30f6857ec5be6f854c5683	权威候选	存在补丁≠已安装
补丁库	C++	补丁-未确认安装	tc-bignum/补丁库/01_功能/A27_PlayerBot自动接受/_编译验证/tcstub2.h	5570	9939c5cdfbadfa6944cc23a2799e9279685668e394c301e538dfc800912dad51	权威候选	存在补丁≠已安装
补丁库	文档	补丁-未确认安装	tc-bignum/补丁库/01_功能/A27_PlayerBot自动接受/剩余邀请类型-调查结论.md	8605	b549fa0b70f1e08c11ad0104eb6b07c152083e046e2ace5eb5f03ead168b5931	权威候选	存在补丁≠已安装
补丁库	文档	补丁-未确认安装	tc-bignum/补丁库/01_功能/A27_PlayerBot自动接受/安装说明.md	14781	31a0d6566f7a4076f090883df3b5194b80bdb35f159ac4c23e726c8aeed94e47	权威候选	存在补丁≠已安装
补丁库	文本/日志	补丁-未确认安装	tc-bignum/补丁库/01_功能/A27_PlayerBot自动接受/指纹.txt	574	c78f3a27bdaf408c921e23881325a99e20b4fe19c8a632be39e6fcccac5b8330	权威候选	存在补丁≠已安装
补丁库	C++	补丁-未确认安装	tc-bignum/补丁库/01_功能/A27_PlayerBot自动接受/源文件/pbot_autoaccept.cpp	25107	754e29869cec07c2e71b76af1ef36cc2d5f829e87de57288a23dac1017a14a8f	权威候选	存在补丁≠已安装
补丁库	C++	补丁-未确认安装	tc-bignum/补丁库/01_功能/A27_PlayerBot自动接受/源文件/pbot_autoaccept.h	3359	53bc99200ee2e066555c4fe7cb4c014043b55b0adfdf740e3f391230001a5e4e	权威候选	存在补丁≠已安装
补丁库	C++	补丁-未确认安装	tc-bignum/补丁库/01_功能/A28_Bot改名/_编译验证/bnstub.h	2229	19e6e43bd1dd40c876660bf06089952ebed1823d1065957a72d654ccbde19da7	权威候选	存在补丁≠已安装
补丁库	C++	补丁-未确认安装	tc-bignum/补丁库/01_功能/A28_Bot改名/_编译验证/bnstub2.h	1838	796a8da2ccb6d46ed1828b813071a364f2c4132a4b5f053d7270ef59affa7c49	权威候选	存在补丁≠已安装
补丁库	C++	补丁-未确认安装	tc-bignum/补丁库/01_功能/A28_Bot改名/_编译验证/bntest.cpp	7124	2777fe215285e4e44d94a33ac99695a1eebd827a12db7b3773668d803a5ee13d	权威候选	存在补丁≠已安装
补丁库	SQL	补丁-未确认安装	tc-bignum/补丁库/01_功能/A28_Bot改名/sql/改名模板.sql	7936	9134f5afaf416e3ad019ed6b32aefad675ea0f597a444944a60f4b816a4bc3c7	权威候选	存在补丁≠已安装
补丁库	文档	补丁-未确认安装	tc-bignum/补丁库/01_功能/A28_Bot改名/安装说明.md	10633	a01cca747ceb6cf3d24b0220af9de2938d0e447413776d9621b69b4da2de5e7d	权威候选	存在补丁≠已安装
补丁库	文本/日志	补丁-未确认安装	tc-bignum/补丁库/01_功能/A28_Bot改名/指纹.txt	327	48fe1e2da0b5aea5b6695e714f40c1453bb552c0cd3bebed1cd6f8d35cd0ceb6	权威候选	存在补丁≠已安装
补丁库	C++	补丁-未确认安装	tc-bignum/补丁库/01_功能/A28_Bot改名/源文件/cs_botrename.cpp	27431	f410ca9d7f9c66eb659200b7b78a3d971d13e2d3fc2e7db609dab399bd855a8c	权威候选	存在补丁≠已安装
补丁库	配置	补丁-未确认安装	tc-bignum/补丁库/01_功能/A29_bot数量上限/conf/npcbot_maxbots.conf	3366	27c51d1fe86d1cbbfe65fc62e94f191d97997e823abf6fd92bad273c1325f5fd	权威候选	存在补丁≠已安装
补丁库	配置	补丁-未确认安装	tc-bignum/补丁库/01_功能/A30_突破人数上限/conf/unlimited.conf	5346	56ffd9b4802704a79e2eb42a208fbbc76138a49ad06777601ab3cc369b00de94	权威候选	存在补丁≠已安装
补丁库	SQL	补丁-未确认安装	tc-bignum/补丁库/01_功能/A30_突破人数上限/sql/修复-宠物模板刷屏.sql	8798	049193725854e18f5298564cb8632731106a55681804476cc1571d0a5ff503b2	权威候选	存在补丁≠已安装
补丁库	SQL	补丁-未确认安装	tc-bignum/补丁库/01_功能/A30_突破人数上限/sql/修复-职业ID是0.sql	9016	c1432e1802666def6fa35aec8d7142b723ceeefb1e542730728a530b35a31778	权威候选	存在补丁≠已安装
补丁库	SQL	补丁-未确认安装	tc-bignum/补丁库/01_功能/A30_突破人数上限/sql/平均分配职业种族.sql	12095	6cfff211f7d10462dcfbf3d528ce7a3e105f454ba2acaa6cbe171cc9a6824d9c	权威候选	存在补丁≠已安装
补丁库	SQL	补丁-未确认安装	tc-bignum/补丁库/01_功能/A30_突破人数上限/sql/彻底清理指定区间.sql	8158	d4f4664f328b3571271a3be3a138b92533928f698027c30c064a9cbdb5d111f3	权威候选	存在补丁≠已安装
补丁库	SQL	补丁-未确认安装	tc-bignum/补丁库/01_功能/A30_突破人数上限/sql/批量生成bot模板.sql	11793	7264f46b725695d8bc1cbaba2cc003f9d7278e667f741a25ee37d45e5282cdc3	权威候选	存在补丁≠已安装
补丁库	SQL	补丁-未确认安装	tc-bignum/补丁库/01_功能/A30_突破人数上限/sql/批量生成bot模板_v2无存储过程.sql	16850	f9cdc969f7a4eed56a6ecb6eafa77a8bf2b5fe9fcc23e25b42f7dca76884bac6	权威候选	存在补丁≠已安装
补丁库	SQL	补丁-未确认安装	tc-bignum/补丁库/01_功能/A30_突破人数上限/sql/诊断-为什么bot数量不够.sql	8206	27aaaecd857e9fb90482770d29977d1e61c7afa0b47920172f49d250a9318a80	权威候选	存在补丁≠已安装
补丁库	文档	补丁-未确认安装	tc-bignum/补丁库/01_功能/A30_突破人数上限/安装说明.md	8806	e1084d9033bc4e8349105f38e60d17e6d1ea3642f025018045c004a35c37b6ff	权威候选	存在补丁≠已安装
补丁库	文档	补丁-未确认安装	tc-bignum/补丁库/01_功能/A31_游荡bot永久化_已停用/安装说明.md	8084	20e0d4d72b9527e825622362921b32c392744060f04152d19b394610e79be53f	权威候选	存在补丁≠已安装
补丁库	C++	补丁-未确认安装	tc-bignum/补丁库/01_功能/A31_游荡bot永久化_已停用/源文件/cs_botpersist.cpp	22300	53a421a8317eb575d5a371f6e48b9a12b7a0526d24ba8d18dc6d4b8c506037fd	权威候选	存在补丁≠已安装
补丁库	SQL	补丁-未确认安装	tc-bignum/补丁库/01_功能/A32_羁绊系统/sql/01_羁绊数据层.sql	10682	fb3993eecbfbda223b80a249108ae4e32839458b5716e86970acdb3d595af07e	权威候选	存在补丁≠已安装
补丁库	SQL	补丁-未确认安装	tc-bignum/补丁库/01_功能/A33_bot换外观/sql/换外观工具.sql	10746	e9494b9a193e6c84b1ca4bb6633d92f48ef387797bec624ac55a75896b2d43d1	权威候选	存在补丁≠已安装
补丁库	SQL	补丁-未确认安装	tc-bignum/补丁库/01_功能/A34_npcface玩家外观/sql/NPC变玩家外观-模板.sql	9240	1a6c6fb779aad126ac5c696fad317df372a6b1e88d2e892eb40a39552034bfc2	权威候选	存在补丁≠已安装
补丁库	文档	补丁-未确认安装	tc-bignum/补丁库/01_功能/A34_npcface玩家外观/方案-npcface指令.md	6273	14aa15b6be32975f75da2bc048c869aea0f00802be25a35d1bdcd6ad2a5c3949	权威候选	存在补丁≠已安装
补丁库	SQL	补丁-未确认安装	tc-bignum/补丁库/01_功能/A35_bot批量永久化/sql/01_小批量试点10个.sql	11399	1d33bf3f0823ecaeb89222e668c023d01b3936329d38246ca9abfb0b4f480bc1	权威候选	存在补丁≠已安装
补丁库	SQL	补丁-未确认安装	tc-bignum/补丁库/01_功能/A35_bot批量永久化/sql/02_诊断验证1和3.sql	7353	a783abc5a41d26508313b4913bae2999b0ba151dc6f412ceb85f572c8c99f7d7	权威候选	存在补丁≠已安装
补丁库	文档	补丁-未确认安装	tc-bignum/补丁库/01_功能/A35_bot批量永久化/说明.md	9541	5d1a7b0eac0f87780f47950f77c1b1161af942b66573313f58a1f3b5715f7ed2	权威候选	存在补丁≠已安装
补丁库	文档	补丁-未确认安装	tc-bignum/补丁库/01_功能/A35_bot批量永久化/验证结果解读.md	4628	c3b087e0cc41d1fc70c0f390341be0ec5a8297fb001a9696714076f1ebffd279	权威候选	存在补丁≠已安装
补丁库	SQL	补丁-未确认安装	tc-bignum/补丁库/01_功能/A36_持久化游荡bot/sql/分配三层架构.sql	7058	b27b95c36f548c39dedbc667a74d7b89a1d75e4edfeb59b8ef9109e06520960c	权威候选	存在补丁≠已安装
补丁库	SQL	补丁-未确认安装	tc-bignum/补丁库/01_功能/A36_持久化游荡bot/sql/给固定bot开启游荡.sql	5729	ca9e266a36b49e405e934bde02563c7aae08e606fe593e673530d56bd91db2ec	权威候选	存在补丁≠已安装
补丁库	SQL	补丁-未确认安装	tc-bignum/补丁库/01_功能/A36_持久化游荡bot/sql/给固定bot开启游荡_v2零变量.sql	6093	98622d0f859f67a205903e4c247cb310225abb3ba6fb011fb1a9ac2b1c44d560	权威候选	存在补丁≠已安装
补丁库	文档	补丁-未确认安装	tc-bignum/补丁库/01_功能/A36_持久化游荡bot/安装说明.md	6732	b36442104be3fdfa26f7fa42b16ef38803399a487bc4379a8c2d5ed0f2b52b4a	权威候选	存在补丁≠已安装
补丁库	SQL	补丁-未确认安装	tc-bignum/补丁库/01_功能/A37_羁绊与关怀_双向重做/sql/01_双向数据层.sql	14524	1bb1a1da8901eb05629bb9f1272a66e10563128330c19e84ee774524377db8d0	权威候选	存在补丁≠已安装
补丁库	SQL	补丁-未确认安装	tc-bignum/补丁库/01_功能/A37_羁绊与关怀_双向重做/sql/01b_修补bond表字段_MySQL兼容.sql	6265	5cebee463bf729d7020b37c806845d7f039883666f9ff1a111df7981ec4ec963	权威候选	存在补丁≠已安装
补丁库	SQL	补丁-未确认安装	tc-bignum/补丁库/01_功能/A37_羁绊与关怀_双向重做/sql/01c_建bond表_一步到位.sql	7352	c270f0da7a91a212b68245b0967870c4b93ee4bd5c251e5953fb033e1c1031d8	权威候选	存在补丁≠已安装
补丁库	文档	补丁-未确认安装	tc-bignum/补丁库/01_功能/A37_羁绊与关怀_双向重做/彻查报告-给予物品为什么没反应.md	6406	4215f3a3877391f41a45aee805329e1ebd9f541b9ed072d2b9c631768408151a	权威候选	存在补丁≠已安装
补丁库	文档	补丁-未确认安装	tc-bignum/补丁库/01_功能/A37_羁绊与关怀_双向重做/第2步_NPCBot赠予/修复-C2065编译错误.md	3870	b32734f389a1939e79ca5b413ce69b6e5f83cc2c19796e398655e7718e8cbae2	权威候选	存在补丁≠已安装
补丁库	SQL	补丁-未确认安装	tc-bignum/补丁库/01_功能/A37_羁绊与关怀_双向重做/第2步_NPCBot赠予/台词.sql	3217	db214eab0628e99b2c3e188aa3c872cfd3b44e00df168b7d0fc220b296006bae	权威候选	存在补丁≠已安装
补丁库	文档	补丁-未确认安装	tc-bignum/补丁库/01_功能/A37_羁绊与关怀_双向重做/第2步_NPCBot赠予/改动清单.md	14686	d4af6517aa28d666fe057700bfe95696f7cfa188f45aa0caf313065c0887431d	权威候选	存在补丁≠已安装
补丁库	文档	补丁-未确认安装	tc-bignum/补丁库/01_功能/A37_羁绊与关怀_双向重做/第3步_情感反馈层/改动清单.md	16964	a95559fbb70a97e872ac5b6a6f99892410c8df7cca5194afb7b32a1b17ec1eb4	权威候选	存在补丁≠已安装
补丁库	文档	补丁-未确认安装	tc-bignum/补丁库/01_功能/A37_羁绊与关怀_双向重做/第4步_羁绊计分/修复-编译错误.md	5574	6ccca6cba28433a643f7fdcdb684c2272cbb01370867d20ada30705b60df56c1	权威候选	存在补丁≠已安装
补丁库	文档	补丁-未确认安装	tc-bignum/补丁库/01_功能/A37_羁绊与关怀_双向重做/第4步_羁绊计分/修复2-声明位置不对.md	5634	fd708f7730fcc6dad34baca9e3edb059a68b777879d31c3b9962a3feb500d664	权威候选	存在补丁≠已安装
补丁库	文档	补丁-未确认安装	tc-bignum/补丁库/01_功能/A37_羁绊与关怀_双向重做/第4步_羁绊计分/改动清单.md	15168	9b143a48be49899636b8c7bdaaad94c69f3f96126301d956658371c6fa7e674b	权威候选	存在补丁≠已安装
补丁库	文档	补丁-未确认安装	tc-bignum/补丁库/01_功能/A37_羁绊与关怀_双向重做/第5步_bot主动索要/改动清单.md	17007	68d60018534a4fa08afb512ff08653eb84b04e3bd9853bea9eebb86de03b75ad	权威候选	存在补丁≠已安装
补丁库	文档	补丁-未确认安装	tc-bignum/补丁库/01_功能/A37_羁绊与关怀_双向重做/第6步_PlayerBot版/修复-编译错误.md	6003	4794847ce0abf738ad74f2830e2d0126267a1037b20c905b17a1daab4ec09f73	权威候选	存在补丁≠已安装
补丁库	文档	补丁-未确认安装	tc-bignum/补丁库/01_功能/A37_羁绊与关怀_双向重做/第6步_PlayerBot版/修复2-删掉bot_ai.cpp里的旧枚举.md	3651	d9dac971188387ab495363ae353242c96d86c8e8c091f6df398048e9a40dc50b	权威候选	存在补丁≠已安装
补丁库	文档	补丁-未确认安装	tc-bignum/补丁库/01_功能/A37_羁绊与关怀_双向重做/第6步_PlayerBot版/修复3-VS陈旧缓存.md	3660	b1c71b2cedeb6b58efac0762c0610c3477c89fae04bf150768a7b023117e5a5d	权威候选	存在补丁≠已安装
补丁库	文档	补丁-未确认安装	tc-bignum/补丁库/01_功能/A37_羁绊与关怀_双向重做/第6步_PlayerBot版/修复4-上线闪退.md	5386	5ff3c404bc59361e522451ae7233852eb287d43c7e180b54b122eed4834675fc	权威候选	存在补丁≠已安装
补丁库	文档	补丁-未确认安装	tc-bignum/补丁库/01_功能/A37_羁绊与关怀_双向重做/第6步_PlayerBot版/修复5-TryAcceptTrade崩溃.md	6945	94c4e8a847b6743fe7a4d961a992334564a3f0dbd5e2c92b46eefc7b51d378aa	权威候选	存在补丁≠已安装
补丁库	文档	补丁-未确认安装	tc-bignum/补丁库/01_功能/A37_羁绊与关怀_双向重做/第6步_PlayerBot版/定位-C2011仍报错.md	2725	1a833af72e612bb017c33820d6a47a78142975cebfa61e06ad4df3d945462dc3	权威候选	存在补丁≠已安装
补丁库	文档	补丁-未确认安装	tc-bignum/补丁库/01_功能/A37_羁绊与关怀_双向重做/第6步_PlayerBot版/排查-索要没触发.md	4372	5020b20820e5f686159af6eda5bd2afaea340aeead0681095371355130babb7e	权威候选	存在补丁≠已安装
补丁库	文档	补丁-未确认安装	tc-bignum/补丁库/01_功能/A37_羁绊与关怀_双向重做/第6步_PlayerBot版/改动清单.md	17021	394b1880697f01dbc5eebdee40457962c41a251b23b17594a7fcd1f751c30a85	权威候选	存在补丁≠已安装
补丁库	文档	补丁-未确认安装	tc-bignum/补丁库/01_功能/A37_羁绊与关怀_双向重做/设计方案.md	8946	350df41d3865aa40906890061df08813a2a11f9ba49aaca9008d47210e2ed730	权威候选	存在补丁≠已安装
补丁库	文档	补丁-未确认安装	tc-bignum/补丁库/01_功能/A38_游荡bot定点控制/操作手册.md	5844	c894c117b2509899cf1464d6a37b81a9392d22d024d60601949838d6fd0f1f6d	权威候选	存在补丁≠已安装
补丁库	文档	补丁-未确认安装	tc-bignum/补丁库/01_功能/A38_游荡bot锚点/改动清单.md	13441	f5ec48a6e559c903b892de9ca4d6377e78b9053c4fd3c24bd3750c1b8bf46de1	权威候选	存在补丁≠已安装
补丁库	文档	补丁-未确认安装	tc-bignum/补丁库/01_功能/A39_pbot常用指令补全/改动清单.md	12310	7efa25ba3e2baa1c3408a6519421c86898279b600d1ce20a7880a0e554e1ecb0	权威候选	存在补丁≠已安装
补丁库	文档	补丁-未确认安装	tc-bignum/补丁库/01_功能/A40_pbot补全UI/修复-C1075缺闭合大括号.md	5375	241b55ed24ca1a9897b43d87a619d38925128992b476552029222d65c0edab2f	权威候选	存在补丁≠已安装
补丁库	文档	补丁-未确认安装	tc-bignum/补丁库/01_功能/A40_pbot补全UI/修复2-精确补大括号.md	5525	d7728feae3fb88bab2a1b8a46c1560b71f439750b90fda44599bf8056ba73744	权威候选	存在补丁≠已安装
补丁库	文档	补丁-未确认安装	tc-bignum/补丁库/01_功能/A40_pbot补全UI/改动清单.md	9874	cd4a08383db51e0bcb4e13125a2dad218c3cda02031788625c977ff268f3847a	权威候选	存在补丁≠已安装
补丁库	C++	补丁-未确认安装	tc-bignum/补丁库/01_功能/A41_pbot自动上线/cs_playerbot_修复版.cpp	53532	ba6859f94e8ac9f78db82f65a2a491707560e1ef3b0dd6b3d9b5fb847afe2780	权威候选	存在补丁≠已安装
补丁库	文档	补丁-未确认安装	tc-bignum/补丁库/01_功能/A41_pbot自动上线/修复-函数插错位置.md	6112	10151efc6d2fb815d822994b58a83a3a494fedcc288e23bcce12c044f1f5cc86	权威候选	存在补丁≠已安装
补丁库	文档	补丁-未确认安装	tc-bignum/补丁库/01_功能/A41_pbot自动上线/修复2-中文变问号的抢救.md	5431	a83034320e3a084d22f04bac37de061777508101282fbab9b72cfac67b3ebd81	权威候选	存在补丁≠已安装
补丁库	文档	补丁-未确认安装	tc-bignum/补丁库/01_功能/A41_pbot自动上线/改动清单.md	18297	2f43f5bd9583e38d58790472832f0447a2757dbe66bf21a0fdccc57d22b3aac1	权威候选	存在补丁≠已安装
补丁库	文档	已装(探针证实)	tc-bignum/补丁库/01_功能/A42_种族职业口音/修复-第2步改错了函数.md	12168	2fca7d6bfc7ab68972aefe66af99fae5f2e6f0b4d19212c9566cec0929dc9079	已完成-禁重装	bot_companion.cpp:273
补丁库	文档	已装(探针证实)	tc-bignum/补丁库/01_功能/A42_种族职业口音/改动清单.md	11301	de0f44bbaa5ea1e0b05ae0306f2ca6bf48eb6903019563ed7625a920e3e058a2	已完成-禁重装	bot_companion.cpp:273
补丁库	文档	已装(探针证实)	tc-bignum/补丁库/01_功能/A42_种族职业口音/第2步_种族口音.md	21103	c826d6574e9e182eee4ea01009bf34a2415b3099e51f3e1ee39802d3548327db	已完成-禁重装	bot_companion.cpp:273
补丁库	C++	补丁-未确认安装	tc-bignum/补丁库/02_修复/F01_治疗致死/_编译验证/fixtest.cpp	5024	a46460ab462aa4c938617c03b743dc31a19dd66a4d2fd9370a3939887a0b48b2	权威候选	存在补丁≠已安装
补丁库	脚本	补丁-未确认安装	tc-bignum/补丁库/02_修复/F01_治疗致死/apply_step24.sh	4222	cf5805315fa02b2b38276d74feac67815b6ed5343252a979c363df6677be6d2c	权威候选	存在补丁≠已安装
补丁库	脚本	补丁-未确认安装	tc-bignum/补丁库/02_修复/F01_治疗致死/fix_modifyhealth.py	6043	b6cfb0c1d353fc91b0326e56edfe34750970167c3952859fe317cf9c9d2a7f13	权威候选	存在补丁≠已安装
补丁库	文档	补丁-未确认安装	tc-bignum/补丁库/02_修复/F01_治疗致死/安装说明.md	4888	8a2fa11c4fb8c94832c191d28dda208300bb116c7145581d5b52b5a4dc5a6a53	权威候选	存在补丁≠已安装
补丁库	文档	补丁-未确认安装	tc-bignum/补丁库/02_修复/F02_bot召唤/安装说明.md	5243	a06e0df7034e19fa5359b07984a662ec24fb2183ceca81066c2824a8a0c25274	权威候选	存在补丁≠已安装
补丁库	文档	补丁-未确认安装	tc-bignum/补丁库/02_修复/F02_bot召唤/源文件/bot_ai_patch.md	4289	9bca1a0ed24f13fc9ad515ad22cdd1a906e3143e730ec9cb01400cee604727c1	权威候选	存在补丁≠已安装
补丁库	C++	补丁-未确认安装	tc-bignum/补丁库/02_修复/F03_招募闪退与中文别名/_编译验证/enctest.cpp	2227	3f41f55c7895ada417bf276575466c00d556ad9820139d5c34d2eff349e4f1e0	权威候选	存在补丁≠已安装
补丁库	文档	补丁-未确认安装	tc-bignum/补丁库/02_修复/F03_招募闪退与中文别名/bug1-招募游荡bot闪退.md	8407	f0c58b543842e204c0c244c1e21d2c7661b340a71ab7a476e14be26e032d0833	权威候选	存在补丁≠已安装
补丁库	文档	补丁-未确认安装	tc-bignum/补丁库/02_修复/F03_招募闪退与中文别名/bug2-npcbot中文别名不生效.md	6966	0415aa0a30ad6c89a1917621b0ace32b49fc26f31f5bfd610e0956d6c52ddb80	权威候选	存在补丁≠已安装
补丁库	文本/日志	补丁-未确认安装	tc-bignum/补丁库/02_修复/F04_重复注册闪退/修复文件/alias.txt	3022	bb3f94796735cb0b87cc48dc1a75d29fba98b05e6d433c1a749dab61696df529	权威候选	存在补丁≠已安装
补丁库	脚本	补丁-未确认安装	tc-bignum/补丁库/02_修复/F04_重复注册闪退/修复文件/一键修复中文别名.sh	5357	e04876d8065ecd299437d04f59234747b8494303fdef648b26906072cc0ce1d8	权威候选	存在补丁≠已安装
补丁库	文档	补丁-未确认安装	tc-bignum/补丁库/02_修复/F04_重复注册闪退/修复说明.md	6251	563b045c42a6a5d20a9c21af911447164a978e3a1fbd816a05f242943efd8da6	权威候选	存在补丁≠已安装
补丁库	脚本	补丁-未确认安装	tc-bignum/补丁库/02_修复/F04_重复注册闪退/查中文命令重复.sh	4752	8d953bac891aa16e06cad37d500947828f4f6a7180f8966340086cfd4a87a217	权威候选	存在补丁≠已安装
补丁库	文档	补丁-未确认安装	tc-bignum/补丁库/02_修复/F04_重复注册闪退/结案-真凶是wp重复.md	7364	4cc5924a2ebfece39cfc184a3a7fdb4a704c688072524c7498b46c4fda206920	权威候选	存在补丁≠已安装
补丁库	文档	补丁-未确认安装	tc-bignum/补丁库/02_修复/F04_重复注册闪退/结案2-凶手是中文命令名.md	4398	89b0e706975a3949ad4e990678986df2ef073dbebceae4b4443a4bde8fb50338	权威候选	存在补丁≠已安装
补丁库	文档	补丁-未确认安装	tc-bignum/补丁库/02_修复/F04_重复注册闪退/结案3-真相是汉字被存成了问号.md	8963	764fde740fb8ad7ecfaf75d69726f9d8854f47b898de5db28c4557bced7111fd	权威候选	存在补丁≠已安装
补丁库	文档	补丁-未确认安装	tc-bignum/补丁库/02_修复/F04_重复注册闪退/让崩溃自己说出凶手.md	5358	507105894cfd3f6a7def89bce53ed0c86fe9889a2613ad5ad1ad4d87a63cbedf	权威候选	存在补丁≠已安装
补丁库	文档	补丁-未确认安装	tc-bignum/补丁库/02_修复/F04_重复注册闪退/诊断结果分析.md	5193	c850ce7a4a90c72242706e5573abb3e840b30cf428722d4a4b183c25309e6f14	权威候选	存在补丁≠已安装
补丁库	脚本	补丁-未确认安装	tc-bignum/补丁库/02_修复/F04_重复注册闪退/诊断脚本.sh	3526	768fd6516676037722b669eadaaa79ce65e9724d128569b1aad93eb7d4d27b39	权威候选	存在补丁≠已安装
补丁库	脚本	补丁-未确认安装	tc-bignum/补丁库/02_修复/F04_重复注册闪退/诊断脚本v2.sh	8923	e351a094aed3a81c41a4cc85d408e6048ed43f1a64f1f06759731943b155e1f5	权威候选	存在补丁≠已安装
补丁库	文档	补丁-未确认安装	tc-bignum/补丁库/02_修复/F05_游荡bot崩溃/bug根因与修复.md	9488	1fe277104aad065d3ea445519e754470ef6d7b01a67af037f02d42374f812d2a	权威候选	存在补丁≠已安装
补丁库	SQL	补丁-未确认安装	tc-bignum/补丁库/02_修复/F05_游荡bot崩溃/sql/02_world_npcbot汉化补全.sql	15876	3738a5ff8d62b24ae38bf1ebc1e72b06e5c33bd8fa96712ae3daf2857686f463	权威候选	存在补丁≠已安装
补丁库	文档	补丁-未确认安装	tc-bignum/补丁库/02_修复/F06_宠物无主崩溃/根因与修复.md	8254	f5fad3da25866004d11ed0e8e69fa776baeaec69b175435b613322503b922c1c	权威候选	存在补丁≠已安装
补丁库	文档	补丁-未确认安装	tc-bignum/补丁库/02_修复/F07_自动接受彻查/根因-公会签名与交易.md	10279	0b8dcb1c7a5192e3863dd8e3bfe22d13668af5cc8b4fda8468601cb8f1306791	权威候选	存在补丁≠已安装
补丁库	C++	补丁-未确认安装	tc-bignum/补丁库/02_修复/F08_编译C2447_编码/pbot_autoaccept.cpp	26026	dcba13aaec9744c7e1a5e42fa2b50d800cf4de2fce6a53439c658f37f555541b	权威候选	存在补丁≠已安装
补丁库	文档	补丁-未确认安装	tc-bignum/补丁库/02_修复/F08_编译C2447_编码/安装说明.md	7318	2b4ab1f299ef5566a5412e31e35cc720fca95e6c923f535848d74d2ff4106ec7	权威候选	存在补丁≠已安装
补丁库	文档	补丁-未确认安装	tc-bignum/补丁库/02_修复/F09_改名生效与ginvite/安装说明.md	6979	1734db0b4c5e2b557c9ef9ada6a3370a51b6b2315e20cb1bb0f7c80ccfe14379	权威候选	存在补丁≠已安装
补丁库	C++	补丁-未确认安装	tc-bignum/补丁库/02_修复/F09_改名生效与ginvite/源文件/cs_botrename.cpp	34826	77b121e32d6fc03b820226a994646a8e223e18129e2ec556a75a873c8f03912b	权威候选	存在补丁≠已安装
补丁库	文档	补丁-未确认安装	tc-bignum/补丁库/02_修复/F09_改名生效与ginvite/诊断报告.md	10566	6afcc39fe10fece446b6b9f5e59ff4949ae8486b853f9186685f1e30f571ddb6	权威候选	存在补丁≠已安装
补丁库	文档	补丁-未确认安装	tc-bignum/补丁库/02_修复/F10_交易第2版/安装说明.md	8871	d74bccaa9687bb454425294cdb4d6755e769335d20add36cbff3299ace821cd3	权威候选	存在补丁≠已安装
补丁库	文档	补丁-未确认安装	tc-bignum/补丁库/02_修复/F10_交易第2版/根因分析.md	10695	966e46e069ba4115bb8aa8fa817918836bf4210cc19ead7bf6afb575846a0a02	权威候选	存在补丁≠已安装
补丁库	C++	补丁-未确认安装	tc-bignum/补丁库/02_修复/F10_交易第2版/源文件/pbot_autoaccept.cpp	28985	76a4f3387b49541dc4cb74838ae7657639c61dac444d2b68ceb289ea5a0ada01	权威候选	存在补丁≠已安装
补丁库	C++	补丁-未确认安装	tc-bignum/补丁库/02_修复/F10_交易第2版/源文件/pbot_autoaccept.h	4016	969a51ffc2132f84922f4539658ed27f8289a618d519bc7a8ef950a0304c02ad	权威候选	存在补丁≠已安装
补丁库	文档	补丁-未确认安装	tc-bignum/补丁库/02_修复/F11_交易钩子_已解决/安装说明.md	9369	1368e3ce14626859bbdf2bcdd13d52662d7b7c041103b86448b6df6669202dc6	权威候选	存在补丁≠已安装
补丁库	文档	补丁-未确认安装	tc-bignum/补丁库/02_修复/F11_交易钩子_已解决/根因-为什么轮询不行.md	7907	7c1d09965f7c4bcdc68e1796c2c3104eb843f633ba3ff0fc900dbfa2c390e7d7	权威候选	存在补丁≠已安装
补丁库	C++	补丁-未确认安装	tc-bignum/补丁库/02_修复/F11_交易钩子_已解决/源文件/pbot_autoaccept.cpp	26947	d82fb9538e6f9f1a9ba5c09ec2725b07f2dbb054bf6792c3af89ed5b8262fdd2	权威候选	存在补丁≠已安装
补丁库	文档	补丁-未确认安装	tc-bignum/补丁库/02_修复/F12_链接LNK2019/根因与修复.md	6736	cbc640e5ebc6d7ac46d8a095a5dff01d510e6d8cf213df89df2b0f08ef7b20b3	权威候选	存在补丁≠已安装
补丁库	文档	补丁-未确认安装	tc-bignum/补丁库/02_修复/F13_bpet_ai继承修正/根因与修复.md	6462	99aa8775f5b6f57aacb0e376a81b6510df307912ab13334af6599057a59caa76	权威候选	存在补丁≠已安装
补丁库	SQL	补丁-未确认安装	tc-bignum/补丁库/02_修复/F14_pin状态矛盾/sql/诊断与修复.sql	7246	e8ee3884cb2048f78bd6e22dd2359db5168d02b036ded006122858fe0f8311e9	权威候选	存在补丁≠已安装
补丁库	文档	补丁-未确认安装	tc-bignum/补丁库/02_修复/F14_pin状态矛盾/安装说明.md	7141	737bc0d1f5fdf98eaed7723fc6a3ce2e7e3f19ecfd9c9c8d770c80da2160d53e	权威候选	存在补丁≠已安装
补丁库	文档	补丁-未确认安装	tc-bignum/补丁库/02_修复/F14_pin状态矛盾/排查-指令没生效.md	4604	1e4dc46e2560130fe3fe26187e4f2ff2b1d6e89eec21c3b781e2c87cafdecc04	权威候选	存在补丁≠已安装
补丁库	文档	补丁-未确认安装	tc-bignum/补丁库/02_修复/F14_pin状态矛盾/排查-第2轮-正确方法.md	3189	a2b3eb4f40c9f3599f0ae1f357d300efe58e06f4da6e154c13bf72492d5f62e0	权威候选	存在补丁≠已安装
补丁库	文档	补丁-未确认安装	tc-bignum/补丁库/02_修复/F14_pin状态矛盾/根因与修复.md	7463	f35ddcc50cd74322752c5b91308dc1f5cb28e300b94ff3835b257d16ae3ebc4e	权威候选	存在补丁≠已安装
补丁库	C++	补丁-未确认安装	tc-bignum/补丁库/02_修复/F14_pin状态矛盾/源文件/cs_botpersist.cpp	33946	2ebaeab3aa6f89c276fb61c9bb2366da07ea742ff9c29919575ef5bbd41b956a	权威候选	存在补丁≠已安装
补丁库	文档	补丁-未确认安装	tc-bignum/补丁库/02_修复/F15_pin顺序与野指针/安装说明.md	6868	7050c6ed06e4c9cab0b52499ac6d450b400e11b0dad9294c61ff522d950e6c76	权威候选	存在补丁≠已安装
补丁库	文档	补丁-未确认安装	tc-bignum/补丁库/02_修复/F15_pin顺序与野指针/根因-两个致命错误.md	7591	686005d512a0a094ee8259eedd0e7c6a7983f5c2a6e3bf439d3f4821b38f145c	权威候选	存在补丁≠已安装
补丁库	C++	补丁-未确认安装	tc-bignum/补丁库/02_修复/F15_pin顺序与野指针/源文件/cs_botpersist.cpp	39654	851ed9188e497e4d915f4a8d4cecda5bb1f52aa05ae19a4ca52c4e2ca3926733	权威候选	存在补丁≠已安装
补丁库	文档	补丁-未确认安装	tc-bignum/补丁库/02_修复/F16_pin判断模型/安装说明.md	6350	231f6bc50906e5451a61945598595180de09e93e51dab01bf36fe7a81aa4ed47	权威候选	存在补丁≠已安装
补丁库	文档	补丁-未确认安装	tc-bignum/补丁库/02_修复/F16_pin判断模型/根因-我的判断模型从头就错.md	6894	4f862c2368ea7744295c7e91263383835ba27d8e086805f5b3ec431943155a9b	权威候选	存在补丁≠已安装
补丁库	C++	补丁-未确认安装	tc-bignum/补丁库/02_修复/F16_pin判断模型/源文件/cs_botpersist.cpp	41370	e0e54bfe8046f8c97dcfdc8d8e845f5126abbfba636f80f0700fb40d946894a3	权威候选	存在补丁≠已安装
补丁库	SQL	补丁-未确认安装	tc-bignum/补丁库/02_修复/F17_pin停用_当前/sql/紧急-检查并清理pin污染.sql	5338	b2d62b45bfe7d5d01f585e4780426458b374cc95a453aead569ea209dff64c75	权威候选	存在补丁≠已安装
补丁库	文档	补丁-未确认安装	tc-bignum/补丁库/02_修复/F17_pin停用_当前/安装说明.md	7242	adbe1aa6c41eceb7b83d86063213ac6c667903ddac9a4a7b77ab26f80b20c6f4	权威候选	存在补丁≠已安装
补丁库	文档	补丁-未确认安装	tc-bignum/补丁库/02_修复/F17_pin停用_当前/根因-游荡bot根本无法被pin.md	7561	39f9dd8a1c5ea552a27f7ffaf8fc79e2f8ffc7ecee83f3300d14db40fe4c72ab	权威候选	存在补丁≠已安装
补丁库	C++	补丁-未确认安装	tc-bignum/补丁库/02_修复/F17_pin停用_当前/源文件/cs_botpersist.cpp	36465	db4140facc41577e3030290bf35a2662af1622d0be5aca1f03a2cc9282f48f5b	权威候选	存在补丁≠已安装
补丁库	配置	补丁-未确认安装	tc-bignum/补丁库/02_修复/F18_三个bug_加载与站桩/conf/关闭bot加载刷屏.conf	5553	b69f2f020474713c655a099e42e21e0450da72f9ee8003c42dd49299593fee4c	权威候选	存在补丁≠已安装
补丁库	SQL	补丁-未确认安装	tc-bignum/补丁库/02_修复/F18_三个bug_加载与站桩/sql/诊断-160的真实数字.sql	7255	b21cc543003c1c7546917ba5a58a0ccbc338bff00d4776ee233cd022b9a821c5	权威候选	存在补丁≠已安装
补丁库	SQL	补丁-未确认安装	tc-bignum/补丁库/02_修复/F18_三个bug_加载与站桩/sql/诊断-为什么只有160个.sql	5425	91fdbf1591bb0154a704f413204da25c116c4ec9a8ebc39754df04646209e5c0	权威候选	存在补丁≠已安装
补丁库	文档	补丁-未确认安装	tc-bignum/补丁库/02_修复/F18_三个bug_加载与站桩/修复-剩余刷屏与A36失效.md	5135	a07a244816125d12a41df80c78a50355898346ea391ffd661dca79a4a42648e9	权威候选	存在补丁≠已安装
补丁库	文档	补丁-未确认安装	tc-bignum/补丁库/02_修复/F18_三个bug_加载与站桩/修复-编译错误.md	4798	6ac6a61cbe04dfa2f27b45a9fdbefec54185dff65efa46358d8bfc52e3323d6a	权威候选	存在补丁≠已安装
补丁库	文档	补丁-未确认安装	tc-bignum/补丁库/02_修复/F18_三个bug_加载与站桩/最快定位-看启动日志.md	4374	e7dd2aa7842ea45d28a0382e81cacf988e5bb1102bc04462b62401a64f089e65	权威候选	存在补丁≠已安装
补丁库	文档	补丁-未确认安装	tc-bignum/补丁库/02_修复/F18_三个bug_加载与站桩/根因-真凶是500ms限速.md	7144	a9afa6495726ab584f190ff47adae73480dbde1cf783996adc81b5a3cf9d262f	权威候选	存在补丁≠已安装
补丁库	文档	补丁-未确认安装	tc-bignum/补丁库/02_修复/F18_三个bug_加载与站桩/根因诊断.md	6177	66818ca9cf03d55dc5db163cbe04a0a299685ab510e9e45edbf2232ca7167a4d	权威候选	存在补丁≠已安装
补丁库	文档	补丁-未确认安装	tc-bignum/补丁库/02_修复/F19_站桩与和平模式/改动清单.md	3905	594ce4deb435645aef38b035a8a550310e7604ccd0d0889be7547e97e1e7aa54	权威候选	存在补丁≠已安装
补丁库	文档	补丁-未确认安装	tc-bignum/补丁库/02_修复/F19_站桩与和平模式/根因与方案.md	9499	f195764f3559e3f277b082b61f48b59762a162d2693398a291511f034fac74c0	权威候选	存在补丁≠已安装
补丁库	文档	补丁-未确认安装	tc-bignum/补丁库/02_修复/F20_站桩真因/改动清单.md	2851	b51329245ff0f4379e3742c214dc51de6367ec144fa7898e8ec2a0928658300d	权威候选	存在补丁≠已安装
补丁库	文档	补丁-未确认安装	tc-bignum/补丁库/02_修复/F20_站桩真因/根因与修复.md	4711	a30d5be77efe43fced602e32ba092cc67dc5b0822160e704e1061fe8c7dfd496	权威候选	存在补丁≠已安装
补丁库	SQL	补丁-未确认安装	tc-bignum/补丁库/02_修复/F21_组队数据崩服/修复.sql	6038	789cc0356922b95c1b88824e278e21704177fbe8afdc4cfe85870a9e2860aa25	权威候选	存在补丁≠已安装
补丁库	文档	补丁-未确认安装	tc-bignum/补丁库/02_修复/F21_组队数据崩服/说明.md	4268	05269d942cf81d29370c301dd7b01bd3df7200644596deab55ac1928d2c5bb96	权威候选	存在补丁≠已安装
补丁库	文档	补丁-未确认安装	tc-bignum/补丁库/02_修复/F22_move指令闪退/根因与修复.md	17352	440be80ba98ef0fa397413f01292e720980886948788ef5b623975f5ebd0b474	权威候选	存在补丁≠已安装
补丁库	SQL	补丁-未确认安装	tc-bignum/补丁库/02_修复/F22_move指令闪退/诊断-70231.sql	4945	1ba4f8edcb904bcaae56f3c878714a2781ed3f35c5d227b993d7d68edf3d539a	权威候选	存在补丁≠已安装
补丁库	SQL	补丁-未确认安装	tc-bignum/补丁库/02_修复/F22_move指令闪退/诊断-A36是否失效.sql	2873	00a6d9e2af0ae8a3dc60a28c03a28321ea5a7ea8d14b2e3d81e09428b50a0c03	权威候选	存在补丁≠已安装
补丁库	SQL	补丁-未确认安装	tc-bignum/补丁库/02_修复/F22_move指令闪退/诊断.sql	3142	8b04822e4b49b6ece84c0e54d68426897e582f86859a140c89de2076764a7a4c	权威候选	存在补丁≠已安装
补丁库	SQL	补丁-未确认安装	tc-bignum/补丁库/02_修复/F23_固定bot实体丢失/一次问清.sql	5980	d6cc15a3c23c812d6d01bf7e2f60c1c29d097340225b123741b28aee8bc4588d	权威候选	存在补丁≠已安装
补丁库	SQL	补丁-未确认安装	tc-bignum/补丁库/02_修复/F23_固定bot实体丢失/修复.sql	11229	e622d78cec9d786249664b75fd6c1a19dc1c8cf20834820ac898b556065405ad	权威候选	存在补丁≠已安装
补丁库	SQL	补丁-未确认安装	tc-bignum/补丁库/02_修复/F24_A36导致bot卡在世界外/修复.sql	5455	c549524c8bf4893a7221b8db8904dec4c5522691a0cb1f042be7909b99e1a94d	权威候选	存在补丁≠已安装
补丁库	文档	补丁-未确认安装	tc-bignum/补丁库/02_修复/F25_pbot交易与踢人/修复-C2027缺Group头文件.md	2281	8b3ec8c1603047ece396951296cab92d97a584e5abe9da8eae92af72cc654bf2	权威候选	存在补丁≠已安装
补丁库	文档	补丁-未确认安装	tc-bignum/补丁库/02_修复/F25_pbot交易与踢人/根因与修复.md	10754	40073b1a8a64043f0f9dc309cb4da02bf59ab885538f7534cb7f769b435994f0	权威候选	存在补丁≠已安装
补丁库	文档	补丁-未确认安装	tc-bignum/补丁库/02_修复/F26_交易被距离自愈秒取消/根因与修复.md	10045	4485001723ff29c8414afeb1c8780c27493723af6102a395a907841e967bbd16	权威候选	存在补丁≠已安装
补丁库	文档	补丁-未确认安装	tc-bignum/补丁库/02_修复/F27_交易仍被取消/定位-加日志.md	7547	824f24e1d0b7d0dc2d6c020160d9ae2408ab006a48c10bc4068510c3f54005e9	权威候选	存在补丁≠已安装
补丁库	文档	补丁-未确认安装	tc-bignum/补丁库/02_修复/F27_交易仍被取消/根因-代码被重复粘贴3次.md	6250	c1ff323d5610e4f3f128bd4b3cd69298763b08dc5a48dd12d6040aa96153497f	权威候选	存在补丁≠已安装
补丁库	文档	补丁-未确认安装	tc-bignum/补丁库/02_修复/F27_交易仍被取消/根因与修复.md	6914	d760da929164c0290e0b31e93afdfc5c4128b11388e2bc6508b62338d257ba84	权威候选	存在补丁≠已安装
补丁库	文档	补丁-未确认安装	tc-bignum/补丁库/02_修复/F28_全面去重自检/你的检测结果分析.md	4724	738d244bacaf56e8155a8e9d03663ed3fdeb192512c075ea0e43b111aec253ba	权威候选	存在补丁≠已安装
补丁库	文档	补丁-未确认安装	tc-bignum/补丁库/02_修复/F28_全面去重自检/工具使用说明.md	3286	72e2795da6422a83e809e7d40bc3a59247608f3883bde6f31e079a76bd03a906	权威候选	存在补丁≠已安装
补丁库	文档	补丁-未确认安装	tc-bignum/补丁库/02_修复/F28_全面去重自检/重复代码自检清单.md	8824	e2b00d8a374af743cbeb3dfbe80dc8f51426a60399b9a9231d3063f8fac4ba2b	权威候选	存在补丁≠已安装
补丁库	文档	补丁-未确认安装	tc-bignum/补丁库/02_修复/F29_party1刷屏根治/根因与修复.md	6563	b42d29e9859656a26662957f70974cb8413ad9a36bc4623b0755f9912113f6e5	权威候选	存在补丁≠已安装
补丁库	文档	补丁-未确认安装	tc-bignum/补丁库/02_修复/F30_三问题一次定位/根因与修复.md	9722	bfc1866b0581a107d9113d273b44069cb38d2bb719fe00798e0a48dc5851b50b	权威候选	存在补丁≠已安装
补丁库	文档	补丁-未确认安装	tc-bignum/补丁库/02_修复/F31_队长巡检真因/根因与修复.md	15046	717a5b57d899c23c720ff18bb78187f11f5a0df45e67bef643eca1537445d1e3	权威候选	存在补丁≠已安装
补丁库	文档	补丁-未确认安装	tc-bignum/补丁库/02_修复/F32_ElvUI刷屏根治/根因与修复.md	9410	fe548f7a4defccbb29a722ccc25793048e4a331c2a6607f73ad8e7504538d98d	权威候选	存在补丁≠已安装
补丁库	文档	补丁-未确认安装	tc-bignum/补丁库/02_修复/F33_套装给bot失败/根因与修复.md	11640	a6d4ace6da3c60289dce2c54b91d24be1f47aa0c0dd1401bbb40e2ab20eb70c7	权威候选	存在补丁≠已安装
补丁库	文档	补丁-未确认安装	tc-bignum/补丁库/02_修复/F34_ElvUI刷屏抓真凶/探针与两条路.md	9377	12561d3eb3af28a32d1d15f990a404ffcb8a3400fefec426d094d371a8a152a1	权威候选	存在补丁≠已安装
补丁库	C++	补丁-未确认安装	tc-bignum/补丁库/02_修复/F35_bot_ai中文修复/源文件/bot_ai.cpp	964912	1724a0be8055e79a6cd24040b50bbe443eb88b3c42cafdfcda4bff8d4e620500	权威候选	存在补丁≠已安装
补丁库	C++	补丁-未确认安装	tc-bignum/补丁库/02_修复/F35_bot_ai中文修复/源文件/bot_ai.h	42755	898b6cd3a54bd008e21961f17682e989901c7d02455b44a54041b6c6be3f9d52	权威候选	存在补丁≠已安装
补丁库	文档	补丁-未确认安装	tc-bignum/补丁库/02_修复/F35_bot_ai中文修复/说明.md	3642	5b6771906e62e6231950335d12defd9c4ce57330b13f4f74bc9225677a792dff	权威候选	存在补丁≠已安装
补丁库	文档	补丁-未确认安装	tc-bignum/补丁库/02_修复/F36_游荡bot数量ASSERT崩服/根因与修复.md	4946	581586c0f845204886b2676b0a6ae957df22227c05dcf744e90ad491f9f62790	权威候选	存在补丁≠已安装
补丁库	文档	补丁-未确认安装	tc-bignum/补丁库/02_修复/F37_切角色闪退与A42种族失效/根因与修复.md	9644	fda01948204b238de59876415463d70df14ab5a34b96bbab561942611b7fd14b	权威候选	存在补丁≠已安装
补丁库	文档	补丁-未确认安装	tc-bignum/补丁库/02_修复/F38_切角色闪退真凶/根因与修复.md	5098	fefee1735b1ac59ac4ad36b9e4da2f8bb5641e847deed937e489f909d0e9d3c9	权威候选	存在补丁≠已安装
补丁库	文档	补丁-未确认安装	tc-bignum/补丁库/02_修复/F39_游荡bot卡位不追击/根因与修复.md	6548	b4fb5955f51788b416bc4b3c6fcc0a03f49c7230bccdcb55097372f2d4b1f3f4	权威候选	存在补丁≠已安装
补丁库	文档	已装并验证	tc-bignum/补丁库/02_修复/F40_剑圣镜像导致登出闪退/根因与修复.md	9371	602556d17778c673a109d4e8274ec77676ad8c7c8f7a0c5424953a97daa4ca18	已完成-禁重装	用户实测通过,重复安装会破坏代码
补丁库	文档	已装并验证	tc-bignum/补丁库/02_修复/F41_游荡bot不打中立怪与发呆/根因与修复.md	8274	b0bffdc54baa3db2397976a0e0605903732e8dfd30c0bff21723da4c277d8f2f	已完成-禁重装	用户实测通过,重复安装会破坏代码
补丁库	文档	已装并验证	tc-bignum/补丁库/02_修复/F42_招募游荡bot闪退/定位方案.md	6590	68b07899b2475ba7d9d125ac92c71fa736a948710245a1a3725eca831d7f52a3	已完成-禁重装	用户实测通过,重复安装会破坏代码
补丁库	文档	已装并验证	tc-bignum/补丁库/02_修复/F42_招募游荡bot闪退/根因与修复.md	7830	640f7403c3833dbf93647642649fda8430f206502e0518df51a1df76eeee57d3	已完成-禁重装	用户实测通过,重复安装会破坏代码
补丁库	文档	已装并验证	tc-bignum/补丁库/02_修复/F43_近战bot锁定不前进/根因与修复.md	8598	80a349ed82fa86698c6ce635ef48f6670411efede2440279e1b20aea7a73f1b2	已完成-禁重装	用户实测通过,重复安装会破坏代码
补丁库	patch	补丁-未确认安装	tc-bignum/补丁库/03_归档_早期散件/A00a_物品加载器补丁/01-objectmgr-item-loader.patch	3263	02c126a5f6a738bc303214b9f963728301c75e49338aea216ad8749401c5b46c	权威候选	存在补丁≠已安装
补丁库	patch	补丁-未确认安装	tc-bignum/补丁库/03_归档_早期散件/A00a_物品加载器补丁/02-eluna-uint64-checkval.patch	565	296a65a83b8858e1a453dd3864fd48de2e04e4cd64fa934f261f60362a821707	权威候选	存在补丁≠已安装
补丁库	patch	补丁-未确认安装	tc-bignum/补丁库/03_归档_早期散件/A00a_物品加载器补丁/03-item-durability-uint32.patch	1222	ba320ac0619980711c97930aac47ec314043b6627c42efed3bccc691851f7b8d	权威候选	存在补丁≠已安装
补丁库	文档	补丁-未确认安装	tc-bignum/补丁库/03_归档_早期散件/A00b_step6_属性修改/step6_cs_modify_stats.md	9011	b732e50c21b57cb00afe3e8c35b61c693ed3b256a6b26ed2d8467d1ba36ed260	权威候选	存在补丁≠已安装
补丁库	C++	补丁-未确认安装	tc-bignum/补丁库/03_归档_早期散件/A00c_step7_8_智能添加/step7_cs_smartadd.cpp	24278	6874e02b75642b4501df254f3dec3c23f853d67a15d3d885c62f89e18f4df3a3	权威候选	存在补丁≠已安装
补丁库	文档	补丁-未确认安装	tc-bignum/补丁库/03_归档_早期散件/A00c_step7_8_智能添加/step7_安装说明.md	6313	869acab60ebd65ad4653d51c8dad84dfbb7848f4d903ac803eb5177e2a353960	权威候选	存在补丁≠已安装
补丁库	C++	补丁-未确认安装	tc-bignum/补丁库/03_归档_早期散件/A00c_step7_8_智能添加/step7v2_cs_smartadd.cpp	34068	e61708387599372ee459365a6b30ced1477043e6f7adfd125cb28e6367d35b03	权威候选	存在补丁≠已安装
补丁库	文档	补丁-未确认安装	tc-bignum/补丁库/03_归档_早期散件/A00c_step7_8_智能添加/step7v2_安装说明.md	4553	2eeb4d84db9e3933524e637ce7f09ec960a7b546bac7d63c706ea71db4a5f6eb	权威候选	存在补丁≠已安装
补丁库	C++	补丁-未确认安装	tc-bignum/补丁库/03_归档_早期散件/A00c_step7_8_智能添加/step8_cs_smartadd.cpp	40308	19361184400878c80a3b884581e02550cacc946232599a9c3f95a957402ac3f2	权威候选	存在补丁≠已安装
补丁库	文档	补丁-未确认安装	tc-bignum/补丁库/03_归档_早期散件/A00c_step7_8_智能添加/step8_安装说明.md	6519	cd359f5961750d24cc0459f791b9b51dcca494b230217b5ca08830a6062fc83f	权威候选	存在补丁≠已安装
补丁库	C++	补丁-未确认安装	tc-bignum/补丁库/03_归档_早期散件/A00d_step9_10_装备套装/step10_cs_gearset.cpp	90888	a4a4ca0ddcedf0610b8296a938b644e77073b0c0e9376931d5812c72718c3f94	权威候选	存在补丁≠已安装
补丁库	文档	补丁-未确认安装	tc-bignum/补丁库/03_归档_早期散件/A00d_step9_10_装备套装/step10_安装说明.md	14502	c3886d9d93f0e73acfafcce209b51058dcbc11bef8cc64931913e83f45f23252	权威候选	存在补丁≠已安装
补丁库	C++	补丁-未确认安装	tc-bignum/补丁库/03_归档_早期散件/A00d_step9_10_装备套装/step9_cs_gearset.cpp	39377	dbe0148059d03ed437a669adbbbe01f66f2a235a9390ad2c0c43bd56768649ab	权威候选	存在补丁≠已安装
补丁库	文档	补丁-未确认安装	tc-bignum/补丁库/03_归档_早期散件/A00d_step9_10_装备套装/step9_安装说明.md	9745	ab3e82e1e8820c91a5f73c837df7789afee74edb6c901c61c1f711d4e6499ef4	权威候选	存在补丁≠已安装
补丁库	C++	补丁-未确认安装	tc-bignum/补丁库/03_归档_早期散件/A00e_step11_移动速度/step11_CustomSpeed.cpp	10139	33452304874c1c40f6a248e9d9b671c661a75866d7b18a5213b1a5b227a38aea	权威候选	存在补丁≠已安装
补丁库	C++	补丁-未确认安装	tc-bignum/补丁库/03_归档_早期散件/A00e_step11_移动速度/step11_CustomSpeed.h	4302	ffb499f077a0f2b86712b80b525b51e150905c3a1ad85d57d7beb34c4867fc78	权威候选	存在补丁≠已安装
补丁库	脚本	补丁-未确认安装	tc-bignum/补丁库/03_归档_早期散件/A00e_step11_移动速度/step11_apply.sh	6120	d885ece6aa79a941f349de4d96dd8541bc09b8514d6e983d38324f51b53c31bf	权威候选	存在补丁≠已安装
补丁库	文档	补丁-未确认安装	tc-bignum/补丁库/03_归档_早期散件/A00e_step11_移动速度/step11_核心补丁.md	9977	312bfaaffffb97018c9e884b561eab8a73abb9771f5df769fe8aac04f0f2edf6	权威候选	存在补丁≠已安装
补丁库	文档	补丁-未确认安装	tc-bignum/补丁库/03_归档_早期散件/A00f_step12_13_法术清理与重载/step12-13_合并安装说明.md	5786	73c710e640126e0d58b84c46a5e7070b5645f3a88ba1b196d9459f3762beb673	权威候选	存在补丁≠已安装
补丁库	C++	补丁-未确认安装	tc-bignum/补丁库/03_归档_早期散件/A00f_step12_13_法术清理与重载/step12_cs_spellclean.cpp	20369	a0ea08e802f24bfe57ea351d462479132c6115029748b08f6728803a288604f2	权威候选	存在补丁≠已安装
补丁库	文档	补丁-未确认安装	tc-bignum/补丁库/03_归档_早期散件/A00f_step12_13_法术清理与重载/step12_安装说明.md	4526	8353f1f7deed464c452035f3dd255bad8ca14378f61bf695eda5d99202f4f394	权威候选	存在补丁≠已安装
补丁库	C++	补丁-未确认安装	tc-bignum/补丁库/03_归档_早期散件/A00f_step12_13_法术清理与重载/step13_cs_reloaditem.cpp	12496	d05a1cb3105fa586a74c24205f1117d330d91beb8741ff93264441ea64247541	权威候选	存在补丁≠已安装
补丁库	C++	补丁-未确认安装	tc-bignum/补丁库/03_归档_早期散件/A00g_step14_GM助手/step14_cs_gmhelper.cpp	30724	fc98835019783883c2b6ffd5ea7955f18e9dd57c299a2a0c39d160747a866b70	权威候选	存在补丁≠已安装
补丁库	文档	补丁-未确认安装	tc-bignum/补丁库/03_归档_早期散件/A00g_step14_GM助手/step14_修复说明.md	4424	7f49c7facceaa0ff2352332e6ca10e8b07855b970e86da1d4ea9581ecd1620b8	权威候选	存在补丁≠已安装
补丁库	文档	补丁-未确认安装	tc-bignum/补丁库/03_归档_早期散件/A00h_合并安装说明/合并安装-step25_26_28.md	3087	796d82864509f0d816b626e8ab1fcda39832c00943aa7d8b00bc8e65cd85f0a5	权威候选	存在补丁≠已安装
补丁库	文档	补丁-未确认安装	tc-bignum/补丁库/03_归档_早期散件/A00h_合并安装说明/本轮交付-编译清单.md	5780	e1711786d18b04c0aa75f4eb299a35bb59daefbd61c880cf214544212136e73b	权威候选	存在补丁≠已安装
规划	文档	文档	tc-bignum/规划/G11_bot自主冒险/00-索要没触发的两个残余嫌疑.md	3506	194f1ee1c48c02e0bff0f3ea915183cbc144209a7e7f050c143c4ae26ad69b8a	权威文档	规划≠已实现
规划	文档	文档	tc-bignum/规划/G11_bot自主冒险/01-总体设计.md	9735	1f29c72bf0fad6885dec36fbcd632df73457f7452d9456fb0d8d4c1d4aa0e054	权威文档	规划≠已实现
规划	文档	文档	tc-bignum/规划/G11_bot自主冒险/02-第1步_索要机制重做.md	12585	8e7d6aa7d95515cfbccac5f309af8811dc357d5d1367573dabeb28d80e5226af	权威文档	规划≠已实现
规划	文档	文档	tc-bignum/规划/G11_bot自主冒险/03-修复-LNK2019缺实现.md	5654	af44de18cbc9369d243c93f7f348991172686de6d252b6fa7eba88d4db396b13	权威文档	规划≠已实现
规划	文档	文档	tc-bignum/规划/G11_bot自主冒险/04-别装第二次-LNK2019真因.md	3596	895661d3bc0b89975c1cc25c3991e4da74f8da69265ee8ad41780e8087719803	权威文档	规划≠已实现
规划	文档	文档	tc-bignum/规划/G11_bot自主冒险/05-第1步测试清单.md	5329	290a6e05701f3ae6bc7a9ad07ec68d4a09f94fa2ee1652cef966f3c5028286f4	权威文档	规划≠已实现
规划	文档	文档	tc-bignum/规划/G16_bot经济与打工/01-总体设计.md	20703	c68100e2ea96207454bd10ff315459c6a04c978734b7ffe5205387ff72feef9c	权威文档	规划≠已实现
规划	SQL	文档	tc-bignum/规划/G16_bot经济与打工/02-第1步_拍卖行体检.sql	3970	7b7d4f2059f13713ad0d24ed0d841a2f98cbbe1034e0b74e9d53923f141f81c6	权威文档	规划≠已实现
规划	文档	文档	tc-bignum/规划/G16_bot经济与打工/03-第1步_拍卖行大改_conf.md	18787	3815d13b78b528d6d80d4bc002666caf2f7088a49eaabc403b80d81227e46ef7	权威文档	规划≠已实现
规划	文档	文档	tc-bignum/规划/G16_bot经济与打工/04-第1步修正_基于你的真实conf.md	10938	309f04683674f728dbbd7b35cbec6fb927d3d5a69d29c69606604bc65cbacf52	权威文档	规划≠已实现
规划	文档	文档	tc-bignum/规划/G16_bot经济与打工/05-第2步_Buyer价格调优.md	8035	f2a7c56a3ddd0f9477eb1f01016aab4f90af28a76653b32e003796e20b18e0ee	权威文档	规划≠已实现
规划	文档	文档	tc-bignum/规划/G16_bot经济与打工/06-第3步_解决货物杂乱.md	7016	5aafbb91588bdb7a5dc1a09af194758e1fab38aa1b1d7e8e6bee312f3ff9ebb7	权威文档	规划≠已实现
规划	文档	文档	tc-bignum/规划/G16_bot经济与打工/07-坐骑变少的根因与修正.md	8655	13d5fa478619237904790fdb3ac4c36ecb40b1470ff89d0bf2a4b960b8c9e9ea	权威文档	规划≠已实现
规划	文档	文档	tc-bignum/规划/G16_bot经济与打工/08-坐骑只有三种_真因与修法.md	8846	6f401fa358143f17e9723067f68fd14189bcc668ec354620ca276f22c13005e8	权威文档	规划≠已实现
规划	文档	最终方案-用户暂缓	tc-bignum/规划/G16_bot经济与打工/09-坐骑修复_最终方案B.md	8602	5a0fd26872291985daa5db9773fbb075332004508533909d66688cfd56232ec0	权威文档	拍卖行已封板
规划	文档	答复文档	tc-bignum/规划/G16_bot经济与打工/10-三个疑问的答复_补货慢与改动清单.md	7546	0032c1c0e5a1e86c30bc8a51de25198563d2db52a826aaaff23495c45095ddcf	权威文档	补货慢=正常
规划	文档	文档	tc-bignum/规划/G17_飞行与移动/01-全世界飞行方案.md	8817	90570419bb7fc5de3a6756760300789cbb16daeeec34333f1b7598f85b83cfcf	权威文档	规划≠已实现
规划	文档	文档	tc-bignum/规划/G19_情境对话系统/01-总体设计.md	11844	f505d56ad57745b1283c8264e4792b3eacd007b37f2016af2b78c50b1c124752	权威文档	规划≠已实现
规划	SQL	文档	tc-bignum/规划/G19_情境对话系统/02-第1步_零编译版闲聊扩充.sql	8170	42a65924c9c4a2c6505fe20f03d24c8aba6445d63c9eb9557481ca1c6f3c30b0	权威文档	规划≠已实现
规划	SQL	文档	tc-bignum/规划/G19_情境对话系统/03-第2批_情境台词81条.sql	10264	2ca0f4199c5f148d39d5faf841a6c1b6242ff222590ba73bd9c24d92a7d0c041	权威文档	规划≠已实现
规划	文档	废弃	tc-bignum/规划/G19_情境对话系统/04-第3步_场景感知实现.md	14361	f3be8e4dcfb88381332919e755cf56beeb6ca0774affee2ff9e3f83b6d00fe7b	已作废	行号差495行
规划	文档	文档	tc-bignum/规划/G19_情境对话系统/05-第3步装机前探针.md	5667	1ce5c71bd563450807d1db7e60a7f7c42f7956270c19ea054292cf2f98443776	权威文档	规划≠已实现
规划	文档	主补丁文档	tc-bignum/规划/G19_情境对话系统/06-第3步_精确补丁_基于你的真实源码.md	24173	fe53b7972350bfda05e81a68bb5eb990af0c8085c77688939683cb92a288cc8c	权威文档	已修正3处表述缺陷
规划	文档	错误分组	tc-bignum/规划/G19_情境对话系统/07-编译错误修复.md	11505	48c5ab6446085bd86bf2e9806f73d2ba25db162f588ea477671547d256fe4b4d	权威文档	11错误=3根因
规划	文档	根因分析	tc-bignum/规划/G19_情境对话系统/08-两个根因的精确修法.md	9261	12463e2cebaf83f2cbf869dac6835bf365f11e059b0c70ebe882d1c75c25fb52	已被09取代	规划≠已实现
规划	文档	组1+组2已成功	tc-bignum/规划/G19_情境对话系统/09-最终修复_直接照做.md	6693	951f3c6affeae9819f74544f35931816fa2021becc92ee36bcc6a37404d1c3ee	权威文档	bot_companion.cpp已零错
规划	文档	诊断已完成	tc-bignum/规划/G19_情境对话系统/10-最后三个错误_诊断.md	4527	c2b4e424d9a324453234ea1a64c1eed6de9d9a79a9ca7177f5abb9de6669ac09	权威文档	真因已确定
规划	文档	最终修复-待执行【当前入口】	tc-bignum/规划/G19_情境对话系统/11-最终修复_两个真因.md	8205	8d775c2bb7da29672c52f27237b7ad5cda14588a6c7ebd48645f930bb31b3c9a	权威文档	脚本已本地跑通
规划	文档	文档	tc-bignum/规划/G20_世界重塑与时间线/01-总体设计.md	11388	07dc142b3780427d39d85c1880e47b40042596e722648269a866a8407608f937	权威文档	规划≠已实现
规划	SQL	文档	tc-bignum/规划/G20_世界重塑与时间线/02-时间线试点_零客户端.sql	8653	50b62bb983570bdb310943a58646a6199122e2073441d807e90c11c0fa117a7f	权威文档	规划≠已实现
规划	文档	文档	tc-bignum/规划/G21_主线落地/01-让故事进入游戏.md	8003	5e4868d5bc9838f4111b88ca2ca1ab05a6b7fa2356036fa071d688cc43e96814	权威文档	规划≠已实现
规划	文档	文档	tc-bignum/规划/G22_客户端魔改整合/01-世界改造的客户端账.md	8242	2040f993a29541213aacca29008b81a883af4609141698c6c5c7c766edcdda8a	权威文档	规划≠已实现
规划	文档	文档	tc-bignum/规划/全局审视-2026-08-09.md	7603	4c6b151c579940e73bc8c3c7a1bcf647ab7d8a809ddc757c689630ccec3c0057	权威文档	规划≠已实现
规划	文档	文档	tc-bignum/规划/总路线图-2026-08-09.md	8378	bfa751bce4fd868efa3b628b68962b82cfd99b7538fcef733595dde2d6581024	权威文档	规划≠已实现
规划	文档	文档	tc-bignum/规划/总路线图-v2-含世界线.md	8899	9060460910a312af01ddc154ffb29e746a607b861906447fc7806b843c74bb92	权威文档	规划≠已实现
规划	文档	文档	tc-bignum/规划/新想法-2026-08-09.md	9123	5c78d4da7885e1ef8a4fc600351ace2a5341c6c9cfff97b342aac5a9dc5fa08b	权威文档	规划≠已实现
规划	文档	文档	tc-bignum/规划/第一批_零编译_执行手册.md	14311	70e06d644a7776cf10bc2c8f6dddc3452da8f249279a49583e3f91f0d005b8b2	权威文档	规划≠已实现
规划	文档	文档	tc-bignum/规划/答复-三个问题-2026-08-09.md	7927	a74e80060077b80212744ce0d902fb590b1593cd40d924c3fe94553c4346c5e6	权威文档	规划≠已实现
规划	文档	文档	tc-bignum/规划/规划-BalticCore实测核查.md	7535	1a3c5b9f83358c3746f5917fb4e868f089748f91f96be229a35e277649fc320d	权威文档	规划≠已实现
规划	文档	文档	tc-bignum/规划/规划-Bot自主行为.md	10352	1c721309d8211666ab52c06f67b11cdb04fbe0243619fc193b4ba82f2015665b	权威文档	规划≠已实现
规划	文档	文档	tc-bignum/规划/规划-Bot身份体系与偶遇同行.md	11624	682819581502634e294838f4db1b08b88193353ccbe3f61104fc671b11667551	权威文档	规划≠已实现
规划	文档	文档	tc-bignum/规划/规划-NPCBot与Playerbot融合.md	7488	efb4c7641ceee390b6ebd6237abb6e5911a8bb2f567062fdbbf0073bd23e11f8	权威文档	规划≠已实现
规划	文档	文档	tc-bignum/规划/规划-NPCBot增强总蓝图.md	9951	e8b3be8e68d9598b579f468aadc836e30e55223545575593ee9a3e30e5c1f67a	权威文档	规划≠已实现
规划	文档	文档	tc-bignum/规划/规划-PlayerBot智能AI-借鉴playerbot模块.md	7940	e9b619aa31a37a7a472f1f994845a0104faea13e55bb7e0e5731b966d8522f8c	权威文档	规划≠已实现
规划	文档	文档	tc-bignum/规划/规划-PlayerBot生活化四件套.md	15216	a1e52c2f43ccbbd3c99f8f93a1ef21c797a0a28bab25d9346637faaa55182aed	权威文档	规划≠已实现
规划	文档	文档	tc-bignum/规划/规划-bot永久化-你的思路是对的.md	7985	6ddcfa23a6fd2e009310df73999a4e35fc898ca2f71a650797e9b605a6204eec	权威文档	规划≠已实现
规划	文档	文档	tc-bignum/规划/规划-三条路线全做-永久化总方案.md	8548	4f7d1046b582d5764dd0e4e9d22d97daa2eaa3e6df0373f2c6be61bf8e2689f2	权威文档	规划≠已实现
规划	文档	文档	tc-bignum/规划/规划-伙伴系统-真正的战友.md	14275	a06f3506204a7f7eb979723231ee677ae9d8764dd49e2fab04e5e68a44032812	权威文档	规划≠已实现
规划	文档	文档	tc-bignum/规划/规划-史诗魔改端总蓝图.md	16497	18ad6bd97d3eeebae88bf6110354adeebd4306d9c5ecb725fb36c8c4677e8eb6	权威文档	规划≠已实现
规划	文档	文档	tc-bignum/规划/规划-外观控制与NPCBot定制.md	8489	33f60a3bc5f46e96ee8c7d79046b453daaf1ca5800529687a7e0f100dbe6be00	权威文档	规划≠已实现
规划	文档	文档	tc-bignum/规划/规划-数值天花板与客户端改造.md	17379	7594e805cf9f5c7e601f86b396829c0f1784558833a012b9aa3df6cf69dbc226	权威文档	规划≠已实现
规划	文档	文档	tc-bignum/规划/规划-游戏内难度菜单.md	19165	83e28010a686f4cbb6bb41525f001270dd03bcde822b76444be10a96ac1b4447	权威文档	规划≠已实现
规划	文档	文档	tc-bignum/规划/规划-游荡与永久-你的问题点出了根本矛盾.md	6212	8a615ff24b6ba770bbe607dcdf42872a10901113e2313a9526eb1b8c0e1b2fd2	权威文档	规划≠已实现
规划	文档	文档	tc-bignum/规划/规划-玩法创意池.md	7702	62c468e9b36c9f97ec307b021d63d7af8f288414462ed2d143e5f1bd89096fd6	权威文档	规划≠已实现
规划	文档	文档	tc-bignum/规划/规划-现代化总蓝图-3.3.5极限模仿.md	14853	13c10e241f3843f7514846a7514f7f4a0f663e8cbdd69161a9433a48c3af41cf	权威文档	规划≠已实现
规划	文档	文档	tc-bignum/规划/规划-真实Player型Bot-可行性实证.md	7442	2a2a52509bde0ddcc0b27d7ef43d857de70e17083dac50f745fc3770026b3345	权威文档	规划≠已实现
规划	文档	文档	tc-bignum/规划/规划-社交与互动全清单.md	7882	01d15f3661b1fc4ab228749c25d6b99e2aad44b88395fca4945ff6a85047adf0	权威文档	规划≠已实现
规划	文档	文档	tc-bignum/规划/规划-突破上限后续阶段与客户端兼容性.md	7062	0ea39e22b7a89f696a06ec66da771c4fc6d31f7dbba3f8df0f72a047b18ef5de	权威文档	规划≠已实现
规划	文档	文档	tc-bignum/规划/规划-突破人数上限-三道墙实证.md	14714	0abc146dea034d644136c1b70ace5a0db8db29749d2dfc704f38ffea0a2a216a	权威文档	规划≠已实现
规划	文档	文档	tc-bignum/规划/规划-羁绊与对手系统.md	11067	60ce0e3fff32228127b130dbb09513e51bff5790e0b677944632931709f09411	权威文档	规划≠已实现
规划	文档	文档	tc-bignum/规划/规划-羁绊系统-最高规格设计.md	11170	9cdd873c7339f4b02f064db7be26eba5ebb5c17007d27a589633d6e599aad3c1	权威文档	规划≠已实现
规划	文档	文档	tc-bignum/规划/规划-要不要换版本.md	8440	b1ebda59d95bf90baf6cf6082a4c97d38f756c8826dd9284f84f3c6e0e4a7add	权威文档	规划≠已实现
规划	文档	文档	tc-bignum/规划/规划-趣味功能与设定补完.md	5426	73d478204ba6efdab8e9e262ae70f019e2c0200b1d9395e202fed88875755376	权威文档	规划≠已实现
规划	文档	文档	tc-bignum/规划/规划-长期路线-64位与正式服魔改.md	10589	f92d011a6f566047f75511c5bbbc2592ccc9650d676c888a9d4aaeadbc9e42d9	权威文档	规划≠已实现
规划	文档	文档	tc-bignum/规划/规划-高版本种族移植.md	8231	3b965e249367923e69e77bbcfb1524791660aef543893f7b5047e24269fbf8ce	权威文档	规划≠已实现
顶层总表	文档	文档	tc-bignum/README.md	35944	18628081b35bb4455ad3fba17848ce7ddc3a01ab69a17f7389def5e6c1a1b1d0	权威文档	
顶层总表	脚本	文档	tc-bignum/apply_patches.sh	7083	4fecfc16877eacc1b235bed292603c1b86f526ef475c43f1c8b6587883be96eb	权威文档	
顶层总表	脚本	文档	tc-bignum/gbk_check.py	797	f0b0085d96e51bb85b1a6e87dbe113293e50202e0fec9b587c568fd74746e509	权威文档	
顶层总表	C++	文档	tc-bignum/verify_truncation.cpp	1884	ce9e53170b42f288cc29f148595d6e610aae71b07d63cd10b8b2074c568c7766	权威文档	
顶层总表	文档	文档	tc-bignum/待办总表.md	273522	63e01719503ccf1d09faff2cb4516250fa68b73942023a18a47caad190c8e8f0	权威文档	
顶层总表	文档	文档	tc-bignum/未完成想法-总清单.md	35663	afca93b0c0d0fc757a3c6f0b533000e91ad0bdac6635f5e986ba978e9bb6a46c	权威文档	
