领域	分类	状态	相对路径	字节数	SHA256	权威等级	用途/备注
项目文件	文件	文件	.sudo_as_admin_successful	0	e3b0c44298fc1c149afbf4c8996fb92427ae41e4649b934ca495991b7852b855	仓库文件	-
项目文件	文件	文件	F44R1_delivery_20260821.zip	138224	0fb9f53fd2131701bf3b932117af4e3918a56e4dc8d354ae028737782be5c67f	仓库文件	-
项目文件	文件	文件	F44_delivery_20260821.zip	149335	d6e6dcb94d28bddbba82658e6ee73ba7d1af4269425e162d7043bbb89a399cae	仓库文件	-
项目文件	文件	文件	F45_delivery_20260822.zip	38016	469e55b028544d31cd9c812269a6229b99e080aef0ab8be76870955cf12982a8	仓库文件	-
项目文件	文件	文件	G23P2R1_tp_menu_hotfix_20260822.zip	22217	a07a5dedc352e6aef4e48a6074677d4239788a2d4b940ce1d3146a2056cc38d9	仓库文件	-
项目文件	文件	文件	G23P2_delivery_20260822.zip	56108	7d22d2b54c911af566c1184ba78a206223707367c2f6ce4cdab9190f2143de46	仓库文件	-
项目文件	文件	文件	G23P3A_delivery_20260822.zip	34756	fc9d850f9b0a2cf0c4f1518b44c55f96a78423a6bb09cc76ac30074876415270	仓库文件	-
交接	元数据	当前交接	HANDOFF_GIT_STATE.txt	28514	13100aad763b58231b1c62bb5752658f1afdf8bb5424b974ffbb22155063080f	当前权威	B2R1 Windows PASS、客户端Runtime待验收与精确Git状态
交接	文档	当前交接	PROJECT_HANDOFF.md	93126	a573af3f3d62b769460497e0e3d8d31fbba878473598652f1afe84f046f78056	当前权威	B2R1真实Windows PASS、当前客户端验收与B3-B6顺序
项目文件	文件	文件	_chk/.editorconfig	131	192c1e942c9fac8b99c84b343ecadd601777c8028e9d5f47c45994591f6dff63	仓库文件	-
项目文件	文件	文件	_chk/.github/workflows/build.yml	4840	b90cbd8186e5fbbd858ecfbf19f5dc080dcd213e75e08e2885c4c04dd3dc529b	仓库文件	-
项目文件	文件	文件	_chk/.github/workflows/create-pr.sh	1251	e82b91277ef0be0c51c37f61e3f2d3a0dfd80d022cc27aa6d2a0424d86172e1e	仓库文件	-
项目文件	文件	文件	_chk/.github/workflows/documentation.yml	1271	ba94b29af5f3ecb1df1e2765b076f26bdc183a91013bb42a9ff9332e2656fae4	仓库文件	-
项目文件	文件	文件	_chk/.github/workflows/pr-on-label.yml	206	b24c5437b220e22d06f1a26ecb421f5f968939a096b7fcd27b027631e465675e	仓库文件	-
项目文件	文件	文件	_chk/.gitignore	34	6ef0d45b5355d60cfc415ca58d72db0ee6faf2bd9b8bebab03685e3f2806f49b	仓库文件	-
项目文件	文件	文件	_chk/BindingMap.h	9090	6e517509e768f563e285353ad40fba89cfd412e2f0b2cd744d75c1fcca6a4084	仓库文件	-
项目文件	文件	文件	_chk/CMakeLists.txt	3150	9ebfe00bd5ce091fc1f494788d339bb8c4dae1acca33602cd95959b59b331810	仓库文件	-
项目文件	文件	文件	_chk/ElunaCompat.cpp	2434	5126d91bf404d4b08999198fb6d2785851e902491ed8f04c6420a348979bf1ec	仓库文件	-
项目文件	文件	文件	_chk/ElunaCompat.h	1368	49edaac722b18a3da83f88dedd558fc5d8daa4a605edf250009b9ca26ce02f38	仓库文件	-
项目文件	文件	文件	_chk/ElunaConfig.cpp	3903	82b1baf696d15498cf0b3651852528d3910b9babcacf8b2c8de18cea7bbeaab4	仓库文件	-
项目文件	文件	文件	_chk/ElunaConfig.h	2820	4378ef0af802e32d6fb1103f5ead6cb78505c604dcc8a6f25f47089e8ec7f2a2	仓库文件	-
项目文件	文件	文件	_chk/ElunaCreatureAI.h	8840	4712df04b64351070ce32caf3518498e4eb1b168df3129dcb86843bd3e7b7fb5	仓库文件	-
项目文件	文件	文件	_chk/ElunaEventMgr.cpp	7180	c4125d0ed7427a0b4039166bf50b34431010cd58a4b6fe649fa7d45ae975b003	仓库文件	-
项目文件	文件	文件	_chk/ElunaEventMgr.h	4581	43cc47901dad0e17d51c2a96dbbd8d48a02ce881a6eba454e9a3f06e660dc45c	仓库文件	-
项目文件	文件	文件	_chk/ElunaIncludes.h	6190	0cbffeaac2444fe53fc4f64782dc27769711f1f07591c528d606342fc5b68b90	仓库文件	-
项目文件	文件	文件	_chk/ElunaInstanceAI.cpp	5805	483eec8d2d96f8d86ac63065ba48f614dda0feb924a64e9e9224d1d79c179304	仓库文件	-
项目文件	文件	文件	_chk/ElunaInstanceAI.h	4713	fa7070b54db7b339788c8af1db293edbfeffb26d69b3971ec2d2726a025be3db	仓库文件	-
项目文件	文件	文件	_chk/ElunaLoader.cpp	11893	7522444ebb86e40cdaec268dce19875784f95491f63886c0e27f0d57e513ee93	仓库文件	-
项目文件	文件	文件	_chk/ElunaLoader.h	2739	077790f9b190ea71cbdb96df4040f6fe12ed23768967fe293032ae77029e1f32	仓库文件	-
项目文件	文件	文件	_chk/ElunaMgr.cpp	1507	2538fd1b5192df8f158b2e119ac1179bf868c579de93a54f10c4dff90ffd4db6	仓库文件	-
项目文件	文件	文件	_chk/ElunaMgr.h	2750	324eaf4b58f3241883d29a3e2f9a7a08f78bbc9283b562550240571c3f0b64d7	仓库文件	-
项目文件	文件	文件	_chk/ElunaSpellWrapper.cpp	4677	c4ef75793fe66e971a577c8a2bc729b3842bba7ce9559d11bd313ae34acb6bd0	仓库文件	-
项目文件	文件	文件	_chk/ElunaSpellWrapper.h	3849	98f386fe0fdb50781e723f41484f7a6ed2969c915d895f0ee6dd3ac3d50f7fa7	仓库文件	-
项目文件	文件	文件	_chk/ElunaTemplate.cpp	2368	287cef06ff72bda78b26b532901f78f004c76c3bcd63b6befdbb028483831eef	仓库文件	-
项目文件	文件	文件	_chk/ElunaTemplate.h	17522	e3c3cb6f2a846e097ddfac0d208a50ad0644c49b3bff9c3d69e267ea17636e49	仓库文件	-
项目文件	文件	文件	_chk/ElunaUtility.cpp	7354	f65f8fbc9d72501810e6d8fa8e252382de5156d608af9bf5efbe20d50e3289a1	仓库文件	-
项目文件	文件	文件	_chk/ElunaUtility.h	6533	3aeadadbee12eac84cfaf4fe2492d1090d655f4634e2ba2182cfc0b63a20e340	仓库文件	-
项目文件	文件	文件	_chk/LICENSE	35141	589ed823e9a84c56feb95ac58e7cf384626b9cbf4fda2a907bc36e103de1bad2	仓库文件	-
项目文件	文件	文件	_chk/LuaEngine.cpp	33829	d75cc67faf9303d8ad5ecc911313e13a0c53d2dd7c25b113935dedd82b85206a	仓库文件	-
项目文件	文件	文件	_chk/LuaEngine.h	28231	6a7a15bfcac5a2833a2c20022f362a2ec6f37267daf14796182c522df02d5bd4	仓库文件	-
项目文件	文件	文件	_chk/LuaValue.cpp	8839	a5933e33b0430285dc93362047684c16ecd6499796d4e238354360036b76415b	仓库文件	-
项目文件	文件	文件	_chk/LuaValue.h	5359	27ce37b9bcb04e6d798c291c079c47feed78868b496c9a73c5ec89b25b68b207	仓库文件	-
项目文件	文件	文件	_chk/README.md	3254	7557a6ffa5169bb3a0e39783d7ee1738525c17ece590a87d15221b04b6c4d3d6	仓库文件	-
项目文件	文件	文件	_chk/base.conf	185280	9f5939404dea6667086f5a30c9a2c80d93d07019fa3d07ce0f1730ea3d7ab4bf	仓库文件	-
项目文件	文件	文件	_chk/conf_all.txt	27533	b584b622a4934740c46079b16cdea39c8be3981e50680502bf4b666cd391fe5f	仓库文件	-
项目文件	文件	文件	_chk/conf_changed.txt	9916	0469f502cd29a98080fa523a3aa71215e9554af3048b9606a4470ac38c2f1dd7	仓库文件	-
项目文件	文件	文件	_chk/docs/.gitignore	44	9d5ea84e0139a7336860166696072131a61ba8c64f11d7a27be2cd848207872b	仓库文件	-
项目文件	文件	文件	_chk/docs/CONTRIBUTING.md	1331	0426a5640008f42debc51673dd4fc04e527b38ec3c8d6fb8eaaed54f5dd9f1ea	仓库文件	-
项目文件	文件	文件	_chk/docs/DOC_GEN.md	4831	24e1a972fbc02303917280822894952869d6d7769f14d8fc51ecdb0274fab164	仓库文件	-
项目文件	文件	文件	_chk/docs/Eluna.png	2570	74fdf77b9a067c3fedc8725c8d0d1c60a7c69750bf68abda65f757814dc68735	仓库文件	-
项目文件	文件	文件	_chk/docs/ElunaDoc/.gitignore	11	45c88d61527964fe6b96e5281966fbf9fa7530e4d253ae2fed707e23bc50fe19	仓库文件	-
项目文件	文件	文件	_chk/docs/ElunaDoc/__init__.py	0	e3b0c44298fc1c149afbf4c8996fb92427ae41e4649b934ca495991b7852b855	仓库文件	-
项目文件	文件	文件	_chk/docs/ElunaDoc/__main__.py	10344	efd94837742d944a229a6c682c86b041ce80fa52d70ec9f801a04c787d765bcd	仓库文件	-
项目文件	文件	文件	_chk/docs/ElunaDoc/parser.py	18929	84bf72b1dccbf9e9630111b263e67d3bed85133b2b6f64d7821dd48d7998e0fd	仓库文件	-
项目文件	文件	文件	_chk/docs/ElunaDoc/static/FiraSans-Medium.woff	89883	5537d6a8164ae3a1bd19f96b5d66fe25bd67dd111ba545481c86465e1b2873ca	仓库文件	-
项目文件	文件	文件	_chk/docs/ElunaDoc/static/FiraSans-Regular.woff	91946	496ed7a510e83d1a4991d92d2ce3f4f853369a0488e37af9b7d3ec5316a4cbe1	仓库文件	-
项目文件	文件	文件	_chk/docs/ElunaDoc/static/Heuristica-Italic.woff	119956	2a4532046eb521aa4cd8ecd80ce4a005c261dbb2cbf6c3f6dd9e50d5d949d40e	仓库文件	-
项目文件	文件	文件	_chk/docs/ElunaDoc/static/SourceCodePro-Regular.woff	55472	388f15097805fe7f375c62439e356cb018e000be399006fb6695839d73dd595a	仓库文件	-
项目文件	文件	文件	_chk/docs/ElunaDoc/static/SourceCodePro-Semibold.woff	55360	0c5004c291a794d0ab9926b6568f8e98c32e9fce991460715fc4a1fea8fb36d1	仓库文件	-
项目文件	文件	文件	_chk/docs/ElunaDoc/static/SourceSerifPro-Bold.woff	48720	e23fa7780557fd7fd3ad4d5f356df974ccb7fcf57a3979d253bde7caa56dd956	仓库文件	-
项目文件	文件	文件	_chk/docs/ElunaDoc/static/SourceSerifPro-Regular.woff	49960	6a6a9db2df58ceccfc52b4af0ada4385cebe1f67ced40bfa89a668dc38499aa7	仓库文件	-
项目文件	文件	文件	_chk/docs/ElunaDoc/static/eluna-logo.png	17798	497d35d3bec2674f31ebe29b90ba7a990a972b9c5fa34b3fb1be4628a8ead979	仓库文件	-
项目文件	文件	文件	_chk/docs/ElunaDoc/static/favicon.ico	2016	c5cd082a47473d583ad2a79dd502803e4f6803fbbaa21c5a566b54c79a3d16e4	仓库文件	-
项目文件	文件	文件	_chk/docs/ElunaDoc/static/highlight.css	8518	24395f57d6bc2ec6000928eb38971a49245ad686719f045ab88f64d3edd4d5e0	仓库文件	-
项目文件	文件	文件	_chk/docs/ElunaDoc/static/highlight.min.js	22548	848b6556d06f3c1542c0ba5e2da2d6621c137289b6d63e749f40380881a96c9c	仓库文件	-
项目文件	文件	文件	_chk/docs/ElunaDoc/static/jquery.js	87533	fc9a93dd241f6b045cbff0481cf4e1901becd0e12fb45166a8f17f95823f0b1a	仓库文件	-
项目文件	文件	文件	_chk/docs/ElunaDoc/static/lua.min.js	1964	86c1f54b614ddfcbcec2bf1c7cbf3f692071d7b7d1b991293e102f9e9880d180	仓库文件	-
项目文件	文件	文件	_chk/docs/ElunaDoc/static/main.css	14614	39b1145c9566276125f89183f995d3b956f59de4093a485364eda809b95fc580	仓库文件	-
项目文件	文件	文件	_chk/docs/ElunaDoc/static/main.js	31037	bada810c15a4cdadb74a3bcb02cfc9437954e02839628a06d98bacde78173134	仓库文件	-
项目文件	文件	文件	_chk/docs/ElunaDoc/static/normalize.css	1995	dd276423c5289ad7ef11683cee3ba2eb51658424e786179efa436705a005d53e	仓库文件	-
项目文件	文件	文件	_chk/docs/ElunaDoc/static/theme.js	636	daf2892a20f93f98a4993ce87401c9b83c0e688f5d373430ca570296dcd96d0e	仓库文件	-
项目文件	文件	文件	_chk/docs/ElunaDoc/templates/_base.html	4703	3cc4826653fbd1dfbb62c536c64f8ce26f55ed33be479f24c7e13ea3f6a9f62d	仓库文件	-
项目文件	文件	文件	_chk/docs/ElunaDoc/templates/class.html	1068	a69372e4265ac4ad28810bc079556490243347c5a5ee3c6f43e69ce24f39c6d5	仓库文件	-
项目文件	文件	文件	_chk/docs/ElunaDoc/templates/date.js	33	2e209669109073c5d6068efb7126955e54cb561d4f3c449080645774aad9da88	仓库文件	-
项目文件	文件	文件	_chk/docs/ElunaDoc/templates/enum.html	26	c841686a99e19021dc29579d3e353e4582e1bdf0ceba437be12e595be49bd170	仓库文件	-
项目文件	文件	文件	_chk/docs/ElunaDoc/templates/index.html	3196	00d438de348f7a977725abfd0eecf1e1745dd40a56ceb1cf689fb5bcf44f8941	仓库文件	-
项目文件	文件	文件	_chk/docs/ElunaDoc/templates/method.html	3785	d95bc9c05497d2aca17b41a7144fc9ce26077aab58278ead390b88561c55ff4b	仓库文件	-
项目文件	文件	文件	_chk/docs/ElunaDoc/templates/search-index.js	522	6d47d84a51206d28a35db4eede2a119c5986fec2bb3365504686759323a1dbc5	仓库文件	-
项目文件	文件	文件	_chk/docs/ElunaDoc/templates/sidebar.js	233	5122828667af887948761e9087834e02c5da5dbdcc8844e923fcb251a6348df0	仓库文件	-
项目文件	文件	文件	_chk/docs/IMPL_DETAILS.md	6579	9bde7fa2e3d95e2303e0e8bfb85b367af9e19c3a650ec020be621b60a3f63ede	仓库文件	-
项目文件	文件	文件	_chk/docs/INSTALL.md	3034	e8cae2e5c0563ac5c5f80dae6113cc7f99120ca87dea24a6e454cd871b5f8e9b	仓库文件	-
项目文件	文件	文件	_chk/docs/MERGING.md	2765	253e700421a259f541b0e8fae40232a0c3822df5e6df2183cc87e91f26ccec87	仓库文件	-
项目文件	文件	文件	_chk/docs/USAGE.md	6696	b5c805524d41fc0fec0ee11b5ceb03fd087c051687f005d0975f2ee0eae61834	仓库文件	-
项目文件	文件	文件	_chk/extensions/ObjectVariables.ext	3193	7014bd5e5289c2074afb41b9a5fd1ba01e5b5f2323e9f0015fc2f0920107772f	仓库文件	-
项目文件	文件	文件	_chk/extensions/StackTracePlus/LICENSE	1077	5288be437f496001ee58dc5c8a5e926af8286adf2db003cdc72087e7bb576512	仓库文件	-
项目文件	文件	文件	_chk/extensions/StackTracePlus/README.md	4209	a6e4189ae5eb877e81372abc9d7e6d9ab7ac5e083d50a8ddb600fc832ae36550	仓库文件	-
项目文件	文件	文件	_chk/extensions/StackTracePlus/StackTracePlus.ext	12166	4b6ff214aabcbf0ffe85fbbf0b7d3c4a752445f8384b85a75b00fd028018a88e	仓库文件	-
项目文件	文件	文件	_chk/extensions/_Misc.ext	507	5c62df9926ca212673cbc02f2054922da236370d3ced541ad8ab8457fb3e9529	仓库文件	-
项目文件	文件	文件	_chk/gearset_ns.inc	38586	acf3497e5d772b145e700c726576ef3d7fcf298a3d41b6a52f52f3492e963340	仓库文件	-
项目文件	文件	文件	_chk/hooks/BattleGroundHooks.cpp	1487	885dd3f7d1f55cdbe71a8ff47a3f459f8b346b550dae366f442eb75f369dab5d	仓库文件	-
项目文件	文件	文件	_chk/hooks/CreatureHooks.cpp	11708	bba3077781314b53d91e1ee6e03228a5ca528e44d5dd747fb0641f4149c6f6f4	仓库文件	-
项目文件	文件	文件	_chk/hooks/GameObjectHooks.cpp	4340	659ce7111085299f976dc24a25dbe2db8754e0de25e64d82ecd6b8db15b6f841	仓库文件	-
项目文件	文件	文件	_chk/hooks/GossipHooks.cpp	6200	2da7ddb0333a9e3b1d81caf13fe246bc4387b25b92d4021a78df97790e9e246f	仓库文件	-
项目文件	文件	文件	_chk/hooks/GroupHooks.cpp	2225	501e4df19bf347d1b831caeca8bd3fceb389e1178324e52f9bea1202f34406ec	仓库文件	-
项目文件	文件	文件	_chk/hooks/GuildHooks.cpp	5589	3815a8b7334a85b1f006428fb0f99b5ee722cb7de2eb11a9100883b15b2ee031	仓库文件	-
项目文件	文件	文件	_chk/hooks/HookHelpers.h	9821	8f3096b7d361f74388850138ddb44b598a56557f58d221aaa87b58e11068f681	仓库文件	-
项目文件	文件	文件	_chk/hooks/Hooks.h	23218	d04813c0b5c4100951e0237e13712e55d1be13db056dd421f50d94dddff95227	仓库文件	-
项目文件	文件	文件	_chk/hooks/InstanceHooks.cpp	3081	b065fc7d296b710346113e9a8b64f9d924e6199370d34876f2173febfb18aab4	仓库文件	-
项目文件	文件	文件	_chk/hooks/ItemHooks.cpp	4366	149ec4118d1d1b243fd1ab3602edd1973036c3a5d165a6c2c875bad1c01388c5	仓库文件	-
项目文件	文件	文件	_chk/hooks/PacketHooks.cpp	4139	337bdbffe5fca9fee1f943f038dbc391b161ced359f7f1e7db6376f975615afa	仓库文件	-
项目文件	文件	文件	_chk/hooks/PlayerHooks.cpp	16948	d45f7aad1669b92152b8fd2fffebacd187c73a91d2e35d9e863d0627327df4f6	仓库文件	-
项目文件	文件	文件	_chk/hooks/ServerHooks.cpp	9484	f870aa37b96848416febcaebf544e465bd54ac51e7f4496ad27031bb7c9c4faa	仓库文件	-
项目文件	文件	文件	_chk/hooks/SpellHooks.cpp	9176	ceec5566092ff8a4ba952357565bf66819321a9588afcff5095ad726caba21bb	仓库文件	-
项目文件	文件	文件	_chk/hooks/VehicleHooks.cpp	1553	e7b60584d5bf25bf09793387a490583f98620311bc18e4d4fab957bd2f2fcc1c	仓库文件	-
项目文件	文件	文件	_chk/lmarshal.cpp	16340	760593c4143cfe301aac06786ea34f05871d3a322c8b225d17c2958f9fc783a8	仓库文件	-
项目文件	文件	文件	_chk/lmarshal.h	309	1f8a95dcf825aadc5f12faaa133e8d5cc743ab2870eb2332915e41edc250e68b	仓库文件	-
项目文件	文件	文件	_chk/logic_test	101880	b5009f9f940502106640de3f96047f3373bce669185ec94c47af7360809e1c1b	仓库文件	-
项目文件	文件	文件	_chk/logic_test.cpp	3949	e316b4fdee8843fd6504767451c465327c4e32f2e392b6a84e9412aeead6f808	仓库文件	-
项目文件	文件	文件	_chk/methods/AzerothCore/AuraEffectMethods.h	8795	6585e260b02934e13fc3e3309814884e6cf1f7e6fe0a524c07be2172556514cb	仓库文件	-
项目文件	文件	文件	_chk/methods/AzerothCore/AuraMethods.h	5186	5b5430041244939fc48927f4430959e438f4f02c382cac1fc2865e2bd2db6770	仓库文件	-
项目文件	文件	文件	_chk/methods/AzerothCore/BattleGroundMethods.h	6429	1a38f7f1f1a14a953658498a3448a2ff0894bb7fbe1fb510acdfb289dfda45de	仓库文件	-
项目文件	文件	文件	_chk/methods/AzerothCore/BigIntMethods.h	3765	73a62bde5687db44d55bd67fe378930ced29a9b029b9be5e0afc5e26338423de	仓库文件	-
项目文件	文件	文件	_chk/methods/AzerothCore/CorpseMethods.h	2048	901536c842540db133bd583200c694316348eba3caa74b8b47f1623c64d3f708	仓库文件	-
项目文件	文件	文件	_chk/methods/AzerothCore/CreatureMethods.h	44587	74eadd6084e7a3a4fa48344158186772ec262bf5eacada3b57ed984d1ea1c063	仓库文件	-
项目文件	文件	文件	_chk/methods/AzerothCore/ElunaProcInfoMethods.h	9540	fe9fb2f1938647f56a1f9bcfd3387a5dd1bce6695d5d21de886bcf02f57fd0e2	仓库文件	-
项目文件	文件	文件	_chk/methods/AzerothCore/ElunaQueryMethods.h	9556	66ad993a63013e75be644953c7798992edf35bc8964357cb9c1c7c0fb2b7697b	仓库文件	-
项目文件	文件	文件	_chk/methods/AzerothCore/GameObjectMethods.h	9520	eb6520b399e53ac193d4d539742116497b0aca51af3eb53ffdd0a75046e77d36	仓库文件	-
项目文件	文件	文件	_chk/methods/AzerothCore/GlobalMethods.h	132736	52a1f6e183f7aeb4e4fd0f37620cd4a70167ac23872a04666f9c4fddfd3fe2a8	仓库文件	-
项目文件	文件	文件	_chk/methods/AzerothCore/GroupMethods.h	13215	a0bff8def3a18d01e6ec51373bf90bdacf0164484952cf0562f24362c616eb0e	仓库文件	-
项目文件	文件	文件	_chk/methods/AzerothCore/GuildMethods.h	8073	6ce5612feefdb6dcae9662e2b8784c28f316099b371f15a8ea562fbf93759103	仓库文件	-
项目文件	文件	文件	_chk/methods/AzerothCore/ItemMethods.h	25816	5a386d3faa09234e4005bb3b88c1c9819f6f2cff17bd79ab9ee670d2513206b6	仓库文件	-
项目文件	文件	文件	_chk/methods/AzerothCore/MapMethods.h	10214	a445950f6feafecf880d30a93e8270728974efe0cd977e6476bc8708a923bf6c	仓库文件	-
项目文件	文件	文件	_chk/methods/AzerothCore/ObjectMethods.h	14247	c155e9bfeeb34e7ac2dc6633b9d3d8d9a3116ba6631e2d8f636a1c377ac07071	仓库文件	-
项目文件	文件	文件	_chk/methods/AzerothCore/PlayerMethods.h	119507	5c6c2a66b032bb7d76eafd309aada34a45b2d6f9fc71b860022a7f85e20705af	仓库文件	-
项目文件	文件	文件	_chk/methods/AzerothCore/QuestMethods.h	6166	584cdebd3f2b45173b56b258ebbdd59ca952cb3906e7547ac6ce19b7b6aac1f3	仓库文件	-
项目文件	文件	文件	_chk/methods/AzerothCore/SpellInfoMethods.h	88821	661470b34c96d35ec3f2803562876b4ec629bd445dc286396dc35258396f165a	仓库文件	-
项目文件	文件	文件	_chk/methods/AzerothCore/SpellMethods.h	4750	b011696fed58d1cb3d5cfe41174dd1dc9726828df29d7dce924394906e660382	仓库文件	-
项目文件	文件	文件	_chk/methods/AzerothCore/UnitMethods.h	75052	992717b3cddb3039bbb9e7483f8739583a1f723182f09264f941eeaba5d6b694	仓库文件	-
项目文件	文件	文件	_chk/methods/AzerothCore/VehicleMethods.h	2498	63f39d7ac42900f3cb6a1cde9ebea9ebf08f67d98c8704fcd4ac0f41a6315edb	仓库文件	-
项目文件	文件	文件	_chk/methods/AzerothCore/WorldObjectMethods.h	40250	459085f732a024bb0e16d95c532dfc397dd698af214c356dd6bade41b20b7ad3	仓库文件	-
项目文件	文件	文件	_chk/methods/AzerothCore/WorldPacketMethods.h	8967	a2ed522e7a7afdfdebb8cb86c06b11325e11ee88696d5eacb7507a5539b7084f	仓库文件	-
项目文件	文件	文件	_chk/methods/CMangos/AuraMethods.h	5714	482671dd4c5beefe82b8b221565a05be2c9d0f4fe149bb6db2a04df06e675ca2	仓库文件	-
项目文件	文件	文件	_chk/methods/CMangos/BattleGroundMethods.h	6483	97a3256db57cdc8ea7d36a60d80a2066a92ee9e3e49f8471c6d84bb3e9aebbbf	仓库文件	-
项目文件	文件	文件	_chk/methods/CMangos/BigIntMethods.h	3766	7a1061e4e3d12b473277f74128c9f0e2a5826345814939be83fde6dcab5df655	仓库文件	-
项目文件	文件	文件	_chk/methods/CMangos/CorpseMethods.h	2066	19bb3b58db4799c2255c61ca39cd035766a248be498be75782020f18938850b6	仓库文件	-
项目文件	文件	文件	_chk/methods/CMangos/CreatureMethods.h	40724	8b48cec9b537ee00b27739cc8b92db84394c6afd03ce109dccc3d0535ba05b1b	仓库文件	-
项目文件	文件	文件	_chk/methods/CMangos/ElunaQueryMethods.h	9541	373d790d9605914300668f767d04f6fec773442cef0809efc7cd2fe93450baa8	仓库文件	-
项目文件	文件	文件	_chk/methods/CMangos/GameObjectMethods.h	9596	f9269f3c858c2f5c02428d9f1e78cd0237803ec8ac019e0bb8974b8c28c06a8c	仓库文件	-
项目文件	文件	文件	_chk/methods/CMangos/GlobalMethods.h	131607	b03509b717f740b51ba7a77614fcbfb43bdc1a593d9158c3cf7fa66cfc4a8d11	仓库文件	-
项目文件	文件	文件	_chk/methods/CMangos/GroupMethods.h	11699	5c458d8022de5fb7ac368489ba30c4ebe193ee61b1d28c6061e7b0e2fcc88189	仓库文件	-
项目文件	文件	文件	_chk/methods/CMangos/GuildMethods.h	7740	7b70abb9b7dffd61702199a8f475648f41e1e1088d5d49b69c420838446c55b5	仓库文件	-
项目文件	文件	文件	_chk/methods/CMangos/ItemMethods.h	26510	df46b2a80a3a7d679025b2eb12f892020d636893d45a48b2830323b131898cd1	仓库文件	-
项目文件	文件	文件	_chk/methods/CMangos/MapMethods.h	9616	e71c6098474337e6a40be4dcb2052feaccc59beca8d4c4f996622917a84ad692	仓库文件	-
项目文件	文件	文件	_chk/methods/CMangos/ObjectMethods.h	14289	99e6126edf613a1f7c4016afd63259334f85d3da13f46fdc91597e81ddfda795	仓库文件	-
项目文件	文件	文件	_chk/methods/CMangos/PlayerMethods.h	117073	e326acb4c8b7ba261eb69e12e8921c6ad3ec70056d5b9b2684648e5b064bf16e	仓库文件	-
项目文件	文件	文件	_chk/methods/CMangos/QuestMethods.h	6507	a0d4242a89f5308428616e91d04be2244596c7f1b4a86df0c640582c431c582a	仓库文件	-
项目文件	文件	文件	_chk/methods/CMangos/SpellMethods.h	4713	76f5042899d46b7a16795b9e8eda84309b507c3fc672b2dc93604c2421cb0835	仓库文件	-
项目文件	文件	文件	_chk/methods/CMangos/UnitMethods.h	75555	e2a26fb50b6700cb568434c2c389e2380052eade282f5597b636f78e663d50fc	仓库文件	-
项目文件	文件	文件	_chk/methods/CMangos/VehicleMethods.h	2592	3d36059666814516a805109186f34232e02ae217dbb2a63e528693a76c4fcbed	仓库文件	-
项目文件	文件	文件	_chk/methods/CMangos/WorldObjectMethods.h	41244	8732e59ff336f32e84217c97cf87ac9372463dbeeeabc281f949651faf858581	仓库文件	-
项目文件	文件	文件	_chk/methods/CMangos/WorldPacketMethods.h	9058	a9b4d6ce04387aae2abf7b18001fdacb346c041c572f96dfe90930a2ac05f175	仓库文件	-
项目文件	文件	文件	_chk/methods/CustomMethodsInterface.h	443	600a2099c39013701a33b61bbecd774ca1fdb75b956982954410d02f0ad9da87	仓库文件	-
项目文件	文件	文件	_chk/methods/Mangos/AuraMethods.h	5665	4aef0ef3e87692c0d8a31449af017b4654389939ca7457aa2d32da6a6ed3f0b3	仓库文件	-
项目文件	文件	文件	_chk/methods/Mangos/BattleGroundMethods.h	6465	1464572528a9bbac4cdf6b81dac26a0f26985d9dce269370594bff3910b9835d	仓库文件	-
项目文件	文件	文件	_chk/methods/Mangos/BigIntMethods.h	3766	7a1061e4e3d12b473277f74128c9f0e2a5826345814939be83fde6dcab5df655	仓库文件	-
项目文件	文件	文件	_chk/methods/Mangos/CorpseMethods.h	2066	19bb3b58db4799c2255c61ca39cd035766a248be498be75782020f18938850b6	仓库文件	-
项目文件	文件	文件	_chk/methods/Mangos/CreatureMethods.h	37423	c5968ae8a67c4c0507422bfe4ef7ed0a738a61c52eb24cb0e1b54e2497ce6e69	仓库文件	-
项目文件	文件	文件	_chk/methods/Mangos/ElunaQueryMethods.h	9543	7e1c81502e799db51ad6749e8ccb5dc04f0251b6d186bfb5e558c53261fd0a4d	仓库文件	-
项目文件	文件	文件	_chk/methods/Mangos/GameObjectMethods.h	9372	8a6ea4f967b348ee5f142f05af2c0c4c746d2ddc9dfb9e0502f53607e559b094	仓库文件	-
项目文件	文件	文件	_chk/methods/Mangos/GlobalMethods.h	121016	b94ae73e109de369a376d9c89d90c17be79e8601fc894b45e47236080cfc2cc2	仓库文件	-
项目文件	文件	文件	_chk/methods/Mangos/GroupMethods.h	11554	471cb9c783555d8c4fd4842ba57ae459444ee82a2cba6b6a863f454e9a9516a8	仓库文件	-
项目文件	文件	文件	_chk/methods/Mangos/GuildMethods.h	7223	11d592393daa1729b953954bc98480f0193fa49b5539cad554f5dde1a13a4940	仓库文件	-
项目文件	文件	文件	_chk/methods/Mangos/ItemMethods.h	23074	e0ae57261e9fe6aca54da5f770555f4baf6e8183afca30d81c37f1913c1952db	仓库文件	-
项目文件	文件	文件	_chk/methods/Mangos/MapMethods.h	9559	f6cf6448372fa0769e4767dcb4e9b898610169817c14e95b09550b1d3add5b0f	仓库文件	-
项目文件	文件	文件	_chk/methods/Mangos/ObjectMethods.h	14289	99e6126edf613a1f7c4016afd63259334f85d3da13f46fdc91597e81ddfda795	仓库文件	-
项目文件	文件	文件	_chk/methods/Mangos/PlayerMethods.h	114251	4eaed6edeabb31d5958e0f74e954c2a32f4c8d23ca95c46b4b131bbbe3d95eb3	仓库文件	-
项目文件	文件	文件	_chk/methods/Mangos/QuestMethods.h	6477	f657c0009b3e09d768f77398a4843ac644f882c73b51b820616cf3937c8cf003	仓库文件	-
项目文件	文件	文件	_chk/methods/Mangos/SpellMethods.h	4715	0495ebc56e25d506dd2cbb1e9d52b388d0d23125f2c2a4003542ce924b7dd120	仓库文件	-
项目文件	文件	文件	_chk/methods/Mangos/UnitMethods.h	74806	077581ec8800ada6e74a95ac660ad2085166fe24f6665736c0648bb4c214e8ec	仓库文件	-
项目文件	文件	文件	_chk/methods/Mangos/VehicleMethods.h	2587	229b598dad2f0976a176a91a018680821c944d13d5091ff2c121ddd4e1cd89c2	仓库文件	-
项目文件	文件	文件	_chk/methods/Mangos/WorldObjectMethods.h	41102	5d5145d81de85e334d5ff8dcd5324dd2633b29c9b5da46c120b46063dabc2f2c	仓库文件	-
项目文件	文件	文件	_chk/methods/Mangos/WorldPacketMethods.h	8967	a2ed522e7a7afdfdebb8cb86c06b11325e11ee88696d5eacb7507a5539b7084f	仓库文件	-
项目文件	文件	文件	_chk/methods/Methods.cpp	5339	9101452b72a915989e228c0af99198beeb9c86350741c2ecc6c853a61646f23f	仓库文件	-
项目文件	文件	文件	_chk/methods/README.md	1060	332081cbd748ca5b4a63ed1d8788cc7c3a87354433e41b268820f83cbb4044f4	仓库文件	-
项目文件	文件	文件	_chk/methods/TrinityCore/AuraEffectMethods.h	9060	7dece3645535703d812ec31e7a6d9fb9c7e1a3bdc613e2e86de5692ec2481ba9	仓库文件	-
项目文件	文件	文件	_chk/methods/TrinityCore/AuraMethods.h	5510	24dc09ceb5e15f3a291dbb08b680ee07e685ae020f6cab3653575eb06f9b9512	仓库文件	-
项目文件	文件	文件	_chk/methods/TrinityCore/BattleGroundMethods.h	6544	b1f8c829cb6a99976b7efe34404e442f0b0d630cb7852ccf2d1b76e2396685a8	仓库文件	-
项目文件	文件	文件	_chk/methods/TrinityCore/BigIntMethods.h	3765	73a62bde5687db44d55bd67fe378930ced29a9b029b9be5e0afc5e26338423de	仓库文件	-
项目文件	文件	文件	_chk/methods/TrinityCore/CorpseMethods.h	2048	901536c842540db133bd583200c694316348eba3caa74b8b47f1623c64d3f708	仓库文件	-
项目文件	文件	文件	_chk/methods/TrinityCore/CreatureMethods.h	45198	11188492045ca26f958906dcd317e46ea43665a29528ade97ef3774a826cfd31	仓库文件	-
项目文件	文件	文件	_chk/methods/TrinityCore/ElunaProcInfoMethods.h	9530	f8b1437e3a9ee569c5e0f60e56e2dd875c669dfd39917ef4673bdfe9030fbf32	仓库文件	-
项目文件	文件	文件	_chk/methods/TrinityCore/ElunaQueryMethods.h	10342	a38be15779ef6e860b03a87255cb58494f5383fa42a6658edd16467c750e415f	仓库文件	-
项目文件	文件	文件	_chk/methods/TrinityCore/GameObjectMethods.h	9546	30ba18b36ec692bb25015a25a813f47d0c3bb0e8bec49affc130b7b4f28dca79	仓库文件	-
项目文件	文件	文件	_chk/methods/TrinityCore/GlobalMethods.h	133492	6b439ba1273e5048a9619251b548e0400865dae20fc881b87ce7b9b662d80178	仓库文件	-
项目文件	文件	文件	_chk/methods/TrinityCore/GroupMethods.h	13782	7539e0d949b413ee019735aa585197ad29babab87b1757c6866b4797d2075794	仓库文件	-
项目文件	文件	文件	_chk/methods/TrinityCore/GuildMethods.h	8264	33f2821b79a52c8ae4f4202643eb1cd82872872d836cf05d376109e46c78e25c	仓库文件	-
项目文件	文件	文件	_chk/methods/TrinityCore/ItemMethods.h	25816	af051aee3f1fcb8ab29cfaccc12b7b7741f8679456f217c8e40e64291298e077	仓库文件	-
项目文件	文件	文件	_chk/methods/TrinityCore/MapMethods.h	10277	b581b06025f55b302678e750b43546943639e79fd8f7c988e80d52aeda5772f8	仓库文件	-
项目文件	文件	文件	_chk/methods/TrinityCore/ObjectMethods.h	14247	c155e9bfeeb34e7ac2dc6633b9d3d8d9a3116ba6631e2d8f636a1c377ac07071	仓库文件	-
项目文件	文件	文件	_chk/methods/TrinityCore/PlayerMethods.h	119297	0d69539363a17b249126d8ed0ef54290e69b54ec8384956d2df2aaf3e278bfec	仓库文件	-
项目文件	文件	文件	_chk/methods/TrinityCore/QuestMethods.h	6736	ed8d1c3372312583c5082e02e0c988327c561711396104cf6b344dceb1f37f47	仓库文件	-
项目文件	文件	文件	_chk/methods/TrinityCore/SpellInfoMethods.h	94864	08bb1f582a42fdaee8b29a30d6a7f1d06be914add0dcc5ecaa12c000caffe339	仓库文件	-
项目文件	文件	文件	_chk/methods/TrinityCore/SpellMethods.h	15565	7acd11fb4ab6537bdf0c9d298b34b66f898bc4ac3a4fc2710dc29ebfb4af750b	仓库文件	-
项目文件	文件	文件	_chk/methods/TrinityCore/UnitMethods.h	78237	1a01454064716e43698e9c453cc22cd9bf6bbe6f6c7d7ebd3062aeb26c664df3	仓库文件	-
项目文件	文件	文件	_chk/methods/TrinityCore/VehicleMethods.h	2496	6daba607a3a1f2ffe145af7ae8c2f27826a6c549939982257e7d896fd75c0140	仓库文件	-
项目文件	文件	文件	_chk/methods/TrinityCore/WorldObjectMethods.h	40781	dd5fab1aadcc4959767fd5905de695726b244ac4ec567eb61fca016ac4094107	仓库文件	-
项目文件	文件	文件	_chk/methods/TrinityCore/WorldPacketMethods.h	8967	a2ed522e7a7afdfdebb8cb86c06b11325e11ee88696d5eacb7507a5539b7084f	仓库文件	-
项目文件	文件	文件	_chk/methods/VMangos/AuraMethods.h	5457	b9fd223ab7cbbd563a79673ab9035ef1ce244e10da02b12ad80e92eb826e7d9a	仓库文件	-
项目文件	文件	文件	_chk/methods/VMangos/BattleGroundMethods.h	6382	24af5ac9791c95758912e735a9569058d5c2516a114f5c4e65e8f83e2bf5b4aa	仓库文件	-
项目文件	文件	文件	_chk/methods/VMangos/BigIntMethods.h	3766	7a1061e4e3d12b473277f74128c9f0e2a5826345814939be83fde6dcab5df655	仓库文件	-
项目文件	文件	文件	_chk/methods/VMangos/CorpseMethods.h	2066	19bb3b58db4799c2255c61ca39cd035766a248be498be75782020f18938850b6	仓库文件	-
项目文件	文件	文件	_chk/methods/VMangos/CreatureMethods.h	37684	57fd1bc80103f478afaed3985484ec5ef00e5455a42b04dda1b7e8eddff5e37f	仓库文件	-
项目文件	文件	文件	_chk/methods/VMangos/ElunaQueryMethods.h	9541	373d790d9605914300668f767d04f6fec773442cef0809efc7cd2fe93450baa8	仓库文件	-
项目文件	文件	文件	_chk/methods/VMangos/GameObjectMethods.h	9581	2fa704497d0662ee0a4fd334da09cc31823029804d247ef9876a0b8888b5686a	仓库文件	-
项目文件	文件	文件	_chk/methods/VMangos/GlobalMethods.h	120518	72c479ed0289d04bfea5ff2b00a44d7b52a5663c42557fef24b33697f6e22279	仓库文件	-
项目文件	文件	文件	_chk/methods/VMangos/GroupMethods.h	11046	adc500ce858d160792fae9d9b4d62fa7cbd23207bff97d81772387376fd2830e	仓库文件	-
项目文件	文件	文件	_chk/methods/VMangos/GuildMethods.h	7010	9b166671635cba70bda29416523735db5d734d35cde21c8fd7748ca6e2a5311f	仓库文件	-
项目文件	文件	文件	_chk/methods/VMangos/ItemMethods.h	22213	cb791ef0dc77d14a904ad0982199a34bc5fc760bb57d1b41948eb50b7739138c	仓库文件	-
项目文件	文件	文件	_chk/methods/VMangos/MapMethods.h	7815	53408d41ed65f71cbbc64cae43e35ed55b466b443013e85a122a86758c78732f	仓库文件	-
项目文件	文件	文件	_chk/methods/VMangos/ObjectMethods.h	14286	9b0aea8fe1608ad416043ebd7415decfb5da6a4ec1f5d9fc78eeea9d4567c3cb	仓库文件	-
项目文件	文件	文件	_chk/methods/VMangos/PlayerMethods.h	105134	6afdb15cefaa77b7dcabbe7ea8daaf34a13a5aaf8bf9ed85f3ed092e0f2f66ac	仓库文件	-
项目文件	文件	文件	_chk/methods/VMangos/QuestMethods.h	6288	c03596cb4d18c3bf3dda8380b6538e481c75171c5d96786c40c045e78cb817c6	仓库文件	-
项目文件	文件	文件	_chk/methods/VMangos/SpellMethods.h	4713	d10061174d1097148b7d0047228f4dc3fc97002728df169889547752d8bc026d	仓库文件	-
项目文件	文件	文件	_chk/methods/VMangos/UnitMethods.h	74238	3f4617034f1898eca6656842673b49c4e63f9621d571f27ba9ccf945b43381a0	仓库文件	-
项目文件	文件	文件	_chk/methods/VMangos/VehicleMethods.h	3058	784b78a4cbfe29e5c91003376ac3344de1a81d72b4303e631de9eca4a0deec94	仓库文件	-
项目文件	文件	文件	_chk/methods/VMangos/WorldObjectMethods.h	39047	83968c48ad9d18ee7df807b69274c4f1c4f5c587e135f00358110a2fde301bc7	仓库文件	-
项目文件	文件	文件	_chk/methods/VMangos/WorldPacketMethods.h	8966	6a3a2ed3aee12ef9771256b0b441740aff0054d7a6267f3bface542e337d8c01	仓库文件	-
项目文件	文件	文件	_chk/modules/.gitignore	24	56e3aa0944381e2681efc2dc46e601e282dbf5633d4eb70ab9e8ef9fcab32c79	仓库文件	-
项目文件	文件	文件	_chk/modules/readme.md	2008	881852ee2f93d410bee3c24791757591e9046ee0f777e5dbffebb082da0047c5	仓库文件	-
项目文件	文件	文件	_chk/stub.h	6993	6414469aff08df62716bf2ce8123fbbf6a8e8012b716fd28b06ad24d255490f4	仓库文件	-
项目文件	文件	文件	_chk/test	212952	807edbd0655204efc55a7823bdfadbed9b5ca6cb6b8217e1e551d29c0041e504	仓库文件	-
项目文件	文件	文件	_chk/test.cpp	1290	47aad755a313b1cdf4f6ee3c8213fead3eb7f3a0954cdeaf7f8da847b2c9f12c	仓库文件	-
项目文件	文件	文件	_chk2/CustomSpeed.cpp	10050	428267a122875610163fa3c45ed6944f4271dea6afa9f108471e5b73d7a39b49	仓库文件	-
项目文件	文件	文件	_chk2/CustomSpeed.h	4300	02187d61b850e0c6f00ebf3bad044cf48dbde9cdfa9605ac1a608cdbea1e1533	仓库文件	-
项目文件	文件	文件	_chk2/numtest	16304	e845ba421f137b5a10553945a2f4d09b7654dac476ec7f6840528ade945318e9	仓库文件	-
项目文件	文件	文件	_chk2/numtest.cpp	4226	be360552e1c5b594c267c98c1889172cc40fe24e2df728bbe75e9126a8b8223d	仓库文件	-
项目文件	文件	文件	_chk2/prot	16096	2b997e0c83032dc6f7118652e511d479fbb5586d5f44fa4c505c4a0e1a67fc02	仓库文件	-
项目文件	文件	文件	_chk2/prot.cpp	2190	47599bd36f8400cc49410d297ea88d5d1004044fa24bb8250a641eefba59e68e	仓库文件	-
项目文件	文件	文件	_chk2/stub.h	1160	76d34debd49f12eae0d49310939a63b5cb6d44093547f0949f64b10fc4f2bac3	仓库文件	-
项目文件	文件	文件	fk/src/server/game/Spells/CustomSpellTweak.cpp	17734	e918ec04c0009e4a814065f8add32fac4c5f71d919504f5a94f942e475b990a9	仓库文件	-
项目文件	文件	文件	fk/src/server/game/Spells/CustomSpellTweak.h	5325	a5d92bed6e383e4c9e4ef627ab8c43963203b7db7bc85b13e2349ad219bdf3dd	仓库文件	-
项目文件	文件	文件	fk/src/server/game/World/World.cpp	166789	f0e497199449943c8fba3ecb6d6d6ee7f918d3fa6e000ef866b1a2a7ddaf71bc	仓库文件	-
项目文件	文件	文件	luatest/mock.lua	1253	181989a64f3711cd0c87e38d3df12ec2b3be43ac979b3f331415fc51a6a6b9df	仓库文件	-
项目文件	文件	文件	luatest/mock_unpatched.lua	1382	3a3bdd0a946af5d96892b4f20324e2dfa65ffc8bbfe54b3cba7b32dcf0c4685d	仓库文件	-
项目文件	文件	文件	src/AccountMgr.cpp	18826	307b07563246cd171f4a6ab95acd4d1477a5816ae928c2c40febe56716211c61	仓库文件	-
项目文件	文件	文件	src/CC.cpp	19751	bec2d82bc59f1369ab71df9cfcf5ec91d8065bb66110fabdfc62c46663f6f12d	仓库文件	-
项目文件	文件	文件	src/Cell.h	4171	e6c3eaca84019c4a265f22cd8fb35e6b80e86330e7c504b5c46ee8cc9281ac65	仓库文件	-
项目文件	文件	文件	src/CellImpl.h	9143	d20392d9e42b6740b8f4618392f4aa7ab1482157b4ae01230e5e1009b7cbfc97	仓库文件	-
项目文件	文件	文件	src/CharPackets.cpp	89211	4c8690cf016bea9a2257639a260adefcf3580a419e1e5757077435aaf249904f	仓库文件	-
项目文件	文件	文件	src/CharPkt.h	9885	a8315658723e537f0c244812d1bbed8ae302e04d5053c5e3a086729f698c5051	仓库文件	-
项目文件	文件	文件	src/Chat.cpp	22522	ab11b8181c58f413cd88e737197dc9cfd5f973a520a577b0ae79cb51eb8099cc	仓库文件	-
项目文件	文件	文件	src/Chat.h	7157	c3b636232482397b07ceae49a34b36ad787e153b82ad7ea5123fd246343ace5a	仓库文件	-
项目文件	文件	文件	src/Creature.h	27668	df16854167508a1dbae16b8cb9c5840c33dac1c575f956d6465b019f234618f0	仓库文件	-
项目文件	文件	文件	src/CreatureData.h	27683	2658d0bef510a3dde9963c95cf896c46cc5129a9de0776ce4222c89cd0ce4d58	仓库文件	-
项目文件	文件	文件	src/DBCStores.cpp	46732	2180cc7d655eba3bc06d765fe8955f0df920674b8848f9a1e9605184f59d8175	仓库文件	-
项目文件	文件	文件	src/DBCStores.h	14142	513cb88830b8e789c3be59173ba64063f0cd0aff22059a3cf19bce27aaa52a95	仓库文件	-
项目文件	文件	文件	src/DBCStructure.h	93559	de0c219e722488cfa4cd3c37a5b24e76da77fb7dbdb53df96a9a8480a7b8e46d	仓库文件	-
项目文件	文件	文件	src/DatabaseWorkerPool.h	10522	14d2936dd0901b9789e1a0532ace5b3f2eed5d9a4c0d5b4098640dac1ac0d166	仓库文件	-
项目文件	文件	文件	src/EventProcessor.h	4689	30497317e00b8da785fd37a20a940aac92d91f358a149655163f00f46c7b4e7b	仓库文件	-
项目文件	文件	文件	src/GameObject.h	17862	31d64ba75265d72364b94192e491c39ade2764251e153f9104af03885e46cc22	仓库文件	-
项目文件	文件	文件	src/GameTime.h	1473	4e155bac7efbccab27f71fc629cb0b260b7f825eaf4e2b5e34e38326ab4a1ff9	仓库文件	-
项目文件	文件	文件	src/GossipDef.cpp	20105	bebd1198fb51727a981f61f3076a5061dedba3d62d5f6711e8b85286268c1074	仓库文件	-
项目文件	文件	文件	src/GossipDef.h	13672	c6181d2cd8fea610eba58f822732ab150a0bf03a9952689c570a2ea68d437162	仓库文件	-
项目文件	文件	文件	src/GossipHandler.cpp	14	d5558cd419c8d46bdc958064cb97f963d1ea793866414c025906ec15033512ed	仓库文件	-
项目文件	文件	文件	src/GridNotifiers.h	62777	aa10050a40352291455fb3d69f9c9c0cdc59f7c592c583e75b3481ab3255c149	仓库文件	-
项目文件	文件	文件	src/Group.h	17202	51ce011a7bac0a6692af0085071d0f40a0ee21a638ec1e501041fd241cf59986	仓库文件	-
项目文件	文件	文件	src/GroupRefManager.h	2364	b46667337d50b29da1d3e8c2decbf26f24b6e38b1cc97d43610580b4b9740d74	仓库文件	-
项目文件	文件	文件	src/Item.h	10673	fbab8aa124e2f8ef6a19979c5302eb79655986f05683d72e49438ad65f4fdd32	仓库文件	-
项目文件	文件	文件	src/ItemDefines.h	12626	069f8a69c59799b13d889244bc312020a3b6b9efce004bf9a3f21509399f866a	仓库文件	-
项目文件	文件	文件	src/ItemTemplate.h	35006	9df1ab14fd0ef3d489279e98f2fe34dac2bf60232cf37f424447a594918e234c	仓库文件	-
项目文件	文件	文件	src/Language.h	58877	38ec701aefc2411dda5bca8ea73c36b05a9dc222811f3c6247d2cc28a32f10b9	仓库文件	-
项目文件	文件	文件	src/Map.h	43154	541546fbb23f144fcd071d663c542b9d4721732c877efba242a9f4747fab3b5e	仓库文件	-
项目文件	文件	文件	src/Misc.cpp	51888	49db75aea9fcf56a9a304eaefa289230bf2b9970ee02c48bb49cac7719ea2d43	仓库文件	-
项目文件	文件	文件	src/NPCHandler.cpp	25583	019f1fafec987585cf58f698dad0a7a517cd73eddef94bfd8668e6f8526b2fce	仓库文件	-
项目文件	文件	文件	src/Object.h	32960	62b6b175a505b70e8db3dab4cc1ac80886583638d8f22b30145acc0a522d3b75	仓库文件	-
项目文件	文件	文件	src/Pet.cpp	71429	ba94ca0b33e6cc6240ba699c448733e3de1ebe9b0e34616781ff26881beac4e6	仓库文件	-
项目文件	文件	文件	src/Player.cpp	991044	f76088ec45e70e4759d2eccf3ef9287b62297164894c3c00427993cc905a814e	仓库文件	-
项目文件	文件	文件	src/Player.h	120041	369a73dc6e1d643f20b7ab4c1b1999f0d3205f3d859dd6a931d74dee8d170a39	仓库文件	-
项目文件	文件	文件	src/PlayerStorage.cpp	14	d5558cd419c8d46bdc958064cb97f963d1ea793866414c025906ec15033512ed	仓库文件	-
项目文件	文件	文件	src/RBAC.cpp	10024	a8beb16dbffd3352607dddb7f7c5cda72894451fae719f86ebd0d66cecefb0c4	仓库文件	-
项目文件	文件	文件	src/RBAC.h	61613	e20c5085e5a6dff8be9d576ce837bbe397b4b1242a210157519ee326284ed04e	仓库文件	-
项目文件	文件	文件	src/SC.h	8796	bc282fd2090ac60f6a4d4da80cc94c8c503d7ad86fb5149e131b8a7acee9b072	仓库文件	-
项目文件	文件	文件	src/SF.h	4096	47a0c60ebe5db98a3680ab8ce176a60762e6bd385bf6a7354ffdf48368467de3	仓库文件	-
项目文件	文件	文件	src/ScriptMgr.h	43455	f7745ac008e3e189d67561f7457021a6ae90f7ad6e68a96ea9c1697d8e31935f	仓库文件	-
项目文件	文件	文件	src/SharedDefines.h	196781	9d3bd5bad20e2f69814d22e620a539ae1e5dd390e89a9b5143e5a6c8a97776a9	仓库文件	-
项目文件	文件	文件	src/Spell.cpp	351920	75b8db7d175499d9add2c70be66eb03c97a9476a3a0daeadcc7af601c1287476	仓库文件	-
项目文件	文件	文件	src/Spell.h	33299	f21dd0aee9ecee1ffae9604c7d7ce93c0cab5b2bb7dfa725aacf3ae8c6062ce4	仓库文件	-
项目文件	文件	文件	src/SpellAuras.h	18466	0bc59171aa56cb13a4b68336f0a0f7ee2fd66c2e555a69b6a62f5d9437eadf4c	仓库文件	-
项目文件	文件	文件	src/SpellDefines.h	18270	59a060ab01461cc1300bc6b9f70f8a74446c56396eaddf8fbd46221ed5141b5d	仓库文件	-
项目文件	文件	文件	src/SpellEffects.cpp	216309	9297d2b0ff36c85e3b423a418d1cf4aeb849aed3fe73414cd2953c92e9a3ddf3	仓库文件	-
项目文件	文件	文件	src/SpellHistory.cpp	25863	397a42d893e646a7835b01fb6f3871db0856328c8688d96bea21eaadef7ce5e5	仓库文件	-
项目文件	文件	文件	src/SpellHistory.h	6547	f80ea0e290b86c22acb22ee761446fdeed3279cb45f824fc4342b3cafff67164	仓库文件	-
项目文件	文件	文件	src/SpellInfo.h	20724	984715b6fd10970dc38a357522aa4bfc154e196ae32d686d2db5e37a325a85e9	仓库文件	-
项目文件	文件	文件	src/SpellMgr.cpp	187719	4cf92fb8ecfca032f3f9bdd4645facfebd3e0e5fbafc6d332a1ca4cbc8c3e5ee	仓库文件	-
项目文件	文件	文件	src/SpellMgr.h	33853	dbd82e4960dcb54cb08253b74b9feb4590871fe051b9cf0cb5e7883ca29ad26e	仓库文件	-
项目文件	文件	文件	src/Unit.cpp	541111	7dc2e91ab84722489f70b667fbf3c7802699fe2d4841f7cb02563e1e263a0d9c	仓库文件	-
项目文件	文件	文件	src/Unit.h	104155	0c490ed0947661d93c2a8af5f546d109e4d1cc0bc1e273fc583093bffc42be65	仓库文件	-
项目文件	文件	文件	src/UnitDefines.h	23902	327f11538e9b596da5788309fc3f98d9c3de10678e4a34f8c561fe3562adb1f3	仓库文件	-
项目文件	文件	文件	src/World.h	33224	180b6355ba9b7f111881ff80acae74fb3b020c32476400130bf9475343cc00a0	仓库文件	-
项目文件	文件	文件	src/WorldDatabase.cpp	13485	9615476a5cf8c0e1a8b37010c3fc610422c7a023967b1629825e46d355184859	仓库文件	-
项目文件	文件	文件	src/WorldObject.h	32960	62b6b175a505b70e8db3dab4cc1ac80886583638d8f22b30145acc0a522d3b75	仓库文件	-
项目文件	文件	文件	src/bot/CreatureAI.h	14	d5558cd419c8d46bdc958064cb97f963d1ea793866414c025906ec15033512ed	仓库文件	-
项目文件	文件	文件	src/bot/bot_ai.h	40155	4c77dbdb5a13c3eaa1f5476e481014955f3d074663857d45e5fbe5e208694fde	仓库文件	-
项目文件	文件	文件	src/bot/botcommon.h	29158	d80ada5cdbaa82b9631d457dac058d4712ff7afa164ebebba896612437c213c6	仓库文件	-
项目文件	文件	文件	src/bot/botdatamgr.cpp	188311	d3a4689fd41d0398b8f9f2552dd09d24ebb5b7f3f8a7ae11c463ee77d02be665	仓库文件	-
项目文件	文件	文件	src/bot/botdatamgr.h	12117	5954a28ade4f6b7abe1a05ac02715410684c1dcf7466ad0532ec21acb9bab2fe	仓库文件	-
项目文件	文件	文件	src/bot/botmgr.h	11686	53c8b919d4d2dc4e7f172ba5d67ef4b364f243b87d1d0dab260b987964c6d603	仓库文件	-
项目文件	文件	文件	src/bot_ai/bot_death_knight_ai.cpp	91429	af525f4c5bd73707b0e0b54226e1620da70338fe0176afc0827619b9691964d3	仓库文件	-
项目文件	文件	文件	src/bot_ai/bot_druid_ai.cpp	134630	ab98e15bfb4b6754fd4cebc21841fa65055091c9f3103848a7201d7253321842	仓库文件	-
项目文件	文件	文件	src/bot_ai/bot_hunter_ai.cpp	95187	0431ba73f65975f5c630f279633340bb54a8662d51f71da9743610b46139ed6e	仓库文件	-
项目文件	文件	文件	src/bot_ai/bot_mage_ai.cpp	81476	8a08344338a6ebb60e00d9b52c8a0717ea6dc79ac6df93e720df13aea725e0c6	仓库文件	-
项目文件	文件	文件	src/bot_ai/bot_paladin_ai.cpp	117246	c94e464622cd74482f5b4df933a78ad2478f506968a0148a7ddb731f00edb22a	仓库文件	-
项目文件	文件	文件	src/bot_ai/bot_priest_ai.cpp	88586	1299c8a80b7ba5440953ffb91cd1a4782daaba23e221e1e5546425445dca40df	仓库文件	-
项目文件	文件	文件	src/bot_ai/bot_rogue_ai.cpp	93810	7f3c29ad1bf140e14b63a167ce3e00437b3775d4c660a905b9671bd2978aeee9	仓库文件	-
项目文件	文件	文件	src/bot_ai/bot_shaman_ai.cpp	129218	d8468a5cc795dab19515959770d7ff9b66e766af953552e7a81494f895f7cb1d	仓库文件	-
项目文件	文件	文件	src/bot_ai/bot_warlock_ai.cpp	93052	3e8b5e922f84bd873f8be3a713132626751e819db0cca4a75154f99bd68b7541	仓库文件	-
项目文件	文件	文件	src/bot_ai/bot_warrior_ai.cpp	99901	2423bd365dac8420ed25e4841ba54ee8f0d6df0f4a32437c5549e848206b2ebf	仓库文件	-
项目文件	文件	文件	src/bot_spell_ids.json	15442	469e09bd1a091d6ffe8cc34269eac17df0d6c40ef6d1fb285fca4665c55866c7	仓库文件	-
项目文件	文件	文件	src/compile_test	30512	94963e1e1a6c5c787e86c7c624e0cd2e05885fb8827113102acf9da8c26f61c0	仓库文件	-
项目文件	文件	文件	src/compile_test.cpp	7165	148c47447cfc0295ed5eed278cb46410e3c8ae306112324295d9312f4084a202	仓库文件	-
项目文件	文件	文件	src/cs_lookup.cpp	56709	bb9987b982f189599562760ee6722db20a5475c58c092397523a8aea837b0948	仓库文件	-
项目文件	文件	文件	src/cs_misc.cpp	106255	29244f2bfe71148e6cf8a4b9c17df553d72eaca280ef4aa5296c28ed4c69accb	仓库文件	-
项目文件	文件	文件	src/cs_modify.cpp	34278	65221e2154a7f73848a81455e2179bf215ebf02cb26c274f65c4d40668565b92	仓库文件	-
项目文件	文件	文件	src/cs_npc.cpp	53962	fc921efd03c376227618c3f06362db130761f942deb5ce27a5514ad4a694da3d	仓库文件	-
项目文件	文件	文件	src/lang_zh.sql	204851	38d7fc7652b57d92498fa83e6387dcb349d146cc449d7694b7cbdb6cc730e70a	仓库文件	-
项目文件	文件	文件	src/rbac_test	15960	640a0151cfe12e725fbad8f8bc1b955dde0c4d9f52d02eb8672698addb1e1f2e	仓库文件	-
项目文件	文件	文件	src/rbac_test.cpp	654	e4dc144311d2bd2b7fcfe75243a5ec4dec2bf3d88e5b83ef25ce67fff37ea72c	仓库文件	-
项目文件	文件	文件	t7/diag	47864	53685f5b71e2655554e1f0efa4a6595b1eed6f0e7946fcafa2e90b3ce270d910	仓库文件	-
项目文件	文件	文件	t7/diag.cpp	1277	805fbeaa5038c5fe9752739aed896aa3aa337eb856420218b0d811058f4ae66d	仓库文件	-
项目文件	文件	文件	t7/fix	52416	c21d6a8ef09b63d1ed9bffb45c90eec99c214d35a0fb1a096e15b04e7a28b873	仓库文件	-
项目文件	文件	文件	t7/fix.cpp	1669	10fd95d4923d127938ac2b43ea490c4cb533e99686fc7f8cedeb8d2732b2ce1f	仓库文件	-
项目文件	文件	文件	t7/score	71552	b039cfda0569c212f137ae0bd3a505a4304380c876b564920f760ef2d1ed79e1	仓库文件	-
项目文件	文件	文件	t7/score.cpp	3659	9e5837e7322666b1e0da4b908e728534a646b6e3a5a319441da4ec6349a13d9e	仓库文件	-
项目文件	文件	文件	t7/t	55232	9272470bdf5115ce1cb934b165c902edd8ce7ac55b529881b79b04f59ad5e8c4	仓库文件	-
项目文件	文件	文件	t7/t.cpp	3492	2e6f6a6947acd851fa719a9a1138db2459491a382bfcfa97756d83ee7598b7c5	仓库文件	-
项目文件	文件	文件	t8/body.cpp	33775	6c4754d4419219150d705d26afd51ddd5989d65b5c791f1382b06847fb1c69eb	仓库文件	-
项目文件	文件	文件	t8/body8.cpp	39992	209ecbbddaab7115c5d002c2bc5d00b55ded76361cb76830bfb0043937d468d4	仓库文件	-
项目文件	文件	文件	t8/gear	236024	7ee4863ad3ec274fe91e2b69fc8c9692d18e5b6526040ff9da7537f4139501f1	仓库文件	-
项目文件	文件	文件	t8/gear.cpp	39116	245df645473def785960deca654722f17b6731e1c5f94395a9b7b8ec768e6ac8	仓库文件	-
项目文件	文件	文件	t8/gearmain.cpp	2262	8a9815c729924d2a932be769b1625a76b002d3b3013bb0d232444edd5e4e942c	仓库文件	-
项目文件	文件	文件	t8/main.cpp	2810	9fc8db4d1829768137c653c7029a34fcf5a6265006aaf3550a3c388aae3c1f1f	仓库文件	-
项目文件	文件	文件	t8/main8.cpp	1991	baaada71b898933bc91cf7a34c2fc3820cd5f4df849dea1a7e0c2ee0ad1d4141	仓库文件	-
项目文件	文件	文件	t8/mock.h	9718	dffc5c70761fbf51184dfee8d088f84047112a14dd8e3b73f5921358caaea0c2	仓库文件	-
项目文件	文件	文件	t8/sugg	215288	1a9c15a17ed03c54a6be5c8002056afcccb2d860e501e54daa1d5e245eccb300	仓库文件	-
项目文件	文件	文件	t8/sugg.cpp	1596	672b16fab344e041baf09da87ddbf3191c10ffac1ccc7b619c362e94f3a8c1c8	仓库文件	-
项目文件	文件	文件	t8/t8	364696	fea5f9ee21b7b9c8b8171d8328115175ec8bd13ad90b3e0f656728cffedcfac1	仓库文件	-
项目文件	文件	文件	t8/test	343192	57418d7ad7cf10acac7fa12cf519c175ade481271ba710a2eaa109ab93cb3deb	仓库文件	-
项目文件	文件	文件	t9/p	16000	ee9ee1ecb3d713decab099116b7585e4efa13d9f82eca68e0b7810dea8f5da2b	仓库文件	-
项目文件	文件	文件	t9/p.cpp	603	ef368da88428b53650f506045ad7228d0df1a82013489acac7f417ce7269eeed	仓库文件	-
统一入口	文档	当前唯一操作入口	tc-bignum/00-当前整体安装步骤_单文件入口.md	117759	5a0498cb06b9b490d547b4daaae262a2081b49769c907c1c0a8f673626958e36	当前权威	禁止重跑安装；启动新worldserver并做A-E客户端Runtime
项目总览	文档	当前状态	tc-bignum/README.md	45857	8f215223ac95b7b6dfef17c20da1ede151094dda199aa6d39a8de83433054eae	当前权威	B1关闭；B2体验FAIL；B2R1 Windows PASS/Runtime待验收
项目文件	文件	文件	tc-bignum/apply_patches.sh	7083	4fecfc16877eacc1b235bed292603c1b86f526ef475c43f1c8b6587883be96eb	仓库文件	-
项目文件	文件	文件	tc-bignum/conf/README.md	6882	ca3b88604a2af764ed0f1290c6a5f683b2be095544665dede8bb87f91630d302	仓库文件	-
项目文件	文件	文件	tc-bignum/conf/_完整版备用/difficulty_adventure.conf	186209	0c9435a325b9ccdb4f28b703353736909478ad860d69b9d927ffa09e1b7870a6	仓库文件	-
项目文件	文件	文件	tc-bignum/conf/_完整版备用/difficulty_casual.conf	186186	5d95056fadcb4c0ee641d5f79d43588ec39966f906c1be0117c6215f09a4a50c	仓库文件	-
项目文件	文件	文件	tc-bignum/conf/_完整版备用/difficulty_epic.conf	186217	e78bc309206480b45627fb32613a7dbc56e71786e8c0a320ab903a3615eaf56b	仓库文件	-
项目文件	文件	文件	tc-bignum/conf/_完整版备用/difficulty_hardcore.conf	186159	f5355e43fe3a66bb2c8952c8bd069874e171281276aaa9f786a0affb1aabb2e0	仓库文件	-
项目文件	文件	文件	tc-bignum/conf/_完整版备用/difficulty_legend.conf	186184	7ca2f904bdc2b5a35ec04565230dd8fbae93710e65325f31dec23972691334a0	仓库文件	-
项目文件	文件	文件	tc-bignum/conf/worldserver.conf.d/adventure.conf	5122	f5617f0e735676d78bda47aca94ecacb5b86c800560b47d9c1c2c9de0d6476eb	仓库文件	-
项目文件	文件	文件	tc-bignum/conf/worldserver.conf.d/ahbot.conf	11295	dea17f10160d101c85b4798fe9c9d92a9571320f4ce6a002bca6de99ad2758c6	仓库文件	-
项目文件	文件	文件	tc-bignum/conf/worldserver.conf.d/aoeloot.conf	2706	62b4fd7b9be98dc193f2541190ed0c0a773f419dbe550321d8679bb8f7758a08	仓库文件	-
项目文件	文件	文件	tc-bignum/conf/worldserver.conf.d/casual.conf	5102	b78f90d8fe4f134c081fd0762c0f44847e816b3a91f4efeaeea71594489774cd	仓库文件	-
项目文件	文件	文件	tc-bignum/conf/worldserver.conf.d/customspell.conf	2874	d56890ddae31a6dacc96e179c8223a45a0890186f297c917a02d60498e41e978	仓库文件	-
项目文件	文件	文件	tc-bignum/conf/worldserver.conf.d/epic.conf	5135	e37af66453fc024610e0e91bc8a426537c902258f47a6ec01e5533b69de76e14	仓库文件	-
项目文件	文件	文件	tc-bignum/conf/worldserver.conf.d/g11_perception.conf	1258	7427e17afd7daf308d5ccd93e8fb9bde010bd0bfd23b720b7ef7dfd9f621a4ae	仓库文件	-
项目文件	文件	文件	tc-bignum/conf/worldserver.conf.d/g17_world_flight.conf	1280	a96afb09409f1a3080c62e2df7f6f02d91efc17270106b64339efa1529d30f17	仓库文件	-
项目文件	文件	文件	tc-bignum/conf/worldserver.conf.d/gearset.conf	1983	243fbf2033481f6630d50df75479743125ec4ebe3d89b1c97c1577cfdc64154f	仓库文件	-
项目文件	文件	文件	tc-bignum/conf/worldserver.conf.d/hardcore.conf	5073	0fe17145f45c11342bd9bf96610505c5029da08d5e71689881aeee077b2b786f	仓库文件	-
项目文件	文件	文件	tc-bignum/conf/worldserver.conf.d/legend.conf	5100	f7c50d7af800ef1e4313906736af775694315e174bee9c3117cf218e5b09d99a	仓库文件	-
项目文件	文件	文件	tc-bignum/conf/worldserver.conf.d/performance.conf	4748	063f44bcb58077c34c583d98af606a2a056798140fad2f5f0a498b29527bf6c2	仓库文件	-
项目文件	文件	文件	tc-bignum/conf/worldserver.conf.d/playerstat.conf	1336	821f41f20d2992c6c314f08fce176e3752fc0f6f4830eacf27a8892c2f58d5ba	仓库文件	-
项目文件	文件	文件	tc-bignum/conf/worldserver.conf.d/speed.conf	5292	66b0f3604f0e2396c6ab1eaf1fa7041f1e9726218749292dfb080295fa034f1f	仓库文件	-
项目文件	文件	文件	tc-bignum/conf/worldserver.conf.d/transmog.conf	2270	6e5040f589fd187e5b8b11fdce73446dcba8f3cf6524cd65cf932c78c18c28fa	仓库文件	-
项目文件	文件	文件	tc-bignum/conf/切换档位.bat	2174	0f93834dd741ae242385c04822ff2b27afe6e0539e6d852124090480d3f1bcf5	仓库文件	-
项目文件	文件	文件	tc-bignum/gbk_check.py	797	f0b0085d96e51bb85b1a6e87dbe113293e50202e0fec9b587c568fd74746e509	仓库文件	-
项目文件	文件	文件	tc-bignum/lua_scripts/README-Lua说明.md	6500	0e8d8aad9ee75d638e48a68f395d360830baa0834c0ef9228dc29aaf0596c839	仓库文件	-
项目文件	文件	文件	tc-bignum/lua_scripts/bignum_selftest.lua	5658	9c8e4ec5fc841187c7c263264ef60d5ec3857e295c250dda6f29d5483628cf76	仓库文件	-
项目文件	文件	文件	tc-bignum/lua_scripts/custom_announce.lua	2079	20559972a3ee226f87de7a7f1d493ddc99ae845755d2e7f613d3909959161d28	仓库文件	-
项目文件	文件	文件	tc-bignum/lua_scripts/custom_daily_reward.lua	7957	2814c4586c0e5e75f861424d21ae8be4db1638d42338e2a813c3eb0b06933b07	仓库文件	-
项目文件	文件	文件	tc-bignum/lua_scripts/custom_diag.lua	3556	fecd8da54885f657786f9e6f1953b49614d9fe9d136b3e6631f5c79a531e7f8d	仓库文件	-
项目文件	文件	文件	tc-bignum/lua_scripts/custom_gmhelp.lua	22107	dabb6005423334ddf7fe151d7f47d3b2c9fb8d584921add72445e69c83eb8dca	仓库文件	-
项目文件	文件	文件	tc-bignum/lua_scripts/custom_server_assistant.lua	6847	1d80eb699e356a17c7d87048e96515d269175fc4b91521d52b56fd0344f48f39	仓库文件	-
项目文件	文件	文件	tc-bignum/lua_scripts/custom_teleport.lua	12305	b84e7c1da66d45c781564917a06cc87b92c693e41964305bdab42068c42a0a23	仓库文件	-
项目文件	文件	文件	tc-bignum/lua_scripts/custom_welcome.lua	2812	f54ee1b08c54000c505199695708de9aeb1ccd286731db057d707ba74d8e905a	仓库文件	-
项目文件	文件	文件	tc-bignum/lua_scripts/extensions/G23Core.ext	6490	3311a1744502921f4b1ad85c06883d76ff68c4738e79e84e33a4f04b67eef12f	仓库文件	-
项目文件	文件	文件	tc-bignum/lua_scripts/extensions/ObjectVariables.ext	743	f823b6139319ed982b03586845841fa668f949970948b909876fd5f0da642e4b	仓库文件	-
项目文件	文件	文件	tc-bignum/sql/00_preflight_check.sql	3775	0b84281bbefb498c9a0d2f5f996547fa2d455cc43dbf90a096d7933819507d4d	仓库文件	-
项目文件	文件	文件	tc-bignum/sql/00b_verify_after_01.sql	2526	770db4a75fbfe3e4a5b29e2982ad35f8498e64dc50898101e7d3a3217bfaa3cd	仓库文件	-
项目文件	文件	文件	tc-bignum/sql/01_world_item_template_bignum.sql	3961	865ea4b50090cf8f9f308ef1c479c0740e3fd2b4d518ef2dbcf6b9ee8999019c	仓库文件	-
项目文件	文件	文件	tc-bignum/sql/01b_fix_remaining.sql	136	f02067c29563cff5534bd2a817013233f8c32cf7886292ee3d92d503b881cc8f	仓库文件	-
项目文件	文件	文件	tc-bignum/sql/02_characters_durability.sql	88	21a3af030f0eb549ee3c4823925a49e66d5af732cf43324f869147373166be92	仓库文件	-
项目文件	文件	文件	tc-bignum/sql/03_test_item.sql	3693	b31d1298bfbab69246e85644955514e023757d0be4a95061a898824c98880acb	仓库文件	-
项目文件	文件	文件	tc-bignum/sql/04_gearset_table.sql	308	fa53bf821ecb2dd46b10ac1c5eeddc30d690a28befd4bde6d7f819019d631c6c	仓库文件	-
项目文件	文件	文件	tc-bignum/sql/05_tierset_progress.sql	905	08bd046e049e7ac271a07769700df77d126278a68953ab196726eb385c3063de	仓库文件	-
项目文件	文件	文件	tc-bignum/sql/06_tierset_unlocked.sql	788	a70a4ab50adf401529c194d81624115b50d46d3f534d5c4e4115ee14ed0179dd	仓库文件	-
项目文件	文件	文件	tc-bignum/sql/07_tierset_config.sql	881	5f090594a6f35182a56ddf21f06345d2745b5c7b36fe34d8d7b89cd38625fe68	仓库文件	-
项目文件	文件	文件	tc-bignum/sql/08_tierset_dungeon_req.sql	1127	0da9a6f989de4acedbc2b8532b859a838035ed18e214f62834cbf716f8ebe3f1	仓库文件	-
项目文件	文件	文件	tc-bignum/sql/09_tierset_dungeon_data.sql	4685	6e7ba3d52aa1b00d7c7db5924c668beeba536cc7ec9f48ac7aabc12376cb6a6a	仓库文件	-
项目文件	文件	文件	tc-bignum/sql/10_rbac_gearset.sql	398	b7a738537f278ae554eeda82be797f56eed06a3689078c4388e3234eee9daee2	仓库文件	-
项目文件	文件	文件	tc-bignum/sql/11_rbac_gearset_link.sql	505	1b40b28b78c8fa95f1373cf5fe70bcbd09696e541b3f68f3f9d82f74afa81bec	仓库文件	-
项目文件	文件	文件	tc-bignum/sql/12_verify_gearset.sql	1446	ec27966ac3514b12c7b447b3641cd2557fa5546598e16169a77ef4525069f3e8	仓库文件	-
项目文件	文件	文件	tc-bignum/sql/13_daily_reward.sql	1899	a0a9072ff1fe387eef01a20647451c05b56ec5c1d50d54e98afa5be4817fec4c	仓库文件	-
项目文件	文件	文件	tc-bignum/sql/14_rbac_spellclean.sql	330	b4c3b012a80393975995010ba511e917108ac44e5d55a0b7d962d94a1de613cf	仓库文件	-
项目文件	文件	文件	tc-bignum/sql/15_rbac_spellclean_link.sql	415	2625a0c23d0ff4aaad87a02155e907485055f42364f1a6d230ef82d4c3f6f4f7	仓库文件	-
项目文件	文件	文件	tc-bignum/sql/16_rbac_reloaditem.sql	332	4b31b9141d6b2ddc591fea1d4e66992d81465e2dbdc2be33d646233e21c7d99b	仓库文件	-
项目文件	文件	文件	tc-bignum/sql/17_rbac_reloaditem_link.sql	383	c0d062b6821318c6f586272a29b32538896077aa86a15acfa7043faf40abc718	仓库文件	-
项目文件	文件	文件	tc-bignum/sql/18_rbac_gmhelper.sql	324	5c5b4a5a24ff1e55d8864027aa6679862d752e91a609a5359ea804d9a634bfaf	仓库文件	-
项目文件	文件	文件	tc-bignum/sql/19_rbac_gmhelper_link.sql	379	3101b2ce0facfe1256e418f2d2cf0ee35e2477378264bdfe9b5cc19c692dd1dc	仓库文件	-
项目文件	文件	文件	tc-bignum/sql/20_tele_cn.sql	863	14439f83dd5154d0946d5bc75df6b6048fbab7c3f8e06d0c185fb98334073fe3	仓库文件	-
项目文件	文件	文件	tc-bignum/sql/21_tele_cn_data.sql	14829	ac12c77aba4b1771b50c458b0b0cd4447983466250b2622710fbcb1fac4cfe80	仓库文件	-
项目文件	文件	文件	tc-bignum/sql/22_tele_cn_clear.sql	420	3253cf92e179c51d2b8f4f68a93512ad94f56dab3ebc7752eae8612f7231a111	仓库文件	-
项目文件	文件	文件	tc-bignum/sql/23_transmog_table.sql	446	e03c59b81e504eb8c0b8172b4cd0deab7980b5f45a2a845ac32525970e0dc15b	仓库文件	-
项目文件	文件	文件	tc-bignum/sql/24_transmog_sets_table.sql	530	adae54f1307cf7372b97df4f6ad15363e050c010bd4e2454b2793a6e3a27b788	仓库文件	-
项目文件	文件	文件	tc-bignum/sql/25_rbac_transmog.sql	164	d284cc9dc6024f2737e5a3b4de355c6577d42e9cdd59337daa279e68d48882b6	仓库文件	-
项目文件	文件	文件	tc-bignum/sql/26_rbac_transmog_link.sql	216	94d561ea079da92dcacf8cab38ea644d4f62cef62a8d669807fe2dbada61e501	仓库文件	-
项目文件	文件	文件	tc-bignum/sql/27_rbac_itemforge.sql	166	e552d8ad226a689a1052f0c2da54967b9d8801d510300ef1e462f739bb84fb70	仓库文件	-
项目文件	文件	文件	tc-bignum/sql/28_rbac_itemforge_link.sql	134	14e8fd6088c11b7b3af1ff73a65e5e3e594babb96e0ddcee4c4ec06c7c15d01c	仓库文件	-
项目文件	文件	文件	tc-bignum/sql/29_fix_forge_durability.sql	261	122d77def9f558539827aee033baa51dee452455a0795be439f26fbde7ae31b7	仓库文件	-
项目文件	文件	文件	tc-bignum/sql/30_custom_itemset.sql	353	2798b62344888ee3af28bd1db885ae0a33dfcff8d21e20c3598914f8ee2c93cc	仓库文件	-
项目文件	文件	文件	tc-bignum/sql/31_custom_itemset_spell.sql	477	b7db2f4c03eba0b7a18f2dac6d937dc1ae7bc46b391ad182ba7bb47c1d991944	仓库文件	-
项目文件	文件	文件	tc-bignum/sql/32_rbac_combathelper.sql	132	00cf1788890d2a17e3fa57398a153418b0ae992688b0fa8411d8b32fa28e5751	仓库文件	-
项目文件	文件	文件	tc-bignum/sql/33_rbac_combathelper_link.sql	134	3288c0d96c40c2d2eed4d6a32a268c3de9fb93a955ef7000fdc30a1f644dfb6b	仓库文件	-
项目文件	文件	文件	tc-bignum/sql/34_custom_playerstat.sql	520	3f8ebd794b48c5a079fecab4a24b90ee2c13a7ad8fa30dab343264743528eff5	仓库文件	-
项目文件	文件	文件	tc-bignum/sql/35_rbac_worldtools.sql	438	3d5ca2be8b56d2895c2fa2c2b92cd9a7100982e4f9f730a1d97db23fdda76e01	仓库文件	-
项目文件	文件	文件	tc-bignum/sql/36_rbac_worldtools_link.sql	394	c956a7df397d801fbd1b0c0858ae5542fde80076d093499c267ded965d063efa	仓库文件	-
项目文件	文件	文件	tc-bignum/sql/37_service_npc_template.sql	4319	09f5fac7ad03a975e85283426f583f6705cadff2ac81f67b60dcc1dece70ff1a	仓库文件	-
项目文件	文件	文件	tc-bignum/sql/38_service_npc_gossip.sql	3337	30768ebf617fbfdce6c30fb0d04f2478413551614f8c9735ba7e2fc431122625	仓库文件	-
项目文件	文件	文件	tc-bignum/sql/39_widen_columns.sql	4900	abcd32792e719ae1fc2361b37c396eed9744a29d332a8c72e257bb4237b87d7f	仓库文件	-
项目文件	文件	文件	tc-bignum/sql/40_dummy_npc.sql	7769	55ce9adfbcffd4e500bccb0febf8dfd9438eab76ee5e418979ace85bbfd3b045	仓库文件	-
项目文件	文件	文件	tc-bignum/sql/41_scene_tables.sql	4442	3b3a42b8060d6fc46bc3d43ba4f2e2dd99aae0279d642f65794c11f6387be9c2	仓库文件	-
项目文件	文件	文件	tc-bignum/sql/README-SQL清单.md	3790	f7ddc4c7da79aac624773b077209ea4ea502feed70bd22ea74bbd058097914eb	仓库文件	-
项目文件	文件	文件	tc-bignum/tools/README-内容管线.md	5989	fac130c088a13fcbc491e3554600773bcce377309f22126496fd4b238afbac3d	仓库文件	-
项目文件	文件	文件	tc-bignum/tools/README.md	362	9c569bebec1ecd7e0b457eaaf26400eb24850949c336a885f0220bdfc8b5306d	仓库文件	-
项目文件	文件	文件	tc-bignum/tools/build_effect_dict.py	14743	f119924bd4533d1f452184dce20449b9bb5f462bcd3b3285928cf1f30576e86b	仓库文件	-
项目文件	文件	文件	tc-bignum/tools/check_dbc.py	5013	780c573594c748e876c413d84aabc9e8469feb76c033a0f859f0abf2f5d6a476	仓库文件	-
项目文件	文件	文件	tc-bignum/tools/check_dup.py	15787	e66763972aa36e04cdf5470ea45a93cf8c70bc8dd87df1294e0c2458f66d5331	仓库文件	-
项目文件	文件	文件	tc-bignum/tools/check_encoding.py	6488	4f5a1e9f985d2fa2abc79fb7183ac1d5e0e83704619f9a0f944aeef9ac193ea6	仓库文件	-
项目文件	文件	文件	tc-bignum/tools/check_patch_content.py	6401	93d8f40d581d9ab7215fe346ebdc44c87e51fed0423a83aabc2be1a74fb61bd7	仓库文件	-
项目文件	文件	文件	tc-bignum/tools/check_sql.py	9564	4f0063c60dec43a7210899b33adad979029201a3207d0e4aa7737c741c53d4ca	仓库文件	-
项目文件	文件	文件	tc-bignum/tools/check_sql_range.py	4433	3a4891e425381bfd98324bd93e8fd0aee770b7c0726469bfb4bcf579d130661c	仓库文件	-
项目文件	文件	文件	tc-bignum/tools/export_item_dbc.py	15330	02a9b414dd631f52f065db4a124d607a35e867468011def5e275b183000a8c92	仓库文件	-
项目文件	文件	文件	tc-bignum/tools/export_itemset_dbc.py	12741	4718c05eb5370d7ffa5db0d5beaf855d5d9bebb39ae3d4a7c3def88a47177b29	仓库文件	-
项目文件	文件	文件	tc-bignum/tools/find_mojibake.py	10598	ce85f68836a87b01c73cb8a58428f3ded7368553711bfdb6364cb0b8b0f2914c	仓库文件	-
项目文件	文件	文件	tc-bignum/tools/fix_nbsp.py	5652	472a8b772e20203780a22d8b54a8478104e72a9c0e1698d4a984d1f3123c2983	仓库文件	-
项目文件	文件	文件	tc-bignum/tools/gen_specdata_v3.py	32426	32dbef0cd954adad438e29e4c57dea8111268a31f0dfc704c0d7e4002c421c90	仓库文件	-
项目文件	文件	文件	tc-bignum/tools/specdata_v3_base.json	48910	4494069aa6b8a4764cfb2d8e1b3e5fe7019ee64228c8d673ff6fffbc2c6008a4	仓库文件	-
项目文件	文件	文件	tc-bignum/tools/syntax_check.sh	1821	d5d43d23091087f387f4c5805e30ca4c0e6b8472a6382ffde4a5d89419fa23ae	仓库文件	-
项目文件	文件	文件	tc-bignum/tools/tc_stub.h	3340	bd127792fd305348e10d1f0a0a9a02bc1c2030956d659f6b9252c70c112eeeb0	仓库文件	-
项目文件	文件	文件	tc-bignum/tools/test_effect_dict.py	3475	b5ba6792599ea327408aaa48736b01db31e18c00a4df3dd23dfdd59a31880a32	仓库文件	-
项目文件	文件	文件	tc-bignum/verify_truncation.cpp	1884	ce9e53170b42f288cc29f148595d6e610aae71b07d63cd10b8b2074c568c7766	仓库文件	-
项目文件	文件	文件	tc-bignum/剧情/_旧版备份/故事集-真龙纪元.txt	21678	c42d8ce8432b05e9c9a844448eb57688e814f02cafd5da0de543a3c2b2d043da	仓库文件	-
项目文件	文件	文件	tc-bignum/剧情/_旧版备份/设定集-艾泽拉斯新纪元.txt	26846	8643333ea728f058c7886cf73551e3651508d20b7687243f00a46e901d6a8e36	仓库文件	-
项目文件	文件	文件	tc-bignum/剧情/_本次修订说明.md	5991	fb8cabcb0f91c36b56b6cb7e992b8c6a4b2ceba72efb06f3bd278e299b5bd415	仓库文件	-
项目文件	文件	文件	tc-bignum/剧情/技术可行性-真龙能力清单.md	16872	092490e739fc7d83ac88d2e99fd2b8b469a9bef832716a2908e8bd42109a6153	仓库文件	-
项目文件	文件	文件	tc-bignum/剧情/技能设计集.txt	38808	b0ad84a560fda9346cd113a0edf1e581c051fbb43062367fdf23d918b021ed43	仓库文件	-
项目文件	文件	文件	tc-bignum/剧情/故事集-真龙纪元.txt	97758	eaf7e853503fc8f09cb5c5a70abb17cb6de7b76e6de7b621ec11e65b8503e4f1	仓库文件	-
项目文件	文件	文件	tc-bignum/剧情/种族职业扩展-32上限规划.txt	33798	3617ca8b67571451eb9f9ce2b0a20819619f9127da86aac78482bacf46e8f09c	仓库文件	-
项目文件	文件	文件	tc-bignum/剧情/老职业魔改-十职业扩充方案.txt	36405	a9e0133c939e4a0a0dac6cb9c58b93542ce8512167117a00baec709080f0998e	仓库文件	-
项目文件	文件	文件	tc-bignum/剧情/设定集-艾泽拉斯新纪元.txt	82679	652122c2fd49e01008f0de5c97a970b7de0cd82d4e0c149529f95a48e9194b2d	仓库文件	-
项目文件	文件	文件	tc-bignum/参考资料/NPCBot官方手册.md	74060	c79aebf1c720f2566d267628d82828089e3129a0c5b7991d5ad42fdb9c642f2a	仓库文件	-
项目文件	文件	文件	tc-bignum/参考资料/NPCBot资料汇总与闲逛诊断.md	9282	e79808aca7a8871bdff72b04f51e92412e56c4b4e640cb692162d8e01c4fd2ff	仓库文件	-
项目文件	文件	文件	tc-bignum/参考资料/Playerbot活跃度机制-移植参考.md	8190	9505f2f9c136c0ccf3f3576e6204486f5293674ce86e3e00061fc640ed635e3e	仓库文件	-
项目文件	文件	文件	tc-bignum/参考资料/playerbots.conf.dist备份.txt	102163	18b52e64aece2d44a5fbc8c9adf703c2495ba6699695eb062f670e9e29ab0ba1	仓库文件	-
项目文件	文件	文件	tc-bignum/参考资料/为什么findmodel搜不到玩家模型.md	10255	1acc11d8ee125adc65490be56dd2462d80652f218fb7a94a95362a3f0aaadf08	仓库文件	-
项目文件	文件	文件	tc-bignum/工具库/00-工具总览与前置条件.md	8474	f8d66839180511ed514044842d3f75983a11fc4cae951a566ed1baae9fd2f56b	仓库文件	-
项目文件	文件	文件	tc-bignum/工具库/01-MPQ编辑器.md	6444	324d1bfbbbf8283db4342ae6bc2849b6fb92c71d8be474fd0ea59642a2e638bb	仓库文件	-
项目文件	文件	文件	tc-bignum/工具库/02-WoWModelViewer.md	6978	f09b22e29c62c0cfcfb184c0a5519560abbb8759d006bce74e13922c9a43e4b3	仓库文件	-
项目文件	文件	文件	tc-bignum/工具库/03-wow.export.md	5843	cf65cf8613cb0ac22df1839766f13f7cd9e675d8d414291b37e7fa72a2eb8c52	仓库文件	-
项目文件	文件	文件	tc-bignum/工具库/04-DBC编辑器.md	5782	8131cd7b98e1b68b38d21e6845db17875ae8d95c59e16f4f3dbe0f27022fa093	仓库文件	-
项目文件	文件	文件	tc-bignum/工具库/05-贴图与纹理.md	4016	6d2a8fd814f0039305e779dc9a7eab644d90cec80adb02c6e5aa490985f408fa	仓库文件	-
项目文件	文件	文件	tc-bignum/工具库/06-音效与文本.md	5060	73fdf5fc10722d427f9ba1118d70d1f463706f38d2c131c3728bdce5b4f3740a	仓库文件	-
项目文件	文件	文件	tc-bignum/工具库/07-模型格式转换.md	5805	73f8409ec1b8fcac0e8081ce59ab46d729c6b8952aad32972d1f1aa28b4218d7	仓库文件	-
项目文件	文件	文件	tc-bignum/工具库/08-地图编辑Noggit.md	7397	2d93528e4d6cb8739d0584fbdb660454e494188808e4c4600cf8503dd6479ac0	仓库文件	-
项目文件	文件	文件	tc-bignum/工具库/09-一体化框架.md	7383	141a7b582a616105b4acbde77802cc3c9218213ed4f4afb3bd68b6ffaa1fd671	仓库文件	-
项目文件	文件	文件	tc-bignum/工具库/10-辅助工具.md	5541	9d7299595bba4a312d52372472e70d631ae1f5c0b528f8670c0706c0525cdbaa	仓库文件	-
项目文件	文件	文件	tc-bignum/工具库/11-整合客户端体检与加密应对.md	12021	d88af756faf09ab4ceb5b685a6d7941f19b45ef41121eadb311cd6641a76a062	仓库文件	-
项目文件	文件	文件	tc-bignum/工具库/12-装机路线图.md	16158	4998d6118f2c805b2201ba6d2c4538b3ff760ffa14b8d7bee67689f405535631	仓库文件	-
项目文件	文件	文件	tc-bignum/工具库/13-模型补丁安装与BfA降版本.md	12070	09aa4c31660d7169e01bb16f830cdce9280387c8feccb44cfa1dbdeb9bf677fe	仓库文件	-
项目文件	文件	文件	tc-bignum/工具库/14-本次装机执行单.md	9899	54ad50b7d3b1e89a59c1c44530e6770070f6afbfcd523099072023cf6bd4bbb9	仓库文件	-
项目文件	文件	文件	tc-bignum/工具库/15-把压缩包做成MPQ补丁.md	7604	3f7c0452891f5a14f438693f8618de658cf3ec9aa8fccbef1db64d1abc756e44	仓库文件	-
项目文件	文件	文件	tc-bignum/工具库/16-多余文件与DBC风险.md	5811	c5ee90b31a22d48c00de86a933ea5a52f8f350cb326009aa1b09052f40a0d135	仓库文件	-
项目文件	文件	文件	tc-bignum/工具库/17-你这个补丁的处置方案.md	6721	a846d0e75832e57996dc29c53db47577fd663e02b145c1cd9232e396b2bd0d7d	仓库文件	-
项目文件	文件	文件	tc-bignum/工具库/18-补丁不生效诊断与exe换不了.md	8075	aac1261079000ca0122fc6dd793cdfc843bdc8f641f585dc5be2f2b0e732bb1c	仓库文件	-
项目文件	文件	文件	tc-bignum/工具库/19-补丁exe到底给了你什么.md	4778	ace4618e850b1566fa10279211e21b6333a0bc28829490fc4e7bd7d404812dba	仓库文件	-
项目文件	文件	文件	tc-bignum/工具库/20-补丁exe测试结果解读.md	6900	a3ad3caffc0e2688c0ceb38e76d04a23e6cbbb1b1b4e7ba22c56ec325d332fff	仓库文件	-
项目文件	文件	文件	tc-bignum/工具库/21-HD模型整个消失的原因与解法.md	7693	544e2d5aeb3d30353c9baef4832395e842490f64fe591dcdc274d6984a1a5f84	仓库文件	-
项目文件	文件	文件	tc-bignum/工具库/22-现成MPQ怎么装与模型ID怎么查.md	9988	4980a9da4b28d2ea9df75a5dfed82ad64b8882fd3bc48b3aeef84e65b8d33037	仓库文件	-
项目文件	文件	文件	tc-bignum/工具库/23-能不能用正式服最新模型.md	6046	b1301556ea69a78fa82dd9e4382a9f76d056552b619012e81f3d2addb7b89cee	仓库文件	-
项目文件	文件	文件	tc-bignum/工具库/24-最新模型资源与路线B排期.md	18065	d5456f101cf32852d4473be0a1d7c88fd5615475ed4570124d73d03a7098f449	仓库文件	-
项目文件	文件	文件	tc-bignum/工具库/25-人物模型全量转换-可行性与工具方案.md	11826	93e4052e6e7cc68f96077809c53854a3d872642114db4727b197666f77c779c9	仓库文件	-
项目文件	文件	文件	tc-bignum/工具库/tools/client_check.sh	9767	475552638d357d05ff5d061cdc57ff56da4fe147c20014e1f67137d11451895b	仓库文件	-
项目文件	文件	文件	tc-bignum/工具库/tools/dump_models.py	7131	f938f6d3d06e5665484cf9d6be962b60734606cbc05fb74ba0e8355825827b27	仓库文件	-
项目文件	文件	文件	tc-bignum/工具库/tools/findroot.sh	4867	48ec3ea8ade2db63dae03707e07904986fa7fe94a763747ebeb5e2828c3fd6ae	仓库文件	-
项目文件	文件	文件	tc-bignum/工具库/tools/m2ver.sh	4260	d71079cb8072eb45508d77f0debe920880913f9f4657ec7fc2998d6aeed40432	仓库文件	-
项目文件	文件	文件	tc-bignum/工具库/tools/patch_scan.py	16467	10a2043e1fe55f33b4e1c02ff1963459a5fb251a7ec0b048b10c9d706f156921	仓库文件	-
项目文件	文件	文件	tc-bignum/工具库/tools/patch_slots.py	7759	f157e843bd672fef6fbfd671fb0697829ad3e64d156b9b8ee157cf38bbc84089	仓库文件	-
项目文件	文件	文件	tc-bignum/工具库/tools/texplan.py	9573	d3617f522ca71f19029bf61186dcf5c8ff707c3baf153faa9b7ba55675e0c431	仓库文件	-
项目文件	文件	文件	tc-bignum/工具库/tools/toolcheck.sh	10359	874a056f0bb4185117e5e055a3c52885cf3396420725bf2ddd3e4b69a6d4714b	仓库文件	-
待办	文档	当前状态	tc-bignum/待办总表.md	282442	07b6e325641c72683efa1e70e366a76462e6a9f7ab536bc67cfa4fee812b4bcf	当前权威	B2R1 Windows PASS；客户端Runtime唯一动作；B3-B6未实现
项目文件	文件	文件	tc-bignum/指令清单/00-总路线图.md	7417	fe44d3d63ae900ae50e53246cb1032bb3de9eea697e81cda5c3805a16b015fff	仓库文件	-
项目文件	文件	文件	tc-bignum/指令清单/00-指令可行性清单.md	9262	3cb5f2f4d959fb5ce4b1a269601f27bad2a35467a5d6e74d6212bd2e96862519	仓库文件	-
项目文件	文件	文件	tc-bignum/指令清单/00-指令总清单-最终版.md	9180	23cce2c0b98a36fbbf16618a9c4ffe4d58b51e14d72c9703e991314b59d90720	仓库文件	-
项目文件	文件	文件	tc-bignum/指令清单/00-自建指令总表.md	9787	2b539e3a4fe03df2497fbdf02fabeb3583d0f228112cf6d06dcad4dc92a5be95	仓库文件	-
项目文件	文件	文件	tc-bignum/指令清单/Bot路线图-还差什么.md	8466	7319f7e026f18fead26c204762910bbc29f63a7ab6c904c8763ba48d9c0c0275	仓库文件	-
待办	文档	当前状态	tc-bignum/未完成想法-总清单.md	46595	0bb5a8e2fc0dc215f9b622df169f173de9cd5b89f8fdcada69a942c7558193a6	当前权威	B2R1客户端Runtime待验收；B3-B6与Bot后续保留
项目文件	文件	文件	tc-bignum/流程文档/下一步计划.md	4339	a27dce7f0b374d321e9a77e1d524831b93a5629b488a1678b4394f6bab47bcdf	仓库文件	-
项目文件	文件	文件	tc-bignum/流程文档/步骤01-备份与环境准备.md	5273	7ef074fa07af70fd9e65293a347aa6b820884276c592c9c4cb819173d324ba6c	仓库文件	-
项目文件	文件	文件	tc-bignum/流程文档/步骤02-应用补丁.md	5100	5644ba1fff01cb37db649dd615fbd7f4efc62ea1eb0362f394037170816cf2a9	仓库文件	-
项目文件	文件	文件	tc-bignum/流程文档/步骤02c-提交注意事项.md	4548	76946a49897bb79389ac4af199b0b530efa4993f7fb330c081a4e7c6dac839fb	仓库文件	-
项目文件	文件	文件	tc-bignum/流程文档/步骤02d-detached-HEAD说明.md	4916	2fd4a4c0265302f719c1452ed3c779f39e939572f37e6a761814dce8c5167777	仓库文件	-
项目文件	文件	文件	tc-bignum/流程文档/步骤03-CMake与VS编译.md	7453	6acf10d2951f8b1a8b4df9c68e324a29eec9c0a8c0e2f3a96708138a4ad0616a	仓库文件	-
项目文件	文件	文件	tc-bignum/流程文档/步骤03b-CMake报错处理.md	5795	3f61bf2198bae20213b920ae57ada52809fa9e726c8b1f4d09deaa4fbd5ef523	仓库文件	-
项目文件	文件	文件	tc-bignum/流程文档/步骤03c-删除后重建CMake.md	6027	824a8b79ada939ac4375988cb4c42e194e6ba248ab31b35dd9c69fbf6fa9b554	仓库文件	-
项目文件	文件	文件	tc-bignum/流程文档/步骤04-执行SQL.md	11236	6200d37a94dfc83e153718bae47afc69159d2c565ab33545273cbb2fbbc82a29	仓库文件	-
项目文件	文件	文件	tc-bignum/流程文档/步骤05-替换exe与验证.md	7248	d11997d7ba9e11f65bfade1f1f17632adb287e0aa3b1c886c2c4ee0a3fb829f4	仓库文件	-
项目文件	文件	文件	tc-bignum/流程文档/步骤06-Eluna验证.md	6481	c2fe3751a9ee6409faf92bd1b3b2c2f2c064309b294386e703944d7cadb5d6c6	仓库文件	-
项目文件	文件	文件	tc-bignum/流程文档/装备魔改-总方案.md	6602	2467c01ee1d62e6d3078bac201a82f5f4fb88267ce25e4be558fa3ded1ec76de	仓库文件	-
项目文件	文件	文件	tc-bignum/流程文档/路线一-执行清单.md	6731	575aff8b1581bb857f925eb6f93f546b13e64311956866fa7130df859bdf90d8	仓库文件	-
补丁索引	文档	当前状态	tc-bignum/补丁库/00-补丁库索引.md	15253	e5286375f264349bf903f455c3631481c295d8322cb2b621615a7ada313e1078	当前权威	B2历史体验FAIL；B2R1 Windows PASS/Runtime待验收
项目文件	文件	文件	tc-bignum/补丁库/01_功能/A01_战斗节奏/apply.sh	6586	1eea43b68bf5d0c105810639a4b7c3a2641ef8b763965294d433fad1753b4a59	仓库文件	-
项目文件	文件	文件	tc-bignum/补丁库/01_功能/A01_战斗节奏/speed.conf	5292	66b0f3604f0e2396c6ab1eaf1fa7041f1e9726218749292dfb080295fa034f1f	仓库文件	-
项目文件	文件	文件	tc-bignum/补丁库/01_功能/A01_战斗节奏/安装说明.md	7658	f1e881886a4ed9577fa1a515cb9d226c03e684f42949e5fea0680174fa520711	仓库文件	-
项目文件	文件	文件	tc-bignum/补丁库/01_功能/A01_战斗节奏/源文件/CustomSpeed.cpp	10139	33452304874c1c40f6a248e9d9b671c661a75866d7b18a5213b1a5b227a38aea	仓库文件	-
项目文件	文件	文件	tc-bignum/补丁库/01_功能/A01_战斗节奏/源文件/CustomSpeed.h	4302	ffb499f077a0f2b86712b80b525b51e150905c3a1ad85d57d7beb34c4867fc78	仓库文件	-
项目文件	文件	文件	tc-bignum/补丁库/01_功能/A02_AoE拾取/apply.sh	6024	c481ad7937cf2afc22b7b651a8348a5270710ce99d2fba75fab893bdeb0a5084	仓库文件	-
项目文件	文件	文件	tc-bignum/补丁库/01_功能/A02_AoE拾取/安装说明.md	9870	3fa3ed79878431e47259b4e40714763f64e8ba0a34e6c27ce5de7c6e38dac835	仓库文件	-
项目文件	文件	文件	tc-bignum/补丁库/01_功能/A02_AoE拾取/源文件/CustomAoELoot.cpp	14635	9a88008a895eb3b70eddbf8fe81d7cbefcd0cc285eb18bf460bc06c086af95c5	仓库文件	-
项目文件	文件	文件	tc-bignum/补丁库/01_功能/A02_AoE拾取/源文件/CustomAoELoot.h	2325	4cb423d0f854406f6aadbb7421af3782a90c1a8262d892ee3935e535ec5af6c6	仓库文件	-
项目文件	文件	文件	tc-bignum/补丁库/01_功能/A03_幻化/apply.sh	6457	1dba9313a26b87cfaa3afadcedeabdf9259698685b7badda83f27b1b1c67bd06	仓库文件	-
项目文件	文件	文件	tc-bignum/补丁库/01_功能/A03_幻化/测试/injtest.cpp	1904	60addc3501fc80e75d00c16dbc69faaabe62523b81607febd32d2a95fc7e5854	仓库文件	-
项目文件	文件	文件	tc-bignum/补丁库/01_功能/A03_幻化/测试/logictest.cpp	11397	20da672f505eb4c63d50c910f6c0e6ed78676a01c29d9bbb5c722e82c861b8ca	仓库文件	-
项目文件	文件	文件	tc-bignum/补丁库/01_功能/A03_幻化/源文件/CustomTransmog.cpp	15974	3fd70321ab4e3066122aab458e3951482b934b7b24d3d712c444aebf9db9b134	仓库文件	-
项目文件	文件	文件	tc-bignum/补丁库/01_功能/A03_幻化/源文件/CustomTransmog.h	5784	f93506f61b08da68a7fc25c38eb8dc423ec879b0d5075000c87363ae1fb4dbcd	仓库文件	-
项目文件	文件	文件	tc-bignum/补丁库/01_功能/A03_幻化/源文件/cs_transmog.cpp	36267	bd42a3e1f39faade9de1fcbb7d8e422ace556698d7a07c80fb4b92e83671d5b0	仓库文件	-
项目文件	文件	文件	tc-bignum/补丁库/01_功能/A03_幻化/进度与安装说明.md	9713	236721d4222c11e76102c4d8ec65bd2494d1c7c6a68786309a91d7d86e222c91	仓库文件	-
项目文件	文件	文件	tc-bignum/补丁库/01_功能/A04_装备魔改/安装说明.md	15124	8acc4c39bb114d552629f4b5832a7ff651b67a6065e0f3657e9fb1b256011018	仓库文件	-
项目文件	文件	文件	tc-bignum/补丁库/01_功能/A04_装备魔改/源文件/cs_itemforge.cpp	126308	973a4e0bdc9e6da2f1a4613ee149d3bce358da453b181414280fb77511bf4138	仓库文件	-
项目文件	文件	文件	tc-bignum/补丁库/01_功能/A05_老职业技能/apply.sh	3657	a0b5636ad60384821586559cf1efb6f2dbf0f940bdbdbdb8e3e58ba8b68d4c77	仓库文件	-
项目文件	文件	文件	tc-bignum/补丁库/01_功能/A05_老职业技能/apply_summon.sh	3039	f4175a2410326d9bec2ce90358a1100482797be7083600f4db95eb2c31a1251a	仓库文件	-
项目文件	文件	文件	tc-bignum/补丁库/01_功能/A05_老职业技能/安装说明.md	8990	2e7fbf97cef2a4341e27863cbbfe6f8287d5442176a1605d3f636eec085500e5	仓库文件	-
项目文件	文件	文件	tc-bignum/补丁库/01_功能/A05_老职业技能/源文件/CustomSpellTweak.cpp	20560	7181b47e89f6980eb88af2c5dd771374b0d23c31fd2eae9566c2981e706a4205	仓库文件	-
项目文件	文件	文件	tc-bignum/补丁库/01_功能/A05_老职业技能/源文件/CustomSpellTweak.h	5325	a5d92bed6e383e4c9e4ef627ab8c43963203b7db7bc85b13e2349ad219bdf3dd	仓库文件	-
项目文件	文件	文件	tc-bignum/补丁库/01_功能/A06_战斗辅助/_编译验证/CombatSpecData.h	9344	2f471943f67b4188ddee240114d0b9d6056225f1a81c45e73618098a3b49b74d	仓库文件	-
项目文件	文件	文件	tc-bignum/补丁库/01_功能/A06_战斗辅助/_编译验证/Define.h	136	70dd8faa382242d75bf2ab926dbe3cd32c7aeb98b6cfbe28ad2955d67dcc80e5	仓库文件	-
项目文件	文件	文件	tc-bignum/补丁库/01_功能/A06_战斗辅助/_编译验证/aoetest.cpp	4779	291a5ddbcc42b6956dd6edbdf6aaa710f4918140f82e66ae73bb4204b70faf6d	仓库文件	-
项目文件	文件	文件	tc-bignum/补丁库/01_功能/A06_战斗辅助/_编译验证/bartest.cpp	1808	917973b6ec11299c049ecde4148581791e2cf313ef69ab298565518ac4d521fc	仓库文件	-
项目文件	文件	文件	tc-bignum/补丁库/01_功能/A06_战斗辅助/_编译验证/bufffixtest.cpp	8403	1ed05f35d7c281b9cf3f574e8aaf2cfc37f35a36d6bcd2d32de9f6c32c3badca	仓库文件	-
项目文件	文件	文件	tc-bignum/补丁库/01_功能/A06_战斗辅助/_编译验证/bugfixtest.cpp	9726	0559cdd71cf2f0d4c46387aaf19c4c4a594e50fa30b5682d2d33e9328088524c	仓库文件	-
项目文件	文件	文件	tc-bignum/补丁库/01_功能/A06_战斗辅助/_编译验证/cs_test.cpp	140084	8d1135b9b36e0092b3af5100b8d0b6cd9fe869029dd54836c690771b2e32a2ef	仓库文件	-
项目文件	文件	文件	tc-bignum/补丁库/01_功能/A06_战斗辅助/_编译验证/logictest.cpp	8827	ceaa0730879a6bda20a95c5c47f7b5d57743a4d3e608bc307770912d04572b20	仓库文件	-
项目文件	文件	文件	tc-bignum/补丁库/01_功能/A06_战斗辅助/_编译验证/mock.h	22328	63f2cf623f382a1c76c1df3081fc407404f5f2511030fdcbc2df3c2e8dadc8d6	仓库文件	-
项目文件	文件	文件	tc-bignum/补丁库/01_功能/A06_战斗辅助/_编译验证/persisttest.cpp	2569	d52d0f8fbb222395b02dade7f316fc7497d36691273aac0d0433ab355d7fe0f4	仓库文件	-
项目文件	文件	文件	tc-bignum/补丁库/01_功能/A06_战斗辅助/_编译验证/runtest.cpp	7726	54c3252113f7c9a17b4dddd72fa37bd15a422e5eaef3377f6825df30dd8ba015	仓库文件	-
项目文件	文件	文件	tc-bignum/补丁库/01_功能/A06_战斗辅助/_编译验证/setuptest.cpp	6028	45529227a827def728374ea978f8119bbdb11c493fec5fd2a0df2b8d3d6a9571	仓库文件	-
项目文件	文件	文件	tc-bignum/补丁库/01_功能/A06_战斗辅助/_编译验证/shim.cpp	1708	6c7bae24de4423ff0bbac4e7f10562b3bab3c519ad0e2905511e4bf995164b8c	仓库文件	-
项目文件	文件	文件	tc-bignum/补丁库/01_功能/A06_战斗辅助/_编译验证/specdata_test.cpp	69039	d7bc0532ba16f2ead2ff5af81ee12329d70e172a0005afac302fa575cf224e56	仓库文件	-
项目文件	文件	文件	tc-bignum/补丁库/01_功能/A06_战斗辅助/_编译验证/v33test.cpp	12118	a2eabb5b7ea4a73deaf86c5a4c153dc9f52d2026c46685d487303643dcbbb34f	仓库文件	-
项目文件	文件	文件	tc-bignum/补丁库/01_功能/A06_战斗辅助/_编译验证/v34test.cpp	11845	9899ea48627dd9877e0ef2f976cae2114e48f29cb46ebba985770402b6cd20d5	仓库文件	-
项目文件	文件	文件	tc-bignum/补丁库/01_功能/A06_战斗辅助/_编译验证/v3test.cpp	11820	6aac33c2d08f41a424fe922b757741a409da5ad1ccb32439335a510d051ab788	仓库文件	-
项目文件	文件	文件	tc-bignum/补丁库/01_功能/A06_战斗辅助/安装说明.md	33385	4e1938bd6ada3d57bfe18d86a6caa3f5ec7176c1a2b10ac413b07985846cff5c	仓库文件	-
项目文件	文件	文件	tc-bignum/补丁库/01_功能/A06_战斗辅助/源文件/CombatSpecData.cpp	69039	d7bc0532ba16f2ead2ff5af81ee12329d70e172a0005afac302fa575cf224e56	仓库文件	-
项目文件	文件	文件	tc-bignum/补丁库/01_功能/A06_战斗辅助/源文件/CombatSpecData.h	9344	2f471943f67b4188ddee240114d0b9d6056225f1a81c45e73618098a3b49b74d	仓库文件	-
项目文件	文件	文件	tc-bignum/补丁库/01_功能/A06_战斗辅助/源文件/cs_combathelper.cpp	140646	209cd709d3f649261032a22f54407601dd30953984c23c8464cea6a939c4d4fc	仓库文件	-
项目文件	文件	文件	tc-bignum/补丁库/01_功能/A07_属性持久化/_编译验证/mod_test.cpp	5380	03f51f66d453afe60a5bac8dd4a4a460b4d76aa51116bdbfdd2f1d39cd02441a	仓库文件	-
项目文件	文件	文件	tc-bignum/补丁库/01_功能/A07_属性持久化/四个问题-答复.md	5258	642c9f7a6bb24d0e3a1a1f5ece5a9b7ab4431d497dfc2f95f0b106c1f51993c4	仓库文件	-
项目文件	文件	文件	tc-bignum/补丁库/01_功能/A07_属性持久化/安装说明.md	6318	11657894f9009356e649c51dcf7ad543bdd7962725977d716a878f439410c685	仓库文件	-
项目文件	文件	文件	tc-bignum/补丁库/01_功能/A07_属性持久化/源文件/CustomStatPersist.cpp	8399	24f8a408506deecdba9bb9a324b688adba010a4671ecf5710c5105fb4fe0771e	仓库文件	-
项目文件	文件	文件	tc-bignum/补丁库/01_功能/A07_属性持久化/源文件/CustomStatPersist.h	4942	ba51534b0220327a40b40b88d85e39b9901f75cad7e2d8f65e49289cf08bc749	仓库文件	-
项目文件	文件	文件	tc-bignum/补丁库/01_功能/A07_属性持久化/源文件/cs_modify.cpp	40773	74a6f96f41db438c692391093edc4265696dbca8d0b15451ebd9251c0a8d8017	仓库文件	-
项目文件	文件	文件	tc-bignum/补丁库/01_功能/A07_属性持久化/源文件/statpersist_hook.cpp	1295	98bcffdbd82be78d28437d46a0e7c37a52f4b7312bd93ef9e7660b65f1d6e598	仓库文件	-
项目文件	文件	文件	tc-bignum/补丁库/01_功能/A07_属性持久化/第5步-接入点修正.md	5696	67f695b5ecf27663caf02f4e9a74020becd8652ff90f731fd9160d463c099848	仓库文件	-
项目文件	文件	文件	tc-bignum/补丁库/01_功能/A08_世界指令/_编译验证/fix2test.cpp	4826	a6f89d134c7d965f80284dfa949f544d2ba03ad5aad990a1030c1b267050b37d	仓库文件	-
项目文件	文件	文件	tc-bignum/补丁库/01_功能/A08_世界指令/_编译验证/mailtest.cpp	6205	7efb239298c67aae1b41cb5670ec678d6048422ad6028dfc3db9b9ec46a071cb	仓库文件	-
项目文件	文件	文件	tc-bignum/补丁库/01_功能/A08_世界指令/_编译验证/mock.h	13808	c2751245e97930f37ac11fb73f2b7b3b6aa68cfd9fece219a6f681a85140f6e4	仓库文件	-
项目文件	文件	文件	tc-bignum/补丁库/01_功能/A08_世界指令/_编译验证/shim.cpp	878	9695286140427d8c2a0ad6702bb6d349742eb844baf08891c7dc2a89cbdf6d3e	仓库文件	-
项目文件	文件	文件	tc-bignum/补丁库/01_功能/A08_世界指令/_编译验证/wt_test.cpp	53969	2cf2af402b562b135ac50c103a94a565f799801711b2166358ee17a0143881f2	仓库文件	-
项目文件	文件	文件	tc-bignum/补丁库/01_功能/A08_世界指令/_编译验证/wttest.cpp	7758	889bc46c950d1961b356133f88d15802dfb51aad49430c25da41aafedfa6de2a	仓库文件	-
项目文件	文件	文件	tc-bignum/补丁库/01_功能/A08_世界指令/安装说明.md	22337	2fa42ada9f94d8acbbae74ce895083012e954f86168dd306442a5c04b5896b33	仓库文件	-
项目文件	文件	文件	tc-bignum/补丁库/01_功能/A08_世界指令/源文件/cs_worldtools.cpp	53969	2cf2af402b562b135ac50c103a94a565f799801711b2166358ee17a0143881f2	仓库文件	-
项目文件	文件	文件	tc-bignum/补丁库/01_功能/A09_字段扩容/_编译验证/trunctest.cpp	5802	94d201c6cfba0fdd325fbf7002c3805f4448ce2ea17e7b113526eab440ee7827	仓库文件	-
项目文件	文件	文件	tc-bignum/补丁库/01_功能/A09_字段扩容/_编译验证/widentest.cpp	6464	b1ea95a6dd2229d6226e6ec0dbeffbdfdd377a5885b2049aed5bc0d0f47afbcc	仓库文件	-
项目文件	文件	文件	tc-bignum/补丁库/01_功能/A09_字段扩容/apply_step22.sh	5370	2e174adae702e08eb32e11f603fdd1752a741515a07b66ae8c170fa190c9ed1f	仓库文件	-
项目文件	文件	文件	tc-bignum/补丁库/01_功能/A09_字段扩容/安装说明.md	11460	3b87697c9f3bc22f7b18253127fd32dffa6f85cacd9a932da4c62f5046fe7a91	仓库文件	-
项目文件	文件	文件	tc-bignum/补丁库/01_功能/A10_木桩/_编译验证/aitest.cpp	7107	6e7b78926c8016d88969cc6f6da054d6ac21ac65d6c6b538c0aeff8ddfa0c747	仓库文件	-
项目文件	文件	文件	tc-bignum/补丁库/01_功能/A10_木桩/_编译验证/apfix.cpp	4895	593fbbdade90bc64d91b187cedcc2930398ea5dd732b8486e39a858ad6d2c74d	仓库文件	-
项目文件	文件	文件	tc-bignum/补丁库/01_功能/A10_木桩/_编译验证/aptest.cpp	4069	beb0228c7ca0ea892cc207f7aead85ff5a11938c989bfda52bcd3123cb5744a4	仓库文件	-
项目文件	文件	文件	tc-bignum/补丁库/01_功能/A10_木桩/_编译验证/deathstates.cpp	5341	366574bcd3fdfdbe05c3d313a876c63435db6f00b45dcc26f37797ccb9adee90	仓库文件	-
项目文件	文件	文件	tc-bignum/补丁库/01_功能/A10_木桩/_编译验证/designtest.cpp	9269	605393b7c6a5f9c862d12f0c095f98151169d13ab575cd9e4e326c05aab76a79	仓库文件	-
项目文件	文件	文件	tc-bignum/补丁库/01_功能/A10_木桩/_编译验证/dummytest.cpp	8768	0dee42f3d91e52bb8624a3532874fad510f3f7e6c069ec8ffedeffdef2be3204	仓库文件	-
项目文件	文件	文件	tc-bignum/补丁库/01_功能/A10_木桩/_编译验证/fivestat.cpp	6522	9eeded883c82ad44b06b575a3c25ae389973f1b409659536cf8aaa16ed46699d	仓库文件	-
项目文件	文件	文件	tc-bignum/补丁库/01_功能/A10_木桩/_编译验证/flagtest.cpp	2897	09c0a00047f41afcd206996b2ff02f271b105646613b6067b97b818acfdcf891	仓库文件	-
项目文件	文件	文件	tc-bignum/补丁库/01_功能/A10_木桩/_编译验证/healbug.cpp	5017	e4b64eeadf959834e056b7f056edd2e1cc681c69a02314cd721210373ebeb99a	仓库文件	-
项目文件	文件	文件	tc-bignum/补丁库/01_功能/A10_木桩/_编译验证/incguard.py	3375	7d693300f9d1d938558b61144ab007a0df78854e5c44455a71968f23a715f22d	仓库文件	-
项目文件	文件	文件	tc-bignum/补丁库/01_功能/A10_木桩/_编译验证/inttest.cpp	4062	18dd63c97ec094027769e3218a14e280a7e0e0f0a85760c5b3014b91fd4fada5	仓库文件	-
项目文件	文件	文件	tc-bignum/补丁库/01_功能/A10_木桩/_编译验证/mock.h	16988	8e6679331f0cfdb9ab49b3f37809669cf6ce15158bb2c25853a496931f116ae7	仓库文件	-
项目文件	文件	文件	tc-bignum/补丁库/01_功能/A10_木桩/_编译验证/realwall.cpp	3701	0aa08de70b098ebca6edd00aa3bd966e4d3b50824f79b2457b6cbddd10a0b723	仓库文件	-
项目文件	文件	文件	tc-bignum/补丁库/01_功能/A10_木桩/_编译验证/staminatest.cpp	4974	dd1504a5fcdf82b5dce73791006513a7dbe3e240d402dc3fef93900670af4479	仓库文件	-
项目文件	文件	文件	tc-bignum/补丁库/01_功能/A10_木桩/_编译验证/wallstest.cpp	5753	041e1d5d27f752901fa6067cf668fcdd3f43396a08fe9f0b709d3af002e0b419	仓库文件	-
项目文件	文件	文件	tc-bignum/补丁库/01_功能/A10_木桩/安装说明.md	14145	36a2195573970f39219e3e440c2d06e719f59029969f9fe21cdf9cb2e8c712a0	仓库文件	-
项目文件	文件	文件	tc-bignum/补丁库/01_功能/A10_木桩/源文件/cs_dummy.cpp	39748	ae30d56bdfe11d43dfccf8bd4c4c8a4bf51240dcb64c0103191ce3478a2bd1ae	仓库文件	-
项目文件	文件	文件	tc-bignum/补丁库/01_功能/A11_血量扩容/_编译验证/clientwall.cpp	3965	3c5f30f47b2179b90ae7cd6b042481df21a7a3230089b8e808e494a4608f4e6a	仓库文件	-
项目文件	文件	文件	tc-bignum/补丁库/01_功能/A11_血量扩容/_编译验证/sigtest.cpp	5943	707efed74510a20ddb669cad7bf0a23cee5e392d64cf02b41c3c5c9dc35fa006	仓库文件	-
项目文件	文件	文件	tc-bignum/补丁库/01_功能/A11_血量扩容/fix_health_param.py	11038	cf14a430f5d45e5799d4004c6a6a540714b84df98c975c1257c09f137e4df1d1	仓库文件	-
项目文件	文件	文件	tc-bignum/补丁库/01_功能/A11_血量扩容/安装说明.md	5002	6abcba49c9f353ae0d5e4a62a316a3d2d6a814ca693d5e7dc04e6a8ba0748e53	仓库文件	-
项目文件	文件	文件	tc-bignum/补丁库/01_功能/A12_NPC状态调度/_编译验证/incguard.py	3375	7d693300f9d1d938558b61144ab007a0df78854e5c44455a71968f23a715f22d	仓库文件	-
项目文件	文件	文件	tc-bignum/补丁库/01_功能/A12_NPC状态调度/_编译验证/statetest.cpp	7013	8cd886c9272e45eb73393e9e8f0e91f724811755aadd4096b0c03aeaa27dd9f1	仓库文件	-
项目文件	文件	文件	tc-bignum/补丁库/01_功能/A12_NPC状态调度/安装说明.md	6228	ce4dfa28389c591b1cdd01976ad72b4f5c0f8446d7c1978a52c74309dcb6d741	仓库文件	-
项目文件	文件	文件	tc-bignum/补丁库/01_功能/A12_NPC状态调度/源文件/cs_npcstate.cpp	21695	53cb3920ca9ae9068934b5551d6aad1b7ed32ca752bb004f72ed128866e0d8ef	仓库文件	-
项目文件	文件	文件	tc-bignum/补丁库/01_功能/A13_闲逛bot开启/开启说明.md	4130	46584cd18eb0ade078ec0570d5325e1df61a8b7b6957cc622304505301cec1d0	仓库文件	-
项目文件	文件	文件	tc-bignum/补丁库/01_功能/A14_场景快照/_编译验证/incguard.py	3375	7d693300f9d1d938558b61144ab007a0df78854e5c44455a71968f23a715f22d	仓库文件	-
项目文件	文件	文件	tc-bignum/补丁库/01_功能/A14_场景快照/安装说明.md	4980	e5cac792d5cb73c0d2b4af9ac107bb3e507c0ceaf17b63ddd51eec9fa5bb6721	仓库文件	-
项目文件	文件	文件	tc-bignum/补丁库/01_功能/A14_场景快照/源文件/cs_scene.cpp	21621	f3a9c96b6630e85b14cb30b2d39559f9af2cdbf7932d3be9937ed9e7e8888848	仓库文件	-
项目文件	文件	文件	tc-bignum/补丁库/01_功能/A15_剧情表情/API核实记录.md	7102	4ae34e4f12bbabd1bd5cc15e5e53342b3371da610d5f45496f1111298f5cdae7	仓库文件	-
项目文件	文件	文件	tc-bignum/补丁库/01_功能/A15_剧情表情/_编译验证/emotetest.cpp	22065	9434847180f88c8dfea8bc69bce4ec81542efc91443bd3e90b13209c6674dfa8	仓库文件	-
项目文件	文件	文件	tc-bignum/补丁库/01_功能/A15_剧情表情/安装说明.md	7741	79c2127ccac8e889dd75ad27014e0a91706487b301fc18029dca68fe909fcea4	仓库文件	-
项目文件	文件	文件	tc-bignum/补丁库/01_功能/A15_剧情表情/源文件/cs_emote.cpp	38771	319a132668e3ade4c8ab23b19f14962a4308cca6c93b376e9ecb33dd9bc1bf9d	仓库文件	-
项目文件	文件	文件	tc-bignum/补丁库/01_功能/A16_剧情对白/API核实记录.md	6148	cf4b27405d3962e2ffba05b647dc2a850c72bb8ac10d7a795355ec10273d9e54	仓库文件	-
项目文件	文件	文件	tc-bignum/补丁库/01_功能/A16_剧情对白/_编译验证/saytest.cpp	8567	d0fa0420346a3bae036062165624e3f792ca3298e7eb6839f940b73e03024807	仓库文件	-
项目文件	文件	文件	tc-bignum/补丁库/01_功能/A16_剧情对白/安装说明.md	6500	dbc41c4d06d2806d7554b6a0d431521c28a6c7518ac2dd5ded164d3f113e5f37	仓库文件	-
项目文件	文件	文件	tc-bignum/补丁库/01_功能/A16_剧情对白/源文件/cs_say.cpp	20202	3599f19705b70971b8499675ee2f9683b2de5dde64e555b6c03e04a50da2ae26	仓库文件	-
项目文件	文件	文件	tc-bignum/补丁库/01_功能/A17_外观控制/API核实记录.md	6541	25de16e044f46257167dc4f436973a8703d330f5a31afb9cb5b0d5f7ca49cb9b	仓库文件	-
项目文件	文件	文件	tc-bignum/补丁库/01_功能/A17_外观控制/_编译验证/apptest.cpp	13327	cd212bacaf7f22d87227a2fd63c409a92b9cbf5ee44a6c32db756d7be6d719eb	仓库文件	-
项目文件	文件	文件	tc-bignum/补丁库/01_功能/A17_外观控制/安装说明.md	7884	534800ba64a9e82c4647b5291acf82886380e74b24f62fc6949810e2c5e7b3cb	仓库文件	-
项目文件	文件	文件	tc-bignum/补丁库/01_功能/A17_外观控制/源文件/cs_appearance.cpp	30111	e53c050926f0542ced3e5c6f5c66fcd524fb45bbcbfbcb73232da2a40fdffc71	仓库文件	-
项目文件	文件	文件	tc-bignum/补丁库/01_功能/A18_模型搜索/_编译验证/fmtest.cpp	16048	3d92f025bcd401839374b6ae6ea21eb126f001252edfb55b8e758ed6d02e62df	仓库文件	-
项目文件	文件	文件	tc-bignum/补丁库/01_功能/A18_模型搜索/安装说明.md	5836	5bf27e3e8e2ae6696dd27c325cc06a7728778d808dce030ee3c653eb1ec99df0	仓库文件	-
项目文件	文件	文件	tc-bignum/补丁库/01_功能/A18_模型搜索/源文件/cs_modelfind.cpp	26874	dd743a7b17a78411df70390c35aa3af25b242f1a7fa1f5f3bcc24f739eddc3e7	仓库文件	-
项目文件	文件	文件	tc-bignum/补丁库/01_功能/A19_游荡bot招募/conf/npcbot_wandering.conf	1964	31ce0fd60d5ab9c0262e741279a911dd5b916b623e29416f3eabbf7e6c263615	仓库文件	-
项目文件	文件	文件	tc-bignum/补丁库/01_功能/A19_游荡bot招募/安装说明.md	8669	f06730792669810816030991cd69fea1401c12e4a05fd23fafdede3129104a57	仓库文件	-
项目文件	文件	文件	tc-bignum/补丁库/01_功能/A19_游荡bot招募/排查-游荡bot仍无法对话.md	3997	b0a1cb38c5f20aee6539d1085a5d268b6932cdcae90fa2c91bd26dce83d1ca31	仓库文件	-
项目文件	文件	文件	tc-bignum/补丁库/01_功能/A20_伙伴关怀/_编译验证/caretest.cpp	14570	41f291ee0fb18225dabb5dba0fa99e2d3d9443e0a3a9143ce292eb0155b671f9	仓库文件	-
项目文件	文件	文件	tc-bignum/补丁库/01_功能/A20_伙伴关怀/_编译验证/caretest2.cpp	8678	cd738610d12e93399c2c56357c2a1b269027e26f4c164e33385b944cb05dffce	仓库文件	-
项目文件	文件	文件	tc-bignum/补丁库/01_功能/A20_伙伴关怀/conf/npcbot_companion.conf	2396	e3d10cd1dfb35ffc3303d15518cfde52818b0353fa8e1fa84c83130daf6848b2	仓库文件	-
项目文件	文件	文件	tc-bignum/补丁库/01_功能/A20_伙伴关怀/sql/01_world_台词与物品.sql	7552	e79a2dadb1aa11e4515ef47dd17c41afc864296d3d1d88d28fb7ddd763f4c49f	仓库文件	-
项目文件	文件	文件	tc-bignum/补丁库/01_功能/A20_伙伴关怀/sql/02_characters_背包.sql	2226	2333c23671b143bcb1a7ba2d27da97fa249fd77bb1d1c35674e30e3d723cce61	仓库文件	-
项目文件	文件	文件	tc-bignum/补丁库/01_功能/A20_伙伴关怀/安装说明.md	12010	9bcc131c2d65831239893ee8c63b28c030d8fee62b4aac2c7bcfcf4b5f26ffd5	仓库文件	-
项目文件	文件	文件	tc-bignum/补丁库/01_功能/A20_伙伴关怀/源文件/bot_ai_companion_patch.md	10522	46d29e5d8fe93b70a64e5c407fc400a54fac7a08331617046e615603983dd30f	仓库文件	-
项目文件	文件	文件	tc-bignum/补丁库/01_功能/A20_伙伴关怀/源文件/bot_companion.cpp	12812	1d0ecea15a795d6985f4ef3e84923f3c4629a99f51d0047a3933bad5b5f6fc34	仓库文件	-
项目文件	文件	文件	tc-bignum/补丁库/01_功能/A20_伙伴关怀/源文件/bot_companion.h	4386	6e0ec906f47bcf1c948f7783b5dcb8f639a05a355ef630812193d5df89e5d615	仓库文件	-
项目文件	文件	文件	tc-bignum/补丁库/01_功能/A20_伙伴关怀/源文件/修复-关怀不触发.md	9754	b852d1dfdd08b3bd2792f3300994fd3cc7701fd671a17342913f4d1796c0724c	仓库文件	-
项目文件	文件	文件	tc-bignum/补丁库/01_功能/A20_伙伴关怀/源文件/挂载点-精确修正.md	3729	06544b8adcfd5b6570c37a68535efe8c91b2fa2a55745fde9227c5817a8069da	仓库文件	-
项目文件	文件	文件	tc-bignum/补丁库/01_功能/A21_bot召集定位/_编译验证/bftest.cpp	9570	c1fff74480be68be46ac3fafda61655987690b79cce10fad0e6785100a1afd71	仓库文件	-
项目文件	文件	文件	tc-bignum/补丁库/01_功能/A21_bot召集定位/安装说明.md	5150	24240625606ccc483cd47a16d55cad1f593f86b1760669059240b4b019b49490	仓库文件	-
项目文件	文件	文件	tc-bignum/补丁库/01_功能/A21_bot召集定位/源文件/cs_botfind.cpp	20970	5f3f6b7c141465b2463d93c483cc8797e2faa570b2fc155d8351e412e76cea80	仓库文件	-
项目文件	文件	文件	tc-bignum/补丁库/01_功能/A22_bot诊断/安装说明.md	5650	5c0a3fe48075d64946e88ebfac62da940d8ab69f19aafdfd58e642de20a582d0	仓库文件	-
项目文件	文件	文件	tc-bignum/补丁库/01_功能/A22_bot诊断/源文件/cs_botdiag.cpp	20080	db9f904141375aa0093a07d0392851c31f52f678833ef2a6df7b4e27876e85fc	仓库文件	-
项目文件	文件	文件	tc-bignum/补丁库/01_功能/A22_bot诊断/结案-炉石死循环.md	4970	16f049c347305da669fefacc151310ba645e406dadfb71859f7083942ae858e3	仓库文件	-
项目文件	文件	文件	tc-bignum/补丁库/01_功能/A22_bot诊断/诊断结论-IsCasting.md	4174	41f37c30715a864a7277529aaec7fe032b5fee8c233db34cde1f28e82e1fa5ed	仓库文件	-
项目文件	文件	文件	tc-bignum/补丁库/01_功能/A23_游荡bot窗口/根因分析.md	4546	3e1842ddb4282e1321e7f0d6c47895a2b5ad84a68276f8907685b2e1823206b6	仓库文件	-
项目文件	文件	文件	tc-bignum/补丁库/01_功能/A23_游荡bot窗口/源文件/bot_ai_patch.md	4849	f8ff01b5793714ee20c8c04c3f269440c3980033a1e0e1636a948a7b8889ae82	仓库文件	-
项目文件	文件	文件	tc-bignum/补丁库/01_功能/A24_游荡bot可交互/安装说明.md	5174	fd816b99c9e852cdab937f4edbce542a53c1584971c23ac825015ce530f75fec	仓库文件	-
项目文件	文件	文件	tc-bignum/补丁库/01_功能/A25_PlayerBot上线/_编译验证/cometest.cpp	7737	f57100ce9b562e734a336174a00cfb90e2d0280f3dcca8af0f4cc23bf5703b1f	仓库文件	-
项目文件	文件	文件	tc-bignum/补丁库/01_功能/A25_PlayerBot上线/_编译验证/stub.h	1206	131ddd10320b9db16cae96bc55c8f07a8ff805fe5f68313f631e334ac7efa844	仓库文件	-
项目文件	文件	文件	tc-bignum/补丁库/01_功能/A25_PlayerBot上线/_编译验证/stub2.h	4163	3d2afedfcc11665db33db82717b7043f92707b5cfa995f3ef901f1fe0aaadaa1	仓库文件	-
项目文件	文件	文件	tc-bignum/补丁库/01_功能/A25_PlayerBot上线/修复-登录不进世界.md	5297	1119bc275c0255488f2a04a4e0aee52d1d8eac7ae351a1a486d51f29ef9f77ac	仓库文件	-
项目文件	文件	文件	tc-bignum/补丁库/01_功能/A25_PlayerBot上线/安装说明.md	15483	31d9e25c2582f94e5ff2fbcaf4ccb2b6ddba2e59f5aa63ca18c69a516e16b1a1	仓库文件	-
项目文件	文件	文件	tc-bignum/补丁库/01_功能/A25_PlayerBot上线/技术方案.md	6442	7397ed3eeb4687d06d34f91f2259f0573db2b39286192acff9d4cf297ff22ce4	仓库文件	-
项目文件	文件	文件	tc-bignum/补丁库/01_功能/A25_PlayerBot上线/源文件/cs_playerbot.cpp	39324	040961132034758e1f2ae46b02ca3f2331625280deea26aa0dcca1904910e0aa	仓库文件	-
项目文件	文件	文件	tc-bignum/补丁库/01_功能/A26_NPCBot汉化/sql/01_world_npcbot汉化.sql	5141	239926812c41502a736dec30ae8939b5e3d37ac747e1c404c9e041b6ef2deb8c	仓库文件	-
项目文件	文件	文件	tc-bignum/补丁库/01_功能/A26_NPCBot汉化/安装说明.md	3925	3b9143131c275f85520aa9e6a418b71e22fcbdf0649a9c4f8dd2945f79fbeeb8	仓库文件	-
项目文件	文件	文件	tc-bignum/补丁库/01_功能/A26_NPCBot汉化/源文件/botcommands_中文别名.md	6030	79106f30ed9cc4c3451fa56912aca0d43e7fd5925fabceea0635807be23ae35a	仓库文件	-
项目文件	文件	文件	tc-bignum/补丁库/01_功能/A27_PlayerBot自动接受/_编译验证/aatest.cpp	14082	59fc99a9099d279dc65f041376cc0f0fcae9eedcff90e3478c1265664d0a8d7b	仓库文件	-
项目文件	文件	文件	tc-bignum/补丁库/01_功能/A27_PlayerBot自动接受/_编译验证/tcstub.h	3004	b0bb3b9b54acaa7c6975a5eb4e922d89b35c53253e30f6857ec5be6f854c5683	仓库文件	-
项目文件	文件	文件	tc-bignum/补丁库/01_功能/A27_PlayerBot自动接受/_编译验证/tcstub2.h	5570	9939c5cdfbadfa6944cc23a2799e9279685668e394c301e538dfc800912dad51	仓库文件	-
项目文件	文件	文件	tc-bignum/补丁库/01_功能/A27_PlayerBot自动接受/剩余邀请类型-调查结论.md	8605	b549fa0b70f1e08c11ad0104eb6b07c152083e046e2ace5eb5f03ead168b5931	仓库文件	-
项目文件	文件	文件	tc-bignum/补丁库/01_功能/A27_PlayerBot自动接受/安装说明.md	14781	31a0d6566f7a4076f090883df3b5194b80bdb35f159ac4c23e726c8aeed94e47	仓库文件	-
项目文件	文件	文件	tc-bignum/补丁库/01_功能/A27_PlayerBot自动接受/指纹.txt	574	c78f3a27bdaf408c921e23881325a99e20b4fe19c8a632be39e6fcccac5b8330	仓库文件	-
项目文件	文件	文件	tc-bignum/补丁库/01_功能/A27_PlayerBot自动接受/源文件/pbot_autoaccept.cpp	25107	754e29869cec07c2e71b76af1ef36cc2d5f829e87de57288a23dac1017a14a8f	仓库文件	-
项目文件	文件	文件	tc-bignum/补丁库/01_功能/A27_PlayerBot自动接受/源文件/pbot_autoaccept.h	3359	53bc99200ee2e066555c4fe7cb4c014043b55b0adfdf740e3f391230001a5e4e	仓库文件	-
项目文件	文件	文件	tc-bignum/补丁库/01_功能/A28_Bot改名/_编译验证/bnstub.h	2229	19e6e43bd1dd40c876660bf06089952ebed1823d1065957a72d654ccbde19da7	仓库文件	-
项目文件	文件	文件	tc-bignum/补丁库/01_功能/A28_Bot改名/_编译验证/bnstub2.h	1838	796a8da2ccb6d46ed1828b813071a364f2c4132a4b5f053d7270ef59affa7c49	仓库文件	-
项目文件	文件	文件	tc-bignum/补丁库/01_功能/A28_Bot改名/_编译验证/bntest.cpp	7124	2777fe215285e4e44d94a33ac99695a1eebd827a12db7b3773668d803a5ee13d	仓库文件	-
项目文件	文件	文件	tc-bignum/补丁库/01_功能/A28_Bot改名/sql/改名模板.sql	7936	9134f5afaf416e3ad019ed6b32aefad675ea0f597a444944a60f4b816a4bc3c7	仓库文件	-
项目文件	文件	文件	tc-bignum/补丁库/01_功能/A28_Bot改名/安装说明.md	10633	a01cca747ceb6cf3d24b0220af9de2938d0e447413776d9621b69b4da2de5e7d	仓库文件	-
项目文件	文件	文件	tc-bignum/补丁库/01_功能/A28_Bot改名/指纹.txt	327	48fe1e2da0b5aea5b6695e714f40c1453bb552c0cd3bebed1cd6f8d35cd0ceb6	仓库文件	-
项目文件	文件	文件	tc-bignum/补丁库/01_功能/A28_Bot改名/源文件/cs_botrename.cpp	27431	f410ca9d7f9c66eb659200b7b78a3d971d13e2d3fc2e7db609dab399bd855a8c	仓库文件	-
项目文件	文件	文件	tc-bignum/补丁库/01_功能/A29_bot数量上限/conf/npcbot_maxbots.conf	3366	27c51d1fe86d1cbbfe65fc62e94f191d97997e823abf6fd92bad273c1325f5fd	仓库文件	-
项目文件	文件	文件	tc-bignum/补丁库/01_功能/A30_突破人数上限/conf/unlimited.conf	5346	56ffd9b4802704a79e2eb42a208fbbc76138a49ad06777601ab3cc369b00de94	仓库文件	-
项目文件	文件	文件	tc-bignum/补丁库/01_功能/A30_突破人数上限/sql/修复-宠物模板刷屏.sql	8798	049193725854e18f5298564cb8632731106a55681804476cc1571d0a5ff503b2	仓库文件	-
项目文件	文件	文件	tc-bignum/补丁库/01_功能/A30_突破人数上限/sql/修复-职业ID是0.sql	9016	c1432e1802666def6fa35aec8d7142b723ceeefb1e542730728a530b35a31778	仓库文件	-
项目文件	文件	文件	tc-bignum/补丁库/01_功能/A30_突破人数上限/sql/平均分配职业种族.sql	12095	6cfff211f7d10462dcfbf3d528ce7a3e105f454ba2acaa6cbe171cc9a6824d9c	仓库文件	-
项目文件	文件	文件	tc-bignum/补丁库/01_功能/A30_突破人数上限/sql/彻底清理指定区间.sql	8158	d4f4664f328b3571271a3be3a138b92533928f698027c30c064a9cbdb5d111f3	仓库文件	-
项目文件	文件	文件	tc-bignum/补丁库/01_功能/A30_突破人数上限/sql/批量生成bot模板.sql	11793	7264f46b725695d8bc1cbaba2cc003f9d7278e667f741a25ee37d45e5282cdc3	仓库文件	-
项目文件	文件	文件	tc-bignum/补丁库/01_功能/A30_突破人数上限/sql/批量生成bot模板_v2无存储过程.sql	16850	f9cdc969f7a4eed56a6ecb6eafa77a8bf2b5fe9fcc23e25b42f7dca76884bac6	仓库文件	-
项目文件	文件	文件	tc-bignum/补丁库/01_功能/A30_突破人数上限/sql/诊断-为什么bot数量不够.sql	8206	27aaaecd857e9fb90482770d29977d1e61c7afa0b47920172f49d250a9318a80	仓库文件	-
项目文件	文件	文件	tc-bignum/补丁库/01_功能/A30_突破人数上限/安装说明.md	8806	e1084d9033bc4e8349105f38e60d17e6d1ea3642f025018045c004a35c37b6ff	仓库文件	-
项目文件	文件	文件	tc-bignum/补丁库/01_功能/A31_游荡bot永久化_已停用/安装说明.md	8084	20e0d4d72b9527e825622362921b32c392744060f04152d19b394610e79be53f	仓库文件	-
项目文件	文件	文件	tc-bignum/补丁库/01_功能/A31_游荡bot永久化_已停用/源文件/cs_botpersist.cpp	22300	53a421a8317eb575d5a371f6e48b9a12b7a0526d24ba8d18dc6d4b8c506037fd	仓库文件	-
项目文件	文件	文件	tc-bignum/补丁库/01_功能/A32_羁绊系统/sql/01_羁绊数据层.sql	10682	fb3993eecbfbda223b80a249108ae4e32839458b5716e86970acdb3d595af07e	仓库文件	-
项目文件	文件	文件	tc-bignum/补丁库/01_功能/A33_bot换外观/sql/换外观工具.sql	10746	e9494b9a193e6c84b1ca4bb6633d92f48ef387797bec624ac55a75896b2d43d1	仓库文件	-
项目文件	文件	文件	tc-bignum/补丁库/01_功能/A34_npcface玩家外观/sql/NPC变玩家外观-模板.sql	9240	1a6c6fb779aad126ac5c696fad317df372a6b1e88d2e892eb40a39552034bfc2	仓库文件	-
项目文件	文件	文件	tc-bignum/补丁库/01_功能/A34_npcface玩家外观/方案-npcface指令.md	6273	14aa15b6be32975f75da2bc048c869aea0f00802be25a35d1bdcd6ad2a5c3949	仓库文件	-
项目文件	文件	文件	tc-bignum/补丁库/01_功能/A35_bot批量永久化/sql/01_小批量试点10个.sql	11399	1d33bf3f0823ecaeb89222e668c023d01b3936329d38246ca9abfb0b4f480bc1	仓库文件	-
项目文件	文件	文件	tc-bignum/补丁库/01_功能/A35_bot批量永久化/sql/02_诊断验证1和3.sql	7353	a783abc5a41d26508313b4913bae2999b0ba151dc6f412ceb85f572c8c99f7d7	仓库文件	-
项目文件	文件	文件	tc-bignum/补丁库/01_功能/A35_bot批量永久化/说明.md	9541	5d1a7b0eac0f87780f47950f77c1b1161af942b66573313f58a1f3b5715f7ed2	仓库文件	-
项目文件	文件	文件	tc-bignum/补丁库/01_功能/A35_bot批量永久化/验证结果解读.md	4628	c3b087e0cc41d1fc70c0f390341be0ec5a8297fb001a9696714076f1ebffd279	仓库文件	-
项目文件	文件	文件	tc-bignum/补丁库/01_功能/A36_持久化游荡bot/sql/分配三层架构.sql	7058	b27b95c36f548c39dedbc667a74d7b89a1d75e4edfeb59b8ef9109e06520960c	仓库文件	-
项目文件	文件	文件	tc-bignum/补丁库/01_功能/A36_持久化游荡bot/sql/给固定bot开启游荡.sql	5729	ca9e266a36b49e405e934bde02563c7aae08e606fe593e673530d56bd91db2ec	仓库文件	-
项目文件	文件	文件	tc-bignum/补丁库/01_功能/A36_持久化游荡bot/sql/给固定bot开启游荡_v2零变量.sql	6093	98622d0f859f67a205903e4c247cb310225abb3ba6fb011fb1a9ac2b1c44d560	仓库文件	-
项目文件	文件	文件	tc-bignum/补丁库/01_功能/A36_持久化游荡bot/安装说明.md	6732	b36442104be3fdfa26f7fa42b16ef38803399a487bc4379a8c2d5ed0f2b52b4a	仓库文件	-
项目文件	文件	文件	tc-bignum/补丁库/01_功能/A37_羁绊与关怀_双向重做/sql/01_双向数据层.sql	14524	1bb1a1da8901eb05629bb9f1272a66e10563128330c19e84ee774524377db8d0	仓库文件	-
项目文件	文件	文件	tc-bignum/补丁库/01_功能/A37_羁绊与关怀_双向重做/sql/01b_修补bond表字段_MySQL兼容.sql	6265	5cebee463bf729d7020b37c806845d7f039883666f9ff1a111df7981ec4ec963	仓库文件	-
项目文件	文件	文件	tc-bignum/补丁库/01_功能/A37_羁绊与关怀_双向重做/sql/01c_建bond表_一步到位.sql	7352	c270f0da7a91a212b68245b0967870c4b93ee4bd5c251e5953fb033e1c1031d8	仓库文件	-
项目文件	文件	文件	tc-bignum/补丁库/01_功能/A37_羁绊与关怀_双向重做/彻查报告-给予物品为什么没反应.md	6406	4215f3a3877391f41a45aee805329e1ebd9f541b9ed072d2b9c631768408151a	仓库文件	-
项目文件	文件	文件	tc-bignum/补丁库/01_功能/A37_羁绊与关怀_双向重做/第2步_NPCBot赠予/修复-C2065编译错误.md	3870	b32734f389a1939e79ca5b413ce69b6e5f83cc2c19796e398655e7718e8cbae2	仓库文件	-
项目文件	文件	文件	tc-bignum/补丁库/01_功能/A37_羁绊与关怀_双向重做/第2步_NPCBot赠予/台词.sql	3217	db214eab0628e99b2c3e188aa3c872cfd3b44e00df168b7d0fc220b296006bae	仓库文件	-
项目文件	文件	文件	tc-bignum/补丁库/01_功能/A37_羁绊与关怀_双向重做/第2步_NPCBot赠予/改动清单.md	14686	d4af6517aa28d666fe057700bfe95696f7cfa188f45aa0caf313065c0887431d	仓库文件	-
项目文件	文件	文件	tc-bignum/补丁库/01_功能/A37_羁绊与关怀_双向重做/第3步_情感反馈层/改动清单.md	16964	a95559fbb70a97e872ac5b6a6f99892410c8df7cca5194afb7b32a1b17ec1eb4	仓库文件	-
项目文件	文件	文件	tc-bignum/补丁库/01_功能/A37_羁绊与关怀_双向重做/第4步_羁绊计分/修复-编译错误.md	5574	6ccca6cba28433a643f7fdcdb684c2272cbb01370867d20ada30705b60df56c1	仓库文件	-
项目文件	文件	文件	tc-bignum/补丁库/01_功能/A37_羁绊与关怀_双向重做/第4步_羁绊计分/修复2-声明位置不对.md	5634	fd708f7730fcc6dad34baca9e3edb059a68b777879d31c3b9962a3feb500d664	仓库文件	-
项目文件	文件	文件	tc-bignum/补丁库/01_功能/A37_羁绊与关怀_双向重做/第4步_羁绊计分/改动清单.md	15168	9b143a48be49899636b8c7bdaaad94c69f3f96126301d956658371c6fa7e674b	仓库文件	-
项目文件	文件	文件	tc-bignum/补丁库/01_功能/A37_羁绊与关怀_双向重做/第5步_bot主动索要/改动清单.md	17007	68d60018534a4fa08afb512ff08653eb84b04e3bd9853bea9eebb86de03b75ad	仓库文件	-
项目文件	文件	文件	tc-bignum/补丁库/01_功能/A37_羁绊与关怀_双向重做/第6步_PlayerBot版/修复-编译错误.md	6003	4794847ce0abf738ad74f2830e2d0126267a1037b20c905b17a1daab4ec09f73	仓库文件	-
项目文件	文件	文件	tc-bignum/补丁库/01_功能/A37_羁绊与关怀_双向重做/第6步_PlayerBot版/修复2-删掉bot_ai.cpp里的旧枚举.md	3651	d9dac971188387ab495363ae353242c96d86c8e8c091f6df398048e9a40dc50b	仓库文件	-
项目文件	文件	文件	tc-bignum/补丁库/01_功能/A37_羁绊与关怀_双向重做/第6步_PlayerBot版/修复3-VS陈旧缓存.md	3660	b1c71b2cedeb6b58efac0762c0610c3477c89fae04bf150768a7b023117e5a5d	仓库文件	-
项目文件	文件	文件	tc-bignum/补丁库/01_功能/A37_羁绊与关怀_双向重做/第6步_PlayerBot版/修复4-上线闪退.md	5386	5ff3c404bc59361e522451ae7233852eb287d43c7e180b54b122eed4834675fc	仓库文件	-
项目文件	文件	文件	tc-bignum/补丁库/01_功能/A37_羁绊与关怀_双向重做/第6步_PlayerBot版/修复5-TryAcceptTrade崩溃.md	6945	94c4e8a847b6743fe7a4d961a992334564a3f0dbd5e2c92b46eefc7b51d378aa	仓库文件	-
项目文件	文件	文件	tc-bignum/补丁库/01_功能/A37_羁绊与关怀_双向重做/第6步_PlayerBot版/定位-C2011仍报错.md	2725	1a833af72e612bb017c33820d6a47a78142975cebfa61e06ad4df3d945462dc3	仓库文件	-
项目文件	文件	文件	tc-bignum/补丁库/01_功能/A37_羁绊与关怀_双向重做/第6步_PlayerBot版/排查-索要没触发.md	4372	5020b20820e5f686159af6eda5bd2afaea340aeead0681095371355130babb7e	仓库文件	-
项目文件	文件	文件	tc-bignum/补丁库/01_功能/A37_羁绊与关怀_双向重做/第6步_PlayerBot版/改动清单.md	17021	394b1880697f01dbc5eebdee40457962c41a251b23b17594a7fcd1f751c30a85	仓库文件	-
项目文件	文件	文件	tc-bignum/补丁库/01_功能/A37_羁绊与关怀_双向重做/设计方案.md	8946	350df41d3865aa40906890061df08813a2a11f9ba49aaca9008d47210e2ed730	仓库文件	-
项目文件	文件	文件	tc-bignum/补丁库/01_功能/A38_游荡bot定点控制/操作手册.md	5844	c894c117b2509899cf1464d6a37b81a9392d22d024d60601949838d6fd0f1f6d	仓库文件	-
项目文件	文件	文件	tc-bignum/补丁库/01_功能/A38_游荡bot锚点/改动清单.md	13441	f5ec48a6e559c903b892de9ca4d6377e78b9053c4fd3c24bd3750c1b8bf46de1	仓库文件	-
项目文件	文件	文件	tc-bignum/补丁库/01_功能/A39_pbot常用指令补全/改动清单.md	12310	7efa25ba3e2baa1c3408a6519421c86898279b600d1ce20a7880a0e554e1ecb0	仓库文件	-
项目文件	文件	文件	tc-bignum/补丁库/01_功能/A40_pbot补全UI/修复-C1075缺闭合大括号.md	5375	241b55ed24ca1a9897b43d87a619d38925128992b476552029222d65c0edab2f	仓库文件	-
项目文件	文件	文件	tc-bignum/补丁库/01_功能/A40_pbot补全UI/修复2-精确补大括号.md	5525	d7728feae3fb88bab2a1b8a46c1560b71f439750b90fda44599bf8056ba73744	仓库文件	-
项目文件	文件	文件	tc-bignum/补丁库/01_功能/A40_pbot补全UI/改动清单.md	9874	cd4a08383db51e0bcb4e13125a2dad218c3cda02031788625c977ff268f3847a	仓库文件	-
项目文件	文件	文件	tc-bignum/补丁库/01_功能/A41_pbot自动上线/cs_playerbot_修复版.cpp	52232	cfc4056fe72c81790b1b1631b5e1dce0f0be57329aa48e5c39e74f2cbeae6e29	仓库文件	-
项目文件	文件	文件	tc-bignum/补丁库/01_功能/A41_pbot自动上线/修复-函数插错位置.md	6112	10151efc6d2fb815d822994b58a83a3a494fedcc288e23bcce12c044f1f5cc86	仓库文件	-
项目文件	文件	文件	tc-bignum/补丁库/01_功能/A41_pbot自动上线/修复2-中文变问号的抢救.md	5431	a83034320e3a084d22f04bac37de061777508101282fbab9b72cfac67b3ebd81	仓库文件	-
项目文件	文件	文件	tc-bignum/补丁库/01_功能/A41_pbot自动上线/改动清单.md	18297	2f43f5bd9583e38d58790472832f0447a2757dbe66bf21a0fdccc57d22b3aac1	仓库文件	-
项目文件	文件	文件	tc-bignum/补丁库/01_功能/A42_种族职业口音/修复-第2步改错了函数.md	12168	2fca7d6bfc7ab68972aefe66af99fae5f2e6f0b4d19212c9566cec0929dc9079	仓库文件	-
项目文件	文件	文件	tc-bignum/补丁库/01_功能/A42_种族职业口音/改动清单.md	11301	de0f44bbaa5ea1e0b05ae0306f2ca6bf48eb6903019563ed7625a920e3e058a2	仓库文件	-
项目文件	文件	文件	tc-bignum/补丁库/01_功能/A42_种族职业口音/第2步_种族口音.md	21103	c826d6574e9e182eee4ea01009bf34a2415b3099e51f3e1ee39802d3548327db	仓库文件	-
项目文件	文件	文件	tc-bignum/补丁库/01_功能/G17B0_原生御龙载具/00-开发状态与设计.md	11249	bdd72d102290994ea7eb635d4b5da5e4daf6d3fe73f8fe4439e5f2dac8922a4b	仓库文件	-
项目文件	文件	文件	tc-bignum/补丁库/01_功能/G17B0_原生御龙载具/01-Windows前像结论与预检步骤.md	3665	fd658b5e20188ae06c3cc3956fea5c0fa16640a45244e490dd148c332902dd4c	仓库文件	-
项目文件	文件	文件	tc-bignum/补丁库/01_功能/G17B0_原生御龙载具/G17B0_Apply.cmd	630	b6a350d9693252544058ade3a239fbac2b3f47581f659b577612591eac72e48a	仓库文件	-
项目文件	文件	文件	tc-bignum/补丁库/01_功能/G17B0_原生御龙载具/G17B0_Check.cmd	536	73fb34aea2ecb5f2c6423bc2304ad817b56109c876016b32f61d23307770d65a	仓库文件	-
项目文件	文件	文件	tc-bignum/补丁库/01_功能/G17B0_原生御龙载具/G17B0_Rollback.cmd	545	97d4716d8106935cf0c7f58157fd3af743ab1f3eae2dbc64110136d29da89cf2	仓库文件	-
项目文件	文件	文件	tc-bignum/补丁库/01_功能/G17B0_原生御龙载具/G17B0_SelfTest.cmd	531	9499210595016280157624e55e34f7a4baf6ca8a1a8ab7e4dc696b2c04c929d4	仓库文件	-
项目文件	文件	文件	tc-bignum/补丁库/01_功能/G17B0_原生御龙载具/README_当前只做预检.txt	756	b03f3900c75ef50b0ebcda1ec8361cc15e23915eb5e93eef8d7a6c2bc58680f1	仓库文件	-
项目文件	文件	文件	tc-bignum/补丁库/01_功能/G17B0_原生御龙载具/Run-G17B0-Source-Preflight.cmd	1440	74044f37293db574119965d56f757bf60d9a36175ba081dc7dd60c8b0c214c74	仓库文件	-
项目文件	文件	文件	tc-bignum/补丁库/01_功能/G17B0_原生御龙载具/evidence/g17b0_windows_lock_report_20260822_120243.txt	10125	267632320507de9fb420bea4416b0e6419ede7093bcffe9290623e460173616c	仓库文件	-
项目文件	文件	文件	tc-bignum/补丁库/01_功能/G17B0_原生御龙载具/install_g17b0_source.py	13921	9439fb3011deaa0aab500d176d9f067b17d682f6b4d9147f3b00806f7c278f36	仓库文件	-
项目文件	文件	文件	tc-bignum/补丁库/01_功能/G17B0_原生御龙载具/original/src/server/scripts/Commands/cs_dragonriding.cpp.absent	20	5deb305524fcb48d83e55ad1581d978150bb0afa877422a7b231ff88bc7faa88	仓库文件	-
项目文件	文件	文件	tc-bignum/补丁库/01_功能/G17B0_原生御龙载具/original/windows_preimage_20260822/sql/base/dev/world_database.sql	208925	f766eac917bcbc1483f6f875b13733b54415ddcf11a45f4ff9e12684f646ea00	仓库文件	-
项目文件	文件	文件	tc-bignum/补丁库/01_功能/G17B0_原生御龙载具/original/windows_preimage_20260822/src/server/game/AI/CoreAI/CombatAI.h	3663	43b5650727ab7978cf7091498237acba54506571e815e947395df3243ba5780f	仓库文件	-
项目文件	文件	文件	tc-bignum/补丁库/01_功能/G17B0_原生御龙载具/original/windows_preimage_20260822/src/server/game/Entities/Unit/Unit.h	106442	aaf9e8348ace53c5944e95b6a0e7ae02fd0f376bf5af709eedd3f864b340cfff	仓库文件	-
项目文件	文件	文件	tc-bignum/补丁库/01_功能/G17B0_原生御龙载具/original/windows_preimage_20260822/src/server/game/Maps/Map.h	44138	e5a731410d2b21fb614aed6a79b4bce29449ac1608593e68de102ff8c58bd65b	仓库文件	-
项目文件	文件	文件	tc-bignum/补丁库/01_功能/G17B0_原生御龙载具/original/windows_preimage_20260822/src/server/game/Scripting/ScriptMgr.h	44641	60c4dda3bc2753fdbdbc951ce417d14016d56c8b0e3521d388d80dba8276e6d3	仓库文件	-
项目文件	文件	文件	tc-bignum/补丁库/01_功能/G17B0_原生御龙载具/original/windows_preimage_20260822/src/server/scripts/CMakeLists.txt	9923	fdf785cdc99e125ee0dd7cffd4c924c6343f88924cd79e3c8d0f78d6b6bbbfbe	仓库文件	-
项目文件	文件	文件	tc-bignum/补丁库/01_功能/G17B0_原生御龙载具/original/windows_preimage_20260822/src/server/scripts/Commands/cs_script_loader.cpp	5589	2a4895a32532f3c6c2c6dc3096fced4bff6d53c39dd3787bd81a76653d42f3f7	仓库文件	-
项目文件	文件	文件	tc-bignum/补丁库/01_功能/G17B0_原生御龙载具/original/windows_preimage_20260822/src/server/scripts/ScriptLoader.h	1031	6b617f0aafa6218a618e10bbff49b054991406e7ee195c12c744423418f6a0ee	仓库文件	-
项目文件	文件	文件	tc-bignum/补丁库/01_功能/G17B0_原生御龙载具/payload/src/server/scripts/Commands/cs_dragonriding.cpp	16463	c9535dca3390ece6735e6ff6b7418ed99ff206628b5e8febd7b78b05cba999bd	仓库文件	-
项目文件	文件	文件	tc-bignum/补丁库/01_功能/G17B0_原生御龙载具/postimage/src/server/scripts/Commands/cs_script_loader.cpp	5672	5502e5b4e22535957f3db81083530b048ec33f6852f4697fbe55795628cee5cc	仓库文件	-
项目文件	文件	文件	tc-bignum/补丁库/01_功能/G17B0_原生御龙载具/sql/G17B0_world_check.sql	1734	3409ff1bc415cd42acad26501e36b097975ada645297f3e8f9a9e7f349bdef3a	仓库文件	-
项目文件	文件	文件	tc-bignum/补丁库/01_功能/G17B0_原生御龙载具/sql/G17B0_world_install.sql	4973	e4f8e75d513c851f102841260472be185b4e71a20ce4eeb80903326a7492f759	仓库文件	-
项目文件	文件	文件	tc-bignum/补丁库/01_功能/G17B0_原生御龙载具/sql/G17B0_world_install_v2_locked.sql	8720	55f97bb1b689673b0ca2b9ae0e1b1411cc42854ecdeca95df35b8efb810390f6	仓库文件	-
项目文件	文件	文件	tc-bignum/补丁库/01_功能/G17B0_原生御龙载具/sql/G17B0_world_install_v3_collation_safe.sql	9443	1af6361369ffad4909bc749802a4bb7a83ecccbc84ce7eef5f706ac7a81d3996	仓库文件	-
项目文件	文件	文件	tc-bignum/补丁库/01_功能/G17B0_原生御龙载具/sql/G17B0_world_postcheck_v2_readonly.sql	3239	89c4667e1c44ef9c6069d40a55a9812a75d0e796432e89160f22337d0a1a9680	仓库文件	-
项目文件	文件	文件	tc-bignum/补丁库/01_功能/G17B0_原生御龙载具/sql/G17B0_world_postcheck_v3_readonly_collation_safe.sql	4758	ae3fbfad3047775496ed59bef2ec5a040b9e724e43262b07bdcde58b319b437a	仓库文件	-
项目文件	文件	文件	tc-bignum/补丁库/01_功能/G17B0_原生御龙载具/sql/G17B0_world_probe_readonly.sql	6153	e272e573917af68e73f1991a377f35136507ec12520894f86b69896fbcd62de4	仓库文件	-
项目文件	文件	文件	tc-bignum/补丁库/01_功能/G17B0_原生御龙载具/sql/G17B0_world_probe_readonly_v2_collation_safe.sql	9390	9d767115ecdc5983941e99ba900e7de43370d302ad8b6b837230f32ba9884310	仓库文件	-
项目文件	文件	文件	tc-bignum/补丁库/01_功能/G17B0_原生御龙载具/sql/G17B0_world_rollback.sql	1035	57dfb7eb6b8a51418aa7a96f430f552caa267de5b8590d5971b1f01f567e5ee1	仓库文件	-
项目文件	文件	文件	tc-bignum/补丁库/01_功能/G17B0_原生御龙载具/sql/G17B0_world_rollback_v2_owned_only.sql	2621	67cfd999d8809e11e80e65ad17db4caaae8f57939fab0be9e3e2e784eb13efee	仓库文件	-
项目文件	文件	文件	tc-bignum/补丁库/01_功能/G17B0_原生御龙载具/sql/G17B0_world_rollback_v3_owned_only_collation_safe.sql	2985	df7d3d03ea33ae935ae149e46bf50e088f91476ec622fef418076c3ba6316383	仓库文件	-
项目文件	文件	文件	tc-bignum/补丁库/01_功能/G17B0_原生御龙载具/tests/test_g17b0_preflight.py	4354	d7dc7e8d38670300e4d964f76e41c756cf084ca67c0287e721dece0cec82dfd4	仓库文件	-
项目文件	文件	文件	tc-bignum/补丁库/01_功能/G17B0_原生御龙载具/tests/test_g17b0_source_apply_delivery.py	5776	30a0d00372c543718543bddec27247bd5ed663edde76c64171b6b7236c1c5d98	仓库文件	-
项目文件	文件	文件	tc-bignum/补丁库/01_功能/G17B0_原生御龙载具/tests/test_g17b0_static.py	3588	c4b14cae97dddce2d41c84ce5426412a8c835c2b5f06ccc7b001794d69d37463	仓库文件	-
项目文件	文件	文件	tc-bignum/补丁库/01_功能/G17B0_原生御龙载具/tests/test_g17b0_windows_build_package.py	4570	02fbbc0e39cd7f924e15f72fded7e0632d827701dad138b2f8f864accfbe32a0	仓库文件	-
项目文件	文件	文件	tc-bignum/补丁库/01_功能/G17B0_原生御龙载具/tests/test_g17b0_windows_build_v2_ascii_package.py	4981	f064dfdc7068d6e626b65d6c6f66fb481c57c777f845b858738f456cbe7e9bc0	仓库文件	-
项目文件	文件	文件	tc-bignum/补丁库/01_功能/G17B0_原生御龙载具/tests/test_g17b0_windows_build_v3_native_safe_package.py	6215	9519b9445554c1368d4277f6301800f15ffd37e5368e8741ff30247a0d64dfb7	仓库文件	-
项目文件	文件	文件	tc-bignum/补丁库/01_功能/G17B0_原生御龙载具/tests/test_g17b0_world_apply_v2.py	8490	722ee8912855d957fa2c376007091101c056348ee828a4a7cc9756295748835f	仓库文件	-
项目文件	文件	文件	tc-bignum/补丁库/01_功能/G17B0_原生御龙载具/tests/test_g17b0_world_apply_v3.py	9859	f809d7a49ff2e28ae8dc56d1ccf42f1eaf5ca76ef33d774a4a5e718eb9a4b818	仓库文件	-
项目文件	文件	文件	tc-bignum/补丁库/01_功能/G17B1_全坐骑自动接管与类型会话/00-实现与状态.md	2060	4a29cfdd0e9efbae8cc2cff646df57d9093eab5f5626a043f9172d207f6dc18e	仓库文件	-
项目文件	文件	文件	tc-bignum/补丁库/01_功能/G17B1_全坐骑自动接管与类型会话/original/src/server/scripts/Commands/cs_dragonriding.cpp	24260	10a7002db4c173e441836870da01dd3009a7ba470369ca1a89bdb399ee9b2f45	仓库文件	-
项目文件	文件	文件	tc-bignum/补丁库/01_功能/G17B1_全坐骑自动接管与类型会话/payload/src/server/scripts/Commands/cs_dragonriding.cpp	31648	2c7594d0f1428a767570063ac90c5f816991bf1d883fe61e45a1a28902a68199	仓库文件	-
项目文件	文件	文件	tc-bignum/补丁库/01_功能/G17B1_全坐骑自动接管与类型会话/tests/test_g17b1.py	3368	275660e298e087ffbcef497633727d24c3ef44b2ec2aff11259c196e178ef1ab	仓库文件	-
项目文件	文件	文件	tc-bignum/补丁库/01_功能/G17B1_全坐骑自动接管与类型会话/tools/apply_g17b1_source.py	2577	a938fefab2becdb83560939d21d92be65cb48fe939060b2ab6008cf50b6a79e5	仓库文件	-
项目文件	文件	文件	tc-bignum/补丁库/01_功能/G23P3A_Lua服务器助手与GM帮助完善/G23P3A_Apply.cmd	775	da96e7de57166c578ff3912ebde40ee9332bddcafb604eb52569baf5e63efade	仓库文件	-
项目文件	文件	文件	tc-bignum/补丁库/01_功能/G23P3A_Lua服务器助手与GM帮助完善/G23P3A_Check.cmd	560	ae8e6b6f2eae0904edd4d0b406a27b746fbf9852a571f2f0a8cf79276f960852	仓库文件	-
项目文件	文件	文件	tc-bignum/补丁库/01_功能/G23P3A_Lua服务器助手与GM帮助完善/G23P3A_Rollback.cmd	719	7e5fdec5bbe89fbd347a12d3c7b46b4e7ca55ea7fe25768ef75477aba6b7714b	仓库文件	-
项目文件	文件	文件	tc-bignum/补丁库/01_功能/G23P3A_Lua服务器助手与GM帮助完善/README.md	506	7c70bb74f845b7fc507d82adcf66624d4aca4cd17d0e6c06b35ff046b89fcc5c	仓库文件	-
项目文件	文件	文件	tc-bignum/补丁库/01_功能/G23P3A_Lua服务器助手与GM帮助完善/SHA256SUMS.txt	1885	7abfddb0dafb19578a231656fc1f15404bf10a432f57a064dbd44f423d1030e5	仓库文件	-
项目文件	文件	文件	tc-bignum/补丁库/01_功能/G23P3A_Lua服务器助手与GM帮助完善/evidence/g23p3a_api_design_and_local_acceptance_20260822.txt	1515	5e891fd5ab28f5c693b09c4598b6098d50f6523c719ed6558989002901945b7f	仓库文件	-
项目文件	文件	文件	tc-bignum/补丁库/01_功能/G23P3A_Lua服务器助手与GM帮助完善/install_g23p3a.py	6125	d4393a30696e640ae529076b2efa680603bc4a0ca0ed05827748cd161ae35951	仓库文件	-
项目文件	文件	文件	tc-bignum/补丁库/01_功能/G23P3A_Lua服务器助手与GM帮助完善/original/lua_scripts/custom_gmhelp.lua.absent	22	4acc46719cae734d97f945d1cfc20a298e8c9a50f0a8e2131b86b1020aeddaca	仓库文件	-
项目文件	文件	文件	tc-bignum/补丁库/01_功能/G23P3A_Lua服务器助手与GM帮助完善/original/lua_scripts/custom_server_assistant.lua.absent	22	4acc46719cae734d97f945d1cfc20a298e8c9a50f0a8e2131b86b1020aeddaca	仓库文件	-
项目文件	文件	文件	tc-bignum/补丁库/01_功能/G23P3A_Lua服务器助手与GM帮助完善/original/lua_scripts/custom_welcome.lua	2712	c0baa8fa5954a16c1a15ae0de48626a7dac13b80834896ab85e96e1e0d6836c2	仓库文件	-
项目文件	文件	文件	tc-bignum/补丁库/01_功能/G23P3A_Lua服务器助手与GM帮助完善/original/lua_scripts/extensions/G23Core.ext	5793	89b394b19654bd346c38632d91b6fb9d6e8fb7d5ba640658d21231b2ae91a06c	仓库文件	-
项目文件	文件	文件	tc-bignum/补丁库/01_功能/G23P3A_Lua服务器助手与GM帮助完善/payload/lua_scripts/custom_gmhelp.lua	22107	dabb6005423334ddf7fe151d7f47d3b2c9fb8d584921add72445e69c83eb8dca	仓库文件	-
项目文件	文件	文件	tc-bignum/补丁库/01_功能/G23P3A_Lua服务器助手与GM帮助完善/payload/lua_scripts/custom_server_assistant.lua	6847	1d80eb699e356a17c7d87048e96515d269175fc4b91521d52b56fd0344f48f39	仓库文件	-
项目文件	文件	文件	tc-bignum/补丁库/01_功能/G23P3A_Lua服务器助手与GM帮助完善/payload/lua_scripts/custom_welcome.lua	2812	f54ee1b08c54000c505199695708de9aeb1ccd286731db057d707ba74d8e905a	仓库文件	-
项目文件	文件	文件	tc-bignum/补丁库/01_功能/G23P3A_Lua服务器助手与GM帮助完善/payload/lua_scripts/extensions/G23Core.ext	6490	3311a1744502921f4b1ad85c06883d76ff68c4738e79e84e33a4f04b67eef12f	仓库文件	-
项目文件	文件	文件	tc-bignum/补丁库/01_功能/G23P3A_Lua服务器助手与GM帮助完善/tests/p3a_command_and_gmhelp_mock.lua	4986	39c872a3421f2b159949d7de5966af58df6186eee337eb240ee4ca42ab2da660	仓库文件	-
项目文件	文件	文件	tc-bignum/补丁库/01_功能/G23P3A_Lua服务器助手与GM帮助完善/tests/p3a_full_load_mock.lua	3448	9e9e1f49e1c8a4f72b428e71894c7145129c3a43aacb1f28567bf400132022e0	仓库文件	-
项目文件	文件	文件	tc-bignum/补丁库/01_功能/G23P3A_Lua服务器助手与GM帮助完善/tests/run_g23p3a_tests.sh	1008	7ebbbea06a18c043d06d7dc699294f24768e74e0003873f68f2acad05b3b801d	仓库文件	-
项目文件	文件	文件	tc-bignum/补丁库/01_功能/G23P3A_Lua服务器助手与GM帮助完善/tests/test_p3a_static.py	3053	ea5f24724c1e507541d19fc4627ba7bf623c2cc40e2592331cd75ca8c4bd5e2f	仓库文件	-
项目文件	文件	文件	tc-bignum/补丁库/01_功能/G23P3A_Lua服务器助手与GM帮助完善/安装说明.md	2862	5b6f625da41cade9a4e9704f25b928ca1aac66e31a3e8dced8bc637d70fac173	仓库文件	-
项目文件	文件	文件	tc-bignum/补丁库/02_修复/F01_治疗致死/_编译验证/fixtest.cpp	5024	a46460ab462aa4c938617c03b743dc31a19dd66a4d2fd9370a3939887a0b48b2	仓库文件	-
项目文件	文件	文件	tc-bignum/补丁库/02_修复/F01_治疗致死/apply_step24.sh	4222	cf5805315fa02b2b38276d74feac67815b6ed5343252a979c363df6677be6d2c	仓库文件	-
项目文件	文件	文件	tc-bignum/补丁库/02_修复/F01_治疗致死/fix_modifyhealth.py	6043	b6cfb0c1d353fc91b0326e56edfe34750970167c3952859fe317cf9c9d2a7f13	仓库文件	-
项目文件	文件	文件	tc-bignum/补丁库/02_修复/F01_治疗致死/安装说明.md	4888	8a2fa11c4fb8c94832c191d28dda208300bb116c7145581d5b52b5a4dc5a6a53	仓库文件	-
项目文件	文件	文件	tc-bignum/补丁库/02_修复/F02_bot召唤/安装说明.md	5243	a06e0df7034e19fa5359b07984a662ec24fb2183ceca81066c2824a8a0c25274	仓库文件	-
项目文件	文件	文件	tc-bignum/补丁库/02_修复/F02_bot召唤/源文件/bot_ai_patch.md	4289	9bca1a0ed24f13fc9ad515ad22cdd1a906e3143e730ec9cb01400cee604727c1	仓库文件	-
项目文件	文件	文件	tc-bignum/补丁库/02_修复/F03_招募闪退与中文别名/_编译验证/enctest.cpp	2227	3f41f55c7895ada417bf276575466c00d556ad9820139d5c34d2eff349e4f1e0	仓库文件	-
项目文件	文件	文件	tc-bignum/补丁库/02_修复/F03_招募闪退与中文别名/bug1-招募游荡bot闪退.md	8407	f0c58b543842e204c0c244c1e21d2c7661b340a71ab7a476e14be26e032d0833	仓库文件	-
项目文件	文件	文件	tc-bignum/补丁库/02_修复/F03_招募闪退与中文别名/bug2-npcbot中文别名不生效.md	6966	0415aa0a30ad6c89a1917621b0ace32b49fc26f31f5bfd610e0956d6c52ddb80	仓库文件	-
项目文件	文件	文件	tc-bignum/补丁库/02_修复/F04_重复注册闪退/修复文件/alias.txt	3022	bb3f94796735cb0b87cc48dc1a75d29fba98b05e6d433c1a749dab61696df529	仓库文件	-
项目文件	文件	文件	tc-bignum/补丁库/02_修复/F04_重复注册闪退/修复文件/一键修复中文别名.sh	5357	e04876d8065ecd299437d04f59234747b8494303fdef648b26906072cc0ce1d8	仓库文件	-
项目文件	文件	文件	tc-bignum/补丁库/02_修复/F04_重复注册闪退/修复说明.md	6251	563b045c42a6a5d20a9c21af911447164a978e3a1fbd816a05f242943efd8da6	仓库文件	-
项目文件	文件	文件	tc-bignum/补丁库/02_修复/F04_重复注册闪退/查中文命令重复.sh	4752	8d953bac891aa16e06cad37d500947828f4f6a7180f8966340086cfd4a87a217	仓库文件	-
项目文件	文件	文件	tc-bignum/补丁库/02_修复/F04_重复注册闪退/结案-真凶是wp重复.md	7364	4cc5924a2ebfece39cfc184a3a7fdb4a704c688072524c7498b46c4fda206920	仓库文件	-
项目文件	文件	文件	tc-bignum/补丁库/02_修复/F04_重复注册闪退/结案2-凶手是中文命令名.md	4398	89b0e706975a3949ad4e990678986df2ef073dbebceae4b4443a4bde8fb50338	仓库文件	-
项目文件	文件	文件	tc-bignum/补丁库/02_修复/F04_重复注册闪退/结案3-真相是汉字被存成了问号.md	8963	764fde740fb8ad7ecfaf75d69726f9d8854f47b898de5db28c4557bced7111fd	仓库文件	-
项目文件	文件	文件	tc-bignum/补丁库/02_修复/F04_重复注册闪退/让崩溃自己说出凶手.md	5358	507105894cfd3f6a7def89bce53ed0c86fe9889a2613ad5ad1ad4d87a63cbedf	仓库文件	-
项目文件	文件	文件	tc-bignum/补丁库/02_修复/F04_重复注册闪退/诊断结果分析.md	5193	c850ce7a4a90c72242706e5573abb3e840b30cf428722d4a4b183c25309e6f14	仓库文件	-
项目文件	文件	文件	tc-bignum/补丁库/02_修复/F04_重复注册闪退/诊断脚本.sh	3526	768fd6516676037722b669eadaaa79ce65e9724d128569b1aad93eb7d4d27b39	仓库文件	-
项目文件	文件	文件	tc-bignum/补丁库/02_修复/F04_重复注册闪退/诊断脚本v2.sh	8923	e351a094aed3a81c41a4cc85d408e6048ed43f1a64f1f06759731943b155e1f5	仓库文件	-
项目文件	文件	文件	tc-bignum/补丁库/02_修复/F05_游荡bot崩溃/bug根因与修复.md	9488	1fe277104aad065d3ea445519e754470ef6d7b01a67af037f02d42374f812d2a	仓库文件	-
项目文件	文件	文件	tc-bignum/补丁库/02_修复/F05_游荡bot崩溃/sql/02_world_npcbot汉化补全.sql	15876	3738a5ff8d62b24ae38bf1ebc1e72b06e5c33bd8fa96712ae3daf2857686f463	仓库文件	-
项目文件	文件	文件	tc-bignum/补丁库/02_修复/F06_宠物无主崩溃/根因与修复.md	8254	f5fad3da25866004d11ed0e8e69fa776baeaec69b175435b613322503b922c1c	仓库文件	-
项目文件	文件	文件	tc-bignum/补丁库/02_修复/F07_自动接受彻查/根因-公会签名与交易.md	10279	0b8dcb1c7a5192e3863dd8e3bfe22d13668af5cc8b4fda8468601cb8f1306791	仓库文件	-
项目文件	文件	文件	tc-bignum/补丁库/02_修复/F08_编译C2447_编码/pbot_autoaccept.cpp	25451	5a6054cfad91a13711e8aedceacf7ab6447db6359d4629980627fdd696dba91c	仓库文件	-
项目文件	文件	文件	tc-bignum/补丁库/02_修复/F08_编译C2447_编码/安装说明.md	7318	2b4ab1f299ef5566a5412e31e35cc720fca95e6c923f535848d74d2ff4106ec7	仓库文件	-
项目文件	文件	文件	tc-bignum/补丁库/02_修复/F09_改名生效与ginvite/安装说明.md	6979	1734db0b4c5e2b557c9ef9ada6a3370a51b6b2315e20cb1bb0f7c80ccfe14379	仓库文件	-
项目文件	文件	文件	tc-bignum/补丁库/02_修复/F09_改名生效与ginvite/源文件/cs_botrename.cpp	34061	1fca7540d0046975df70bfbd091ede6be725d4afb0ced7f98110a9818d1a6c09	仓库文件	-
项目文件	文件	文件	tc-bignum/补丁库/02_修复/F09_改名生效与ginvite/诊断报告.md	10566	6afcc39fe10fece446b6b9f5e59ff4949ae8486b853f9186685f1e30f571ddb6	仓库文件	-
项目文件	文件	文件	tc-bignum/补丁库/02_修复/F10_交易第2版/安装说明.md	8871	d74bccaa9687bb454425294cdb4d6755e769335d20add36cbff3299ace821cd3	仓库文件	-
项目文件	文件	文件	tc-bignum/补丁库/02_修复/F10_交易第2版/根因分析.md	10695	966e46e069ba4115bb8aa8fa817918836bf4210cc19ead7bf6afb575846a0a02	仓库文件	-
项目文件	文件	文件	tc-bignum/补丁库/02_修复/F10_交易第2版/源文件/pbot_autoaccept.cpp	28359	9b5b455585faf1610cf23d03e5e917ef7c1d0105f479ee2e1af5744d41687d7f	仓库文件	-
项目文件	文件	文件	tc-bignum/补丁库/02_修复/F10_交易第2版/源文件/pbot_autoaccept.h	3929	dc0dc41aa96a5f6bba26e186dc8c057476ddcb3b62b528fcb4cfed974ab71ef9	仓库文件	-
项目文件	文件	文件	tc-bignum/补丁库/02_修复/F11_交易钩子_已解决/安装说明.md	9369	1368e3ce14626859bbdf2bcdd13d52662d7b7c041103b86448b6df6669202dc6	仓库文件	-
项目文件	文件	文件	tc-bignum/补丁库/02_修复/F11_交易钩子_已解决/根因-为什么轮询不行.md	7907	7c1d09965f7c4bcdc68e1796c2c3104eb843f633ba3ff0fc900dbfa2c390e7d7	仓库文件	-
项目文件	文件	文件	tc-bignum/补丁库/02_修复/F11_交易钩子_已解决/源文件/pbot_autoaccept.cpp	26368	bc201e052517ce4e590efb9cd0cdcdb708e3fd7bc40d7ec57626e465051fc95e	仓库文件	-
项目文件	文件	文件	tc-bignum/补丁库/02_修复/F12_链接LNK2019/根因与修复.md	6736	cbc640e5ebc6d7ac46d8a095a5dff01d510e6d8cf213df89df2b0f08ef7b20b3	仓库文件	-
项目文件	文件	文件	tc-bignum/补丁库/02_修复/F13_bpet_ai继承修正/根因与修复.md	6462	99aa8775f5b6f57aacb0e376a81b6510df307912ab13334af6599057a59caa76	仓库文件	-
项目文件	文件	文件	tc-bignum/补丁库/02_修复/F14_pin状态矛盾/sql/诊断与修复.sql	7246	e8ee3884cb2048f78bd6e22dd2359db5168d02b036ded006122858fe0f8311e9	仓库文件	-
项目文件	文件	文件	tc-bignum/补丁库/02_修复/F14_pin状态矛盾/安装说明.md	7141	737bc0d1f5fdf98eaed7723fc6a3ce2e7e3f19ecfd9c9c8d770c80da2160d53e	仓库文件	-
项目文件	文件	文件	tc-bignum/补丁库/02_修复/F14_pin状态矛盾/排查-指令没生效.md	4604	1e4dc46e2560130fe3fe26187e4f2ff2b1d6e89eec21c3b781e2c87cafdecc04	仓库文件	-
项目文件	文件	文件	tc-bignum/补丁库/02_修复/F14_pin状态矛盾/排查-第2轮-正确方法.md	3189	a2b3eb4f40c9f3599f0ae1f357d300efe58e06f4da6e154c13bf72492d5f62e0	仓库文件	-
项目文件	文件	文件	tc-bignum/补丁库/02_修复/F14_pin状态矛盾/根因与修复.md	7463	f35ddcc50cd74322752c5b91308dc1f5cb28e300b94ff3835b257d16ae3ebc4e	仓库文件	-
项目文件	文件	文件	tc-bignum/补丁库/02_修复/F14_pin状态矛盾/源文件/cs_botpersist.cpp	33164	acf88baf1f29968a6419fe06692a40b9d5b54e6c23b53fe6c710e5b5f1aa7dc0	仓库文件	-
项目文件	文件	文件	tc-bignum/补丁库/02_修复/F15_pin顺序与野指针/安装说明.md	6868	7050c6ed06e4c9cab0b52499ac6d450b400e11b0dad9294c61ff522d950e6c76	仓库文件	-
项目文件	文件	文件	tc-bignum/补丁库/02_修复/F15_pin顺序与野指针/根因-两个致命错误.md	7591	686005d512a0a094ee8259eedd0e7c6a7983f5c2a6e3bf439d3f4821b38f145c	仓库文件	-
项目文件	文件	文件	tc-bignum/补丁库/02_修复/F15_pin顺序与野指针/源文件/cs_botpersist.cpp	38779	dd4b36c6325017b80af92b15cd324eb7dcb387b0fbb5d4295504db113a731c25	仓库文件	-
项目文件	文件	文件	tc-bignum/补丁库/02_修复/F16_pin判断模型/安装说明.md	6350	231f6bc50906e5451a61945598595180de09e93e51dab01bf36fe7a81aa4ed47	仓库文件	-
项目文件	文件	文件	tc-bignum/补丁库/02_修复/F16_pin判断模型/根因-我的判断模型从头就错.md	6894	4f862c2368ea7744295c7e91263383835ba27d8e086805f5b3ec431943155a9b	仓库文件	-
项目文件	文件	文件	tc-bignum/补丁库/02_修复/F16_pin判断模型/源文件/cs_botpersist.cpp	40453	f54ff53f40a66df59997fe11082314f188dfcca869656a72c9ed34cd34c07bcc	仓库文件	-
项目文件	文件	文件	tc-bignum/补丁库/02_修复/F17_pin停用_当前/sql/紧急-检查并清理pin污染.sql	5338	b2d62b45bfe7d5d01f585e4780426458b374cc95a453aead569ea209dff64c75	仓库文件	-
项目文件	文件	文件	tc-bignum/补丁库/02_修复/F17_pin停用_当前/安装说明.md	7242	adbe1aa6c41eceb7b83d86063213ac6c667903ddac9a4a7b77ab26f80b20c6f4	仓库文件	-
项目文件	文件	文件	tc-bignum/补丁库/02_修复/F17_pin停用_当前/根因-游荡bot根本无法被pin.md	7561	39f9dd8a1c5ea552a27f7ffaf8fc79e2f8ffc7ecee83f3300d14db40fe4c72ab	仓库文件	-
项目文件	文件	文件	tc-bignum/补丁库/02_修复/F17_pin停用_当前/源文件/cs_botpersist.cpp	35667	fc8efc4094773f030c07a483d586d04b2f54afb4d42d8f655a056669379de4d3	仓库文件	-
项目文件	文件	文件	tc-bignum/补丁库/02_修复/F18_三个bug_加载与站桩/conf/关闭bot加载刷屏.conf	5553	b69f2f020474713c655a099e42e21e0450da72f9ee8003c42dd49299593fee4c	仓库文件	-
项目文件	文件	文件	tc-bignum/补丁库/02_修复/F18_三个bug_加载与站桩/sql/诊断-160的真实数字.sql	7255	b21cc543003c1c7546917ba5a58a0ccbc338bff00d4776ee233cd022b9a821c5	仓库文件	-
项目文件	文件	文件	tc-bignum/补丁库/02_修复/F18_三个bug_加载与站桩/sql/诊断-为什么只有160个.sql	5425	91fdbf1591bb0154a704f413204da25c116c4ec9a8ebc39754df04646209e5c0	仓库文件	-
项目文件	文件	文件	tc-bignum/补丁库/02_修复/F18_三个bug_加载与站桩/修复-剩余刷屏与A36失效.md	5135	a07a244816125d12a41df80c78a50355898346ea391ffd661dca79a4a42648e9	仓库文件	-
项目文件	文件	文件	tc-bignum/补丁库/02_修复/F18_三个bug_加载与站桩/修复-编译错误.md	4798	6ac6a61cbe04dfa2f27b45a9fdbefec54185dff65efa46358d8bfc52e3323d6a	仓库文件	-
项目文件	文件	文件	tc-bignum/补丁库/02_修复/F18_三个bug_加载与站桩/最快定位-看启动日志.md	4374	e7dd2aa7842ea45d28a0382e81cacf988e5bb1102bc04462b62401a64f089e65	仓库文件	-
项目文件	文件	文件	tc-bignum/补丁库/02_修复/F18_三个bug_加载与站桩/根因-真凶是500ms限速.md	7144	a9afa6495726ab584f190ff47adae73480dbde1cf783996adc81b5a3cf9d262f	仓库文件	-
项目文件	文件	文件	tc-bignum/补丁库/02_修复/F18_三个bug_加载与站桩/根因诊断.md	6177	66818ca9cf03d55dc5db163cbe04a0a299685ab510e9e45edbf2232ca7167a4d	仓库文件	-
项目文件	文件	文件	tc-bignum/补丁库/02_修复/F19_站桩与和平模式/改动清单.md	3905	594ce4deb435645aef38b035a8a550310e7604ccd0d0889be7547e97e1e7aa54	仓库文件	-
项目文件	文件	文件	tc-bignum/补丁库/02_修复/F19_站桩与和平模式/根因与方案.md	9499	f195764f3559e3f277b082b61f48b59762a162d2693398a291511f034fac74c0	仓库文件	-
项目文件	文件	文件	tc-bignum/补丁库/02_修复/F20_站桩真因/改动清单.md	2851	b51329245ff0f4379e3742c214dc51de6367ec144fa7898e8ec2a0928658300d	仓库文件	-
项目文件	文件	文件	tc-bignum/补丁库/02_修复/F20_站桩真因/根因与修复.md	4711	a30d5be77efe43fced602e32ba092cc67dc5b0822160e704e1061fe8c7dfd496	仓库文件	-
项目文件	文件	文件	tc-bignum/补丁库/02_修复/F21_组队数据崩服/修复.sql	6038	789cc0356922b95c1b88824e278e21704177fbe8afdc4cfe85870a9e2860aa25	仓库文件	-
项目文件	文件	文件	tc-bignum/补丁库/02_修复/F21_组队数据崩服/说明.md	4268	05269d942cf81d29370c301dd7b01bd3df7200644596deab55ac1928d2c5bb96	仓库文件	-
项目文件	文件	文件	tc-bignum/补丁库/02_修复/F22_move指令闪退/根因与修复.md	17352	440be80ba98ef0fa397413f01292e720980886948788ef5b623975f5ebd0b474	仓库文件	-
项目文件	文件	文件	tc-bignum/补丁库/02_修复/F22_move指令闪退/诊断-70231.sql	4945	1ba4f8edcb904bcaae56f3c878714a2781ed3f35c5d227b993d7d68edf3d539a	仓库文件	-
项目文件	文件	文件	tc-bignum/补丁库/02_修复/F22_move指令闪退/诊断-A36是否失效.sql	2873	00a6d9e2af0ae8a3dc60a28c03a28321ea5a7ea8d14b2e3d81e09428b50a0c03	仓库文件	-
项目文件	文件	文件	tc-bignum/补丁库/02_修复/F22_move指令闪退/诊断.sql	3142	8b04822e4b49b6ece84c0e54d68426897e582f86859a140c89de2076764a7a4c	仓库文件	-
项目文件	文件	文件	tc-bignum/补丁库/02_修复/F23_固定bot实体丢失/一次问清.sql	5980	d6cc15a3c23c812d6d01bf7e2f60c1c29d097340225b123741b28aee8bc4588d	仓库文件	-
项目文件	文件	文件	tc-bignum/补丁库/02_修复/F23_固定bot实体丢失/修复.sql	11229	e622d78cec9d786249664b75fd6c1a19dc1c8cf20834820ac898b556065405ad	仓库文件	-
项目文件	文件	文件	tc-bignum/补丁库/02_修复/F24_A36导致bot卡在世界外/修复.sql	5455	c549524c8bf4893a7221b8db8904dec4c5522691a0cb1f042be7909b99e1a94d	仓库文件	-
项目文件	文件	文件	tc-bignum/补丁库/02_修复/F25_pbot交易与踢人/修复-C2027缺Group头文件.md	2281	8b3ec8c1603047ece396951296cab92d97a584e5abe9da8eae92af72cc654bf2	仓库文件	-
项目文件	文件	文件	tc-bignum/补丁库/02_修复/F25_pbot交易与踢人/根因与修复.md	10754	40073b1a8a64043f0f9dc309cb4da02bf59ab885538f7534cb7f769b435994f0	仓库文件	-
项目文件	文件	文件	tc-bignum/补丁库/02_修复/F26_交易被距离自愈秒取消/根因与修复.md	10045	4485001723ff29c8414afeb1c8780c27493723af6102a395a907841e967bbd16	仓库文件	-
项目文件	文件	文件	tc-bignum/补丁库/02_修复/F27_交易仍被取消/定位-加日志.md	7547	824f24e1d0b7d0dc2d6c020160d9ae2408ab006a48c10bc4068510c3f54005e9	仓库文件	-
项目文件	文件	文件	tc-bignum/补丁库/02_修复/F27_交易仍被取消/根因-代码被重复粘贴3次.md	6250	c1ff323d5610e4f3f128bd4b3cd69298763b08dc5a48dd12d6040aa96153497f	仓库文件	-
项目文件	文件	文件	tc-bignum/补丁库/02_修复/F27_交易仍被取消/根因与修复.md	6914	d760da929164c0290e0b31e93afdfc5c4128b11388e2bc6508b62338d257ba84	仓库文件	-
项目文件	文件	文件	tc-bignum/补丁库/02_修复/F28_全面去重自检/你的检测结果分析.md	4724	738d244bacaf56e8155a8e9d03663ed3fdeb192512c075ea0e43b111aec253ba	仓库文件	-
项目文件	文件	文件	tc-bignum/补丁库/02_修复/F28_全面去重自检/工具使用说明.md	3286	72e2795da6422a83e809e7d40bc3a59247608f3883bde6f31e079a76bd03a906	仓库文件	-
项目文件	文件	文件	tc-bignum/补丁库/02_修复/F28_全面去重自检/重复代码自检清单.md	8824	e2b00d8a374af743cbeb3dfbe80dc8f51426a60399b9a9231d3063f8fac4ba2b	仓库文件	-
项目文件	文件	文件	tc-bignum/补丁库/02_修复/F29_party1刷屏根治/根因与修复.md	6563	b42d29e9859656a26662957f70974cb8413ad9a36bc4623b0755f9912113f6e5	仓库文件	-
项目文件	文件	文件	tc-bignum/补丁库/02_修复/F30_三问题一次定位/根因与修复.md	9722	bfc1866b0581a107d9113d273b44069cb38d2bb719fe00798e0a48dc5851b50b	仓库文件	-
项目文件	文件	文件	tc-bignum/补丁库/02_修复/F31_队长巡检真因/根因与修复.md	15046	717a5b57d899c23c720ff18bb78187f11f5a0df45e67bef643eca1537445d1e3	仓库文件	-
项目文件	文件	文件	tc-bignum/补丁库/02_修复/F32_ElvUI刷屏根治/根因与修复.md	9410	fe548f7a4defccbb29a722ccc25793048e4a331c2a6607f73ad8e7504538d98d	仓库文件	-
项目文件	文件	文件	tc-bignum/补丁库/02_修复/F33_套装给bot失败/根因与修复.md	11640	a6d4ace6da3c60289dce2c54b91d24be1f47aa0c0dd1401bbb40e2ab20eb70c7	仓库文件	-
项目文件	文件	文件	tc-bignum/补丁库/02_修复/F34_ElvUI刷屏抓真凶/探针与两条路.md	9377	12561d3eb3af28a32d1d15f990a404ffcb8a3400fefec426d094d371a8a152a1	仓库文件	-
项目文件	文件	文件	tc-bignum/补丁库/02_修复/F35_bot_ai中文修复/源文件/bot_ai.cpp	942700	6f77372756e168776da646a300d5f90b92e847a206735440164d4c2ac050286f	仓库文件	-
项目文件	文件	文件	tc-bignum/补丁库/02_修复/F35_bot_ai中文修复/源文件/bot_ai.h	41850	66c3c5809e761568fe8aa02de1b1aa51714991c42d5d383f36b90e40de642240	仓库文件	-
项目文件	文件	文件	tc-bignum/补丁库/02_修复/F35_bot_ai中文修复/说明.md	3642	5b6771906e62e6231950335d12defd9c4ce57330b13f4f74bc9225677a792dff	仓库文件	-
项目文件	文件	文件	tc-bignum/补丁库/02_修复/F36_游荡bot数量ASSERT崩服/根因与修复.md	4946	581586c0f845204886b2676b0a6ae957df22227c05dcf744e90ad491f9f62790	仓库文件	-
项目文件	文件	文件	tc-bignum/补丁库/02_修复/F37_切角色闪退与A42种族失效/根因与修复.md	9644	fda01948204b238de59876415463d70df14ab5a34b96bbab561942611b7fd14b	仓库文件	-
项目文件	文件	文件	tc-bignum/补丁库/02_修复/F38_切角色闪退真凶/根因与修复.md	5098	fefee1735b1ac59ac4ad36b9e4da2f8bb5641e847deed937e489f909d0e9d3c9	仓库文件	-
项目文件	文件	文件	tc-bignum/补丁库/02_修复/F39_游荡bot卡位不追击/根因与修复.md	6548	b4fb5955f51788b416bc4b3c6fcc0a03f49c7230bccdcb55097372f2d4b1f3f4	仓库文件	-
项目文件	文件	文件	tc-bignum/补丁库/02_修复/F40_剑圣镜像导致登出闪退/根因与修复.md	9371	602556d17778c673a109d4e8274ec77676ad8c7c8f7a0c5424953a97daa4ca18	仓库文件	-
项目文件	文件	文件	tc-bignum/补丁库/02_修复/F41_游荡bot不打中立怪与发呆/根因与修复.md	8274	b0bffdc54baa3db2397976a0e0605903732e8dfd30c0bff21723da4c277d8f2f	仓库文件	-
项目文件	文件	文件	tc-bignum/补丁库/02_修复/F42_招募游荡bot闪退/定位方案.md	6590	68b07899b2475ba7d9d125ac92c71fa736a948710245a1a3725eca831d7f52a3	仓库文件	-
项目文件	文件	文件	tc-bignum/补丁库/02_修复/F42_招募游荡bot闪退/根因与修复.md	7830	640f7403c3833dbf93647642649fda8430f206502e0518df51a1df76eeee57d3	仓库文件	-
项目文件	文件	文件	tc-bignum/补丁库/02_修复/F43_近战bot锁定不前进/根因与修复.md	8598	80a349ed82fa86698c6ce635ef48f6670411efede2440279e1b20aea7a73f1b2	仓库文件	-
项目文件	文件	文件	tc-bignum/补丁库/02_修复/F44R1_combo增益生命周期与治疗优先/01-真人失败根因与全职业审计.md	6569	a801be55f7d1e1445f3ebba51dd1efe4749acb595e055409a5f25c682752692a	仓库文件	-
项目文件	文件	文件	tc-bignum/补丁库/02_修复/F44R1_combo增益生命周期与治疗优先/02-安装编译与真人验收.md	10388	ea6c48af52660bdf3334dd9992d38fed83fb7d0f737b27a4cfd58381011165af	仓库文件	-
项目文件	文件	文件	tc-bignum/补丁库/02_修复/F44R1_combo增益生命周期与治疗优先/README.md	1838	11113a20b83c217262a56bb13f744abefb50d95edac8ab52e8acd9ffab8d272c	仓库文件	-
项目文件	文件	文件	tc-bignum/补丁库/02_修复/F44R1_combo增益生命周期与治疗优先/SHA256SUMS.txt	1623	8be13e0feaa0f18db62d46482fcb6a2f4a4c5d5a724b6f6530b17620778b55a5	仓库文件	-
项目文件	文件	文件	tc-bignum/补丁库/02_修复/F44R1_combo增益生命周期与治疗优先/install_f44r1_combo.py	8139	5e4d59bb5c0c83baa9e5fdff303b54425366b1b9ce75bb39ad29ec02c4953363	仓库文件	-
项目文件	文件	文件	tc-bignum/补丁库/02_修复/F44R1_combo增益生命周期与治疗优先/tests/run_f44r1_tests.sh	1823	40edc4b45f39bd5c005d278e4d99c680202f117aabd1405fe4802fda8597b74b	仓库文件	-
项目文件	文件	文件	tc-bignum/补丁库/02_修复/F44R1_combo增益生命周期与治疗优先/tests/test_f44r1_behavior.py	8421	44a240990df49c9da662384b64cf97e7c6ae44eb314e000669fb45d92f236e1e	仓库文件	-
项目文件	文件	文件	tc-bignum/补丁库/02_修复/F44R1_combo增益生命周期与治疗优先/tests/test_f44r1_static.py	6844	e9d21d8674ba736053b43e78c264dfdac5557e1aa11ea5776fcfeaf84964f593	仓库文件	-
项目文件	文件	文件	tc-bignum/补丁库/02_修复/F44R1_combo增益生命周期与治疗优先/原始文件/F44_真人缺陷版/CombatSpecData.cpp	66994	1cdd6d3a8b07a4915de60746c04848f00bae2608a9c9cd25982d6f6e6a14272e	仓库文件	-
项目文件	文件	文件	tc-bignum/补丁库/02_修复/F44R1_combo增益生命周期与治疗优先/原始文件/F44_真人缺陷版/CombatSpecData.h	8853	af3e9c2575b725fa50e7bee921d1f7612546e04b967cb2da149e4fe6a2bdd4a7	仓库文件	-
项目文件	文件	文件	tc-bignum/补丁库/02_修复/F44R1_combo增益生命周期与治疗优先/原始文件/F44_真人缺陷版/cs_combathelper.cpp	134155	5f31a5b97fa0ffe99d1472b370660dc86164ddf3f402bc16b030ee47418f31da	仓库文件	-
项目文件	文件	文件	tc-bignum/补丁库/02_修复/F44R1_combo增益生命周期与治疗优先/工具/gen_specdata_v3.py	32426	32dbef0cd954adad438e29e4c57dea8111268a31f0dfc704c0d7e4002c421c90	仓库文件	-
项目文件	文件	文件	tc-bignum/补丁库/02_修复/F44R1_combo增益生命周期与治疗优先/工具/specdata_v3_base.json	48910	4494069aa6b8a4764cfb2d8e1b3e5fe7019ee64228c8d673ff6fffbc2c6008a4	仓库文件	-
项目文件	文件	文件	tc-bignum/补丁库/02_修复/F44R1_combo增益生命周期与治疗优先/源文件/CombatSpecData.cpp	69039	d7bc0532ba16f2ead2ff5af81ee12329d70e172a0005afac302fa575cf224e56	仓库文件	-
项目文件	文件	文件	tc-bignum/补丁库/02_修复/F44R1_combo增益生命周期与治疗优先/源文件/CombatSpecData.h	9344	2f471943f67b4188ddee240114d0b9d6056225f1a81c45e73618098a3b49b74d	仓库文件	-
项目文件	文件	文件	tc-bignum/补丁库/02_修复/F44R1_combo增益生命周期与治疗优先/源文件/cs_combathelper.cpp	140646	209cd709d3f649261032a22f54407601dd30953984c23c8464cea6a939c4d4fc	仓库文件	-
项目文件	文件	文件	tc-bignum/补丁库/02_修复/F44R1_combo增益生命周期与治疗优先/证据/f44r1_local_regression_pass_20260821.txt	770	738eab8d1e0381a48349f8ea920e452ef4863ccb3232f7ac99df473cb246d6d4	仓库文件	-
项目文件	文件	文件	tc-bignum/补丁库/02_修复/F44R1_combo增益生命周期与治疗优先/证据/f44r1_new_binary_runtime_and_user_smoke_20260821.txt	1449	1e6d9b00346a06668fd4f783195c2ae39b45ead8e46a28d65ba9e198822ed933	仓库文件	-
项目文件	文件	文件	tc-bignum/补丁库/02_修复/F44R1_combo增益生命周期与治疗优先/证据/f44r1_windows_apply_postcheck_pass_20260821.txt	1773	8b9b890ececa3f7f50713da385befd8dcb2ba2da4d223ac4db81e67420055230	仓库文件	-
项目文件	文件	文件	tc-bignum/补丁库/02_修复/F44R1_combo增益生命周期与治疗优先/证据/f44r1_windows_build_pass_20260821.txt	1386	c7d6f027e26b91d1a1399bfd17b7f51e964d8aa9aa44ca0e3202d14e96d6f85f	仓库文件	-
项目文件	文件	文件	tc-bignum/补丁库/02_修复/F44R1_combo增益生命周期与治疗优先/证据/f44r1_windows_check_pass_20260821.txt	1133	12f2f861bb55235e4628e890c1581b858f9f5719b21dd79f1be778e978b4dce3	仓库文件	-
项目文件	文件	文件	tc-bignum/补丁库/02_修复/F44_combo道标与全职业目标策略/00-调查结论与修复设计.md	12071	742ae137faf72d270b402966c925bd98f07fc74fa68d3fe4fa05dc5406bcb275	仓库文件	-
项目文件	文件	文件	tc-bignum/补丁库/02_修复/F44_combo道标与全职业目标策略/01-真实源码探针执行说明.md	2839	19c9d0ee57578eb06a2917cd6c23c52b8c0b374d1095cfab49267564ed6f0b9c	仓库文件	-
项目文件	文件	文件	tc-bignum/补丁库/02_修复/F44_combo道标与全职业目标策略/02-首次命令相对路径错误_纠正.md	1355	0723bc3a8dd06143521c17ebc9ea6dde248e2bbc6918650fcae7be88d18ad618	仓库文件	-
项目文件	文件	文件	tc-bignum/补丁库/02_修复/F44_combo道标与全职业目标策略/04-F44安装编译验收与回滚.md	12524	668ea5075167176ebf0e9382578bcc8c175ebc21f9b80a353f08818dc6a2debf	仓库文件	-
项目文件	文件	文件	tc-bignum/补丁库/02_修复/F44_combo道标与全职业目标策略/ORIGINALS/CombatSpecData.cpp	62974	cd0d172eb3546b36665174ea155bd8a99e5f245bb6ed3059ce7cec3a87c1ebfd	仓库文件	-
项目文件	文件	文件	tc-bignum/补丁库/02_修复/F44_combo道标与全职业目标策略/ORIGINALS/CombatSpecData.h	8548	c01ab4cbe40b12cfd7f4ddf9916998ec43e6ea7bebf8f836f06dd14c4651ca9d	仓库文件	-
项目文件	文件	文件	tc-bignum/补丁库/02_修复/F44_combo道标与全职业目标策略/ORIGINALS/cs_combathelper.cpp	123792	2805de88e7a51bd20db1511b8b7e344d5abbe4216aaee357360ca29ad566e72d	仓库文件	-
项目文件	文件	文件	tc-bignum/补丁库/02_修复/F44_combo道标与全职业目标策略/ORIGINALS/gen_specdata_v3.py	24064	ee6a448b198b779ac56c26f0413ce7942f4cf111df87802fe3d5b67f6efa2f8a	仓库文件	-
项目文件	文件	文件	tc-bignum/补丁库/02_修复/F44_combo道标与全职业目标策略/install_f44_combo.py	8074	438842af667ce2426af2ed710f2308e3ddcab7ee9b471a46adad70918b283021	仓库文件	-
项目文件	文件	文件	tc-bignum/补丁库/02_修复/F44_combo道标与全职业目标策略/probe_combo_source.py	8263	0b215db4be55f19b85d4112d7a77de0f9851371fff1219296cfcd6dd41969db8	仓库文件	-
项目文件	文件	文件	tc-bignum/补丁库/02_修复/F44_combo道标与全职业目标策略/tests/run_f44_tests.sh	1891	2a263f7d3efd5e545edc91d7f64eb2deef0abf68461267698bdc1a256e1b8e62	仓库文件	-
项目文件	文件	文件	tc-bignum/补丁库/02_修复/F44_combo道标与全职业目标策略/tests/test_f44_behavior.py	5594	45491a68a1b881e0e79f44c4f799f833f1955daa782b168d64da9d33a6afde33	仓库文件	-
项目文件	文件	文件	tc-bignum/补丁库/02_修复/F44_combo道标与全职业目标策略/tests/test_f44_static.py	5398	791396aba5bb7020570213de05bbcb46595ae21649dcd78b815dbf9352666418	仓库文件	-
项目文件	文件	文件	tc-bignum/补丁库/02_修复/F44_combo道标与全职业目标策略/tools/gen_specdata_v3.py	29255	c06bf970ce7648dc8b186f819ae62bf0ea94e0ccdfd24a348fda022f6d70b72d	仓库文件	-
项目文件	文件	文件	tc-bignum/补丁库/02_修复/F44_combo道标与全职业目标策略/tools/specdata_v3_base.json	50060	58caf640425ed0846cc44589ea1bee72f78cba673c65255ea46f9658de714ae0	仓库文件	-
项目文件	文件	文件	tc-bignum/补丁库/02_修复/F44_combo道标与全职业目标策略/workspace_static_probe_20260821.txt	1838	7063837d28632858a402bbc4333d6194794075d85391bc02bb0f3bbab5da235b	仓库文件	-
项目文件	文件	文件	tc-bignum/补丁库/02_修复/F44_combo道标与全职业目标策略/源文件/CombatSpecData.cpp	66994	1cdd6d3a8b07a4915de60746c04848f00bae2608a9c9cd25982d6f6e6a14272e	仓库文件	-
项目文件	文件	文件	tc-bignum/补丁库/02_修复/F44_combo道标与全职业目标策略/源文件/CombatSpecData.h	8853	af3e9c2575b725fa50e7bee921d1f7612546e04b967cb2da149e4fe6a2bdd4a7	仓库文件	-
项目文件	文件	文件	tc-bignum/补丁库/02_修复/F44_combo道标与全职业目标策略/源文件/cs_combathelper.cpp	134155	5f31a5b97fa0ffe99d1472b370660dc86164ddf3f402bc16b030ee47418f31da	仓库文件	-
项目文件	文件	文件	tc-bignum/补丁库/02_修复/F44_combo道标与全职业目标策略/证据/03-真实源码探针判定_20260821.md	2465	25ad8e264728311821e757b58e32b82f176ecc079698b97004ee6f3d9862bda7	仓库文件	-
项目文件	文件	文件	tc-bignum/补丁库/02_修复/F44_combo道标与全职业目标策略/证据/actual_source_probe_20260821_184147_utf16le_original.txt	3624	372ef23bdb285b19caf673050baf753d523ef99e88cd47914e0c3ec3798cd3c3	仓库文件	-
项目文件	文件	文件	tc-bignum/补丁库/02_修复/F44_combo道标与全职业目标策略/证据/actual_source_probe_20260821_184147_utf8_normalized.txt	1782	c7209ce27ca33e91fbce93e4c403aa84949dfca2a61034f0de64539dafc30138	仓库文件	-
项目文件	文件	文件	tc-bignum/补丁库/02_修复/F44_combo道标与全职业目标策略/证据/f44_step1_delivery_selftest_check_pass_20260821.txt	1632	ac3e94d19cb873cdae7dda198c4737226ba5be4ebd9f205266744b506ca7e1b1	仓库文件	-
项目文件	文件	文件	tc-bignum/补丁库/02_修复/F44_combo道标与全职业目标策略/证据/f44_step2_real_apply_pass_20260821.txt	1950	79e4e4baaa889f8242135d4abdcd41209b3b2d357f4ea7d4d02b54786d9eff85	仓库文件	-
项目文件	文件	文件	tc-bignum/补丁库/02_修复/F44_combo道标与全职业目标策略/证据/f44_step3_windows_build_pass_20260821.txt	1444	d2166d5f2f4007dd7543d32a4c824f73473787f6db937e9112296452441beee4	仓库文件	-
项目文件	文件	文件	tc-bignum/补丁库/02_修复/F44_combo道标与全职业目标策略/证据/f44_step4_startup_smoke_pass_20260821.txt	870	a865c4d3461abef1713426f1dd7866559dea3131798f8a3bf60953c2733e5800	仓库文件	-
项目文件	文件	文件	tc-bignum/补丁库/02_修复/F45_AoE拾取随机漏尸与组队金币语义/F45_Apply.cmd	771	15cefa72eea5e0356d01547143ad50d7a9cae87347e6980c8039ebbcc3ba1e67	仓库文件	-
项目文件	文件	文件	tc-bignum/补丁库/02_修复/F45_AoE拾取随机漏尸与组队金币语义/F45_Check.cmd	413	21c63abba72eb720246d1f63e8a10fb357a9877c86d50f01a58485f44d690e1e	仓库文件	-
项目文件	文件	文件	tc-bignum/补丁库/02_修复/F45_AoE拾取随机漏尸与组队金币语义/F45_Rollback.cmd	731	5065b297117e8bb6f26f363e0f84d1d15caf951f4832abba58386cede649a123	仓库文件	-
项目文件	文件	文件	tc-bignum/补丁库/02_修复/F45_AoE拾取随机漏尸与组队金币语义/SHA256SUMS.txt	1183	eb3375ca0cbd8dcd6b2f2a9ff23bd1da0302a4a8b1d132f189a5a1f742c5f6dd	仓库文件	-
项目文件	文件	文件	tc-bignum/补丁库/02_修复/F45_AoE拾取随机漏尸与组队金币语义/install_f45.py	7065	e09d1c340a6d1614597494bf2a66ea89ef0630b0505ba9a0731728e011c67b47	仓库文件	-
项目文件	文件	文件	tc-bignum/补丁库/02_修复/F45_AoE拾取随机漏尸与组队金币语义/original/src/server/game/Custom/CustomAoELoot.cpp	14635	9a88008a895eb3b70eddbf8fe81d7cbefcd0cc285eb18bf460bc06c086af95c5	仓库文件	-
项目文件	文件	文件	tc-bignum/补丁库/02_修复/F45_AoE拾取随机漏尸与组队金币语义/original/src/server/game/Custom/CustomAoELoot.h	2325	4cb423d0f854406f6aadbb7421af3782a90c1a8262d892ee3935e535ec5af6c6	仓库文件	-
项目文件	文件	文件	tc-bignum/补丁库/02_修复/F45_AoE拾取随机漏尸与组队金币语义/original/src/server/game/Handlers/LootHandler.cpp	20024	35ef90116a1eaf8f3a847fc4e3b4b5c9815afe6f973433d42a56ccd755d436c5	仓库文件	-
项目文件	文件	文件	tc-bignum/补丁库/02_修复/F45_AoE拾取随机漏尸与组队金币语义/payload/src/server/game/Custom/CustomAoELoot.cpp	18270	3492330facc3ea250be60e9496a60eab1df4d6a1a05e31179bd527713c8b1cda	仓库文件	-
项目文件	文件	文件	tc-bignum/补丁库/02_修复/F45_AoE拾取随机漏尸与组队金币语义/payload/src/server/game/Custom/CustomAoELoot.h	1709	11428566fc7c4a79ab20a65f639b1ec0d287a212a5fc639c27b6d040d8339e31	仓库文件	-
项目文件	文件	文件	tc-bignum/补丁库/02_修复/F45_AoE拾取随机漏尸与组队金币语义/payload/src/server/game/Handlers/LootHandler.cpp	20374	8003bc7e3e7343c7383c9039f9ed8602d7d83e0561a45de1109522f7130ac124	仓库文件	-
项目文件	文件	文件	tc-bignum/补丁库/02_修复/F45_AoE拾取随机漏尸与组队金币语义/tests/f45_selftest.py	8256	4dffbdac690f8dd2ed24dd6c1783bf1491baf2d412989fc2b83e381e1192843d	仓库文件	-
项目文件	文件	文件	tc-bignum/补丁库/02_修复/F45_AoE拾取随机漏尸与组队金币语义/安装说明.md	7722	87802f574aebee40a552d37c1e95969fb2d03cb23e21c7b77a84b9009f3919ea	仓库文件	-
项目文件	文件	文件	tc-bignum/补丁库/02_修复/G17B1R1_PowerShell原生参数卡死修复/00-根因修复与状态.md	1268	d9d3708653c796c2a1cd1d07055adbc177094f1189629c897a7f38262928daa1	仓库文件	-
项目文件	文件	文件	tc-bignum/补丁库/02_修复/G17B1R1_PowerShell原生参数卡死修复/original/Install-Build-G17B1-Windows.ps1	5735	e40e374a1abce3f4fab9801491ea23e218d0e1f92a5a57a11e6bea5cece370bf	仓库文件	-
项目文件	文件	文件	tc-bignum/补丁库/02_修复/G17B1R1_PowerShell原生参数卡死修复/original/Rollback-Build-G17B1-Windows.ps1	2690	8b2fff8d1bd2f5ce040ed08ad3add65e6a17f81f4451ac1f677d2c973b9a6a66	仓库文件	-
项目文件	文件	文件	tc-bignum/补丁库/02_修复/G17B1R1_PowerShell原生参数卡死修复/payload/Install-Build-G17B1R1-Windows.ps1	6149	ca9458fcc893ea56a9f08e066406dd32278d7652f17c882629859d15fac5711b	仓库文件	-
项目文件	文件	文件	tc-bignum/补丁库/02_修复/G17B1R1_PowerShell原生参数卡死修复/payload/Rollback-Build-G17B1R1-Windows.ps1	3056	6107f58452d0143b874a92cfb59d5c616ea3aedbe8349275f20e7333cb1140df	仓库文件	-
项目文件	文件	文件	tc-bignum/补丁库/02_修复/G17B1R1_PowerShell原生参数卡死修复/tests/test_g17b1r1_native_semantics.ps1	1516	fd250df6982a14aef5c3d9cf0cc5bb2fb188726bccc4abd3ce6c8acd5ca0abc4	仓库文件	-
项目文件	文件	文件	tc-bignum/补丁库/02_修复/G17B1R1_PowerShell原生参数卡死修复/tests/test_g17b1r1_static.py	926	b617f775d7e316335a41ecada20fb2e1ba03722f7c7c0ceb5b882558ec95d894	仓库文件	-
项目文件	文件	文件	tc-bignum/补丁库/02_修复/G17B1R1_PowerShell原生参数卡死修复/证据/g17b1_source_lifecycle_20260823.txt	721	011f2dac45731e2e9c3644783a37b03cb5836be8b14e77b9cbd731eba4a703c6	仓库文件	-
项目文件	文件	文件	tc-bignum/补丁库/02_修复/G17B1R1_PowerShell原生参数卡死修复/证据/g17b1r1_offline_validation_20260823.txt	484	5a5572305e8f51a4646c67f8c0735585f332a1512ba955684635407c2296a55e	仓库文件	-
项目文件	文件	文件	tc-bignum/补丁库/02_修复/G17B1R1_PowerShell原生参数卡死修复/证据/g17b1r1_script_hashes_20260823.txt	812	12f147d6f352a338b64fd07905f486c0d12e8053bb90fb74f565a3497f9d7c48	仓库文件	-
项目文件	文件	文件	tc-bignum/补丁库/02_修复/G17B1R2_PDB前时间戳快照假失败修复/00-根因修复与状态.md	915	5808e3caa983e34a0f5f35a29a8f2aba74217b14c75f21b584ddecc047c58245	仓库文件	-
项目文件	文件	文件	tc-bignum/补丁库/02_修复/G17B1R2_PDB前时间戳快照假失败修复/original/Install-Build-G17B1R1-Windows.ps1	6149	ca9458fcc893ea56a9f08e066406dd32278d7652f17c882629859d15fac5711b	仓库文件	-
项目文件	文件	文件	tc-bignum/补丁库/02_修复/G17B1R2_PDB前时间戳快照假失败修复/payload/Install-Build-G17B1R2-Windows.ps1	6257	5ee79539aff326b71704a16a291b6ba695f66ff250a570dbca54662883d19efc	仓库文件	-
项目文件	文件	文件	tc-bignum/补丁库/02_修复/G17B1R2_PDB前时间戳快照假失败修复/tests/test_g17b1r2_timestamp_snapshot.py	644	297c3ff827522720ef43ba28d949c740a267d6b800ab54919a1700432006dd55	仓库文件	-
项目文件	文件	文件	tc-bignum/补丁库/02_修复/G17B1R2_PDB前时间戳快照假失败修复/证据/g17b1r2_script_hashes_20260823.txt	411	7b2a4e688e09d1b7236df5aaf303d82c83bc1c74d731a4aeaf84afb35ff809cb	仓库文件	-
项目文件	文件	文件	tc-bignum/补丁库/02_修复/G17B1R3_权威座位占用验证与误清理修复/00-根因修复与状态.md	1415	272acfc2167854e10daf43ba636280517df4c7bfd0e14ac7bec7c65cb83af5dc	仓库文件	-
项目文件	文件	文件	tc-bignum/补丁库/02_修复/G17B1R3_权威座位占用验证与误清理修复/original/src/server/scripts/Commands/cs_dragonriding.cpp	31648	2c7594d0f1428a767570063ac90c5f816991bf1d883fe61e45a1a28902a68199	仓库文件	-
项目文件	文件	文件	tc-bignum/补丁库/02_修复/G17B1R3_权威座位占用验证与误清理修复/payload/src/server/scripts/Commands/cs_dragonriding.cpp	32539	94ff80334783e8883f0811a1a7f76595d91b729cc43684f00273abb9d955628b	仓库文件	-
项目文件	文件	文件	tc-bignum/补丁库/02_修复/G17B1R3_权威座位占用验证与误清理修复/tests/test_g17b1r3.py	3390	b0fa209fd0080f05ac381e5b57b41be0c780b4848d517827a3aa94ecb2174e26	仓库文件	-
项目文件	文件	文件	tc-bignum/补丁库/02_修复/G17B1R3_权威座位占用验证与误清理修复/tools/apply_g17b1r3_source.py	2315	66afff243ab3586a8c7fc32758d9a7c9f452be7524f29aa8957cc31adb2538bf	仓库文件	-
项目文件	文件	文件	tc-bignum/补丁库/02_修复/G17B1R3_权威座位占用验证与误清理修复/证据/g17b1r3_local_validation_20260823.txt	616	8f487a30d290d36cc699c15474e105f1b9feaf675952edf6dfa32dd153fa5221	仓库文件	-
G17-B1R4	历史批次	Runtime PASS后关闭	tc-bignum/补丁库/02_修复/G17B1R4_室内实时安全清理修复/00-根因修复与状态.md	1713	f0a2ec0282b3d00f32ad817983e513853033818f13e56805cf22d9bd04b73b7c	历史证据	B1已关闭；历史证据保留；禁止重复执行
G17-B1R4	历史批次	Runtime PASS后关闭	tc-bignum/补丁库/02_修复/G17B1R4_室内实时安全清理修复/original/src/server/scripts/Commands/cs_dragonriding.cpp	32539	94ff80334783e8883f0811a1a7f76595d91b729cc43684f00273abb9d955628b	历史证据	B1已关闭；历史证据保留；禁止重复执行
G17-B1R4	历史批次	Runtime PASS后关闭	tc-bignum/补丁库/02_修复/G17B1R4_室内实时安全清理修复/payload/src/server/scripts/Commands/cs_dragonriding.cpp	34265	e9418704731a2d9cd5119cc2024079a2326802796d00bf24e88928dd17ea7059	历史证据	B1已关闭；历史证据保留；禁止重复执行
G17-B1R4	历史批次	Runtime PASS后关闭	tc-bignum/补丁库/02_修复/G17B1R4_室内实时安全清理修复/tests/test_g17b1r4.py	3674	b0529140844fc89ba5a1f048be6cd0b9736220c4a69beee6a2c736b537ff12af	历史证据	B1已关闭；历史证据保留；禁止重复执行
G17-B1R4	历史批次	Runtime PASS后关闭	tc-bignum/补丁库/02_修复/G17B1R4_室内实时安全清理修复/tools/apply_g17b1r4_source.py	2315	96fb3881ac19c050c3d2944d1abd303a619d616665fc94b7b036798269d0c00f	历史证据	B1已关闭；历史证据保留；禁止重复执行
G17-B1R4	历史批次	Runtime PASS后关闭	tc-bignum/补丁库/02_修复/G17B1R4_室内实时安全清理修复/证据/g17b1r4_local_validation_20260823.txt	830	ede28705f5134c750e620fb1cf4f12bbf028ee55dbceae36543d30dcd7e47473	历史证据	B1已关闭；历史证据保留；禁止重复执行
G17-B1R5	历史批次	Runtime PASS后关闭	tc-bignum/补丁库/02_修复/G17B1R5_包装坐骑与无降落伞清理修复/00-根因修复与状态.md	2967	188f213aad184274b142497636a260a741768f8cc138d773846d8671666b3ca6	历史证据	B1已关闭；历史证据保留；禁止重复执行
G17-B1R5	历史批次	Runtime PASS后关闭	tc-bignum/补丁库/02_修复/G17B1R5_包装坐骑与无降落伞清理修复/original/src/server/scripts/Commands/cs_dragonriding.cpp	34265	e9418704731a2d9cd5119cc2024079a2326802796d00bf24e88928dd17ea7059	历史证据	B1已关闭；历史证据保留；禁止重复执行
G17-B1R5	历史批次	Runtime PASS后关闭	tc-bignum/补丁库/02_修复/G17B1R5_包装坐骑与无降落伞清理修复/payload/src/server/scripts/Commands/cs_dragonriding.cpp	37768	35af002b09b5d8112bbc1aaa1750f4a6245adec8b7c91a7852d69bdd283668b8	历史证据	B1已关闭；历史证据保留；禁止重复执行
G17-B1R5	历史批次	Runtime PASS后关闭	tc-bignum/补丁库/02_修复/G17B1R5_包装坐骑与无降落伞清理修复/tests/test_g17b1r5.py	9160	9c496e67e3f8349129ee5cb134dba7b0bc0669f357bfc5c853898a5f58f7a04d	历史证据	B1已关闭；历史证据保留；禁止重复执行
G17-B1R5	历史批次	Runtime PASS后关闭	tc-bignum/补丁库/02_修复/G17B1R5_包装坐骑与无降落伞清理修复/tools/apply_g17b1r5_source.py	2967	55b96880a4cda104d13705c46ff1a14c341f9b0f97a2cf7ad8e062ffc5c273ae	历史证据	B1已关闭；历史证据保留；禁止重复执行
G17-B1R5	历史批次	Runtime PASS后关闭	tc-bignum/补丁库/02_修复/G17B1R5_包装坐骑与无降落伞清理修复/tools/inspect_g17b1r5_wrapper_spells.py	2567	f658e05e5935101e5e0fffd252a96b84383e73f22c338ceda20a17fb51a76da9	历史证据	B1已关闭；历史证据保留；禁止重复执行
G17-B1R5	历史批次	Runtime PASS后关闭	tc-bignum/补丁库/02_修复/G17B1R5_包装坐骑与无降落伞清理修复/证据/g17b1r5_local_validation_20260823.txt	1359	521a9b8a8d48af14405faba41b3b9476d959980645da90a77e2f8a97290ffad0	历史证据	B1已关闭；历史证据保留；禁止重复执行
G17-B1R5	历史批次	Runtime PASS后关闭	tc-bignum/补丁库/02_修复/G17B1R5_包装坐骑与无降落伞清理修复/证据/g17b1r5_wrapper_spell_analysis_20260823.md	4280	ab7a5dff946c39f68c0af3b40197ccb40f70f8fdf577bd547dc77e4a44dce373	历史证据	B1已关闭；历史证据保留；禁止重复执行
G17-B2R1	修复批次	Windows PASS/Runtime待验收	tc-bignum/补丁库/02_修复/G17B2R1_三技能体验重制/00-G17B2R1_实现与验收状态.md	3958	ef1a766bb76aef8d71ade06e1683d39946969aa33c82beb661fb41bd68fd2df5	当前权威	三技能重制、World安全迁移、安全回滚、52项测试与证据
G17-B2R1	修复批次	Windows PASS/Runtime待验收	tc-bignum/补丁库/02_修复/G17B2R1_三技能体验重制/original/src/server/scripts/Commands/cs_dragonriding.cpp	60897	8b47a5b507bc281198363972e10f91ab0ed3784ad920cf810bd20eacfb6ec1d5	当前权威	三技能重制、World安全迁移、安全回滚、52项测试与证据
G17-B2R1	修复批次	Windows PASS/Runtime待验收	tc-bignum/补丁库/02_修复/G17B2R1_三技能体验重制/payload/src/server/scripts/Commands/cs_dragonriding.cpp	74448	ff185d9987b8f4457d8380e1c662cd0313b33a7ae4be6b82974e7702d1fdc4fc	当前权威	三技能重制、World安全迁移、安全回滚、52项测试与证据
G17-B2R1	修复批次	Windows PASS/Runtime待验收	tc-bignum/补丁库/02_修复/G17B2R1_三技能体验重制/rollback_safe/src/server/scripts/Commands/cs_dragonriding.cpp	61267	e298a856edcf366b09934c3635ea8493b6d4e529d9fa2dbf2de2bce77b5b0203	当前权威	三技能重制、World安全迁移、安全回滚、52项测试与证据
G17-B2R1	修复批次	Windows PASS/Runtime待验收	tc-bignum/补丁库/02_修复/G17B2R1_三技能体验重制/sql/G17B2R1_world_safety_migration.sql	3075	b4526c241e8c8a012f3463038c40d8ca251749f91305939449b1098732e88b66	当前权威	三技能重制、World安全迁移、安全回滚、52项测试与证据
G17-B2R1	修复批次	Windows PASS/Runtime待验收	tc-bignum/补丁库/02_修复/G17B2R1_三技能体验重制/tests/test_g17b2r1.py	16772	8c940ee793bf49abe883e3051a58110284dbc7d8c3df81685d74c355334ec9c2	当前权威	三技能重制、World安全迁移、安全回滚、52项测试与证据
G17-B2R1	修复批次	Windows PASS/Runtime待验收	tc-bignum/补丁库/02_修复/G17B2R1_三技能体验重制/tools/apply_g17b2r1_source.py	3589	2db8348d659d1bda667475b0b15a596bb14dd60fb56ed0382aa75c049c3e61d1	当前权威	三技能重制、World安全迁移、安全回滚、52项测试与证据
G17-B2R1	修复批次	Windows PASS/Runtime待验收	tc-bignum/补丁库/02_修复/G17B2R1_三技能体验重制/证据/G17B2R1_52226_project_dbc_audit.txt	427	5865ecc1eed88b205f381dc2dcdd075927af1807bbb0a9a7feceb180377aefda	当前权威	三技能重制、World安全迁移、安全回滚、52项测试与证据
G17-B2R1	修复批次	Windows PASS/Runtime待验收	tc-bignum/补丁库/02_修复/G17B2R1_三技能体验重制/证据/G17B2R1_52226_world_preimage_collision_audit.txt	357	a4847fb6180eb7413d274b81a2f798a7d2ddc31856921dd09f414fde69635953	当前权威	三技能重制、World安全迁移、安全回滚、52项测试与证据
G17-B2R1	修复批次	Windows PASS/Runtime待验收	tc-bignum/补丁库/02_修复/G17B2R1_三技能体验重制/证据/G17B2R1_local_validation_20260824.txt	1458	01d7b681873d4a7101a9cf61b441222d07173b3fe9b7bb7608af6dadc03c1476	当前权威	三技能重制、World安全迁移、安全回滚、52项测试与证据
G17-B2R1	修复批次	Windows PASS/Runtime待验收	tc-bignum/补丁库/02_修复/G17B2R1_三技能体验重制/证据/G17B2R1_visual_kit_audit.txt	1190	8a915de6a37c0b7cb2dd47898fd15b63a995b5154516ed19861a266f548f1abe	当前权威	三技能重制、World安全迁移、安全回滚、52项测试与证据
G17-B2	历史失败批次	Runtime体验FAIL后封存	tc-bignum/补丁库/02_修复/G17B2_完整御空术与特色降落/00-完整御空实现与状态.md	3779	b9f4c2e25720a84abf5c733b40e33b1481f3a8374760648223b625c2c7f66ea8	历史证据	真实部署成功但整体体验FAIL；由B2R1取代，禁止重跑
G17-B2	历史失败批次	Runtime体验FAIL后封存	tc-bignum/补丁库/02_修复/G17B2_完整御空术与特色降落/original/src/server/scripts/Commands/cs_dragonriding.cpp	37768	35af002b09b5d8112bbc1aaa1750f4a6245adec8b7c91a7852d69bdd283668b8	历史证据	真实部署成功但整体体验FAIL；由B2R1取代，禁止重跑
G17-B2	历史失败批次	Runtime体验FAIL后封存	tc-bignum/补丁库/02_修复/G17B2_完整御空术与特色降落/payload/src/server/scripts/Commands/cs_dragonriding.cpp	60897	8b47a5b507bc281198363972e10f91ab0ed3784ad920cf810bd20eacfb6ec1d5	历史证据	真实部署成功但整体体验FAIL；由B2R1取代，禁止重跑
G17-B2	历史失败批次	Runtime体验FAIL后封存	tc-bignum/补丁库/02_修复/G17B2_完整御空术与特色降落/tests/test_g17b2.py	10871	4e41b9a11cf2a75bbb72143e9a1ff6110105f126cee5f3fe11f75e027038ca9d	历史证据	真实部署成功但整体体验FAIL；由B2R1取代，禁止重跑
G17-B2	历史失败批次	Runtime体验FAIL后封存	tc-bignum/补丁库/02_修复/G17B2_完整御空术与特色降落/tools/apply_g17b2_source.py	2949	9068d1c94999d4d529014a8abaf7ad73dc8c577a770be9d119b9defb38959c34	历史证据	真实部署成功但整体体验FAIL；由B2R1取代，禁止重跑
G17-B2	历史失败批次	Runtime体验FAIL后封存	tc-bignum/补丁库/02_修复/G17B2_完整御空术与特色降落/证据/g17b2_local_validation_20260823.txt	1506	0d9ab0cd2a6cb02376a622481868b8545b455570d7b951c7f4c7bc8deac6e3ca	历史证据	真实部署成功但整体体验FAIL；由B2R1取代，禁止重跑
项目文件	文件	文件	tc-bignum/补丁库/02_修复/G17R1_御龙入座与纯飞行坐骑/00-修复说明与状态.md	5274	372566a11077280d2b13bb32fd0777ef3510d594f48a284e901d02f98d55e3ce	仓库文件	-
项目文件	文件	文件	tc-bignum/补丁库/02_修复/G17R1_御龙入座与纯飞行坐骑/original/src/server/scripts/Commands/cs_dragonriding.cpp	16463	c9535dca3390ece6735e6ff6b7418ed99ff206628b5e8febd7b78b05cba999bd	仓库文件	-
项目文件	文件	文件	tc-bignum/补丁库/02_修复/G17R1_御龙入座与纯飞行坐骑/payload/src/server/scripts/Commands/cs_dragonriding.cpp	24260	10a7002db4c173e441836870da01dd3009a7ba470369ca1a89bdb399ee9b2f45	仓库文件	-
项目文件	文件	文件	tc-bignum/补丁库/02_修复/G17R1_御龙入座与纯飞行坐骑/tests/test_g17r1_runtime_fix.py	7356	88f6d599ada69d8cb52da2cbaa32d69d8f2d871bea03fdb9fc3b8a5c34f9296a	仓库文件	-
项目文件	文件	文件	tc-bignum/补丁库/02_修复/G17R1_御龙入座与纯飞行坐骑/tools/apply_g17r1_source.py	6518	1297ba4de16cc65e3cde121dac8c7c0caa1030c41a66c7a3ea01e90e214ab228	仓库文件	-
项目文件	文件	文件	tc-bignum/补丁库/02_修复/G17R1_御龙入座与纯飞行坐骑/tools/patch_g17r1_client_spell_dbc.py	12101	5bd1d60c58c7c6117c528d715fabdd6f2887be86b0620371d4d306b7c91bab54	仓库文件	-
项目文件	文件	文件	tc-bignum/补丁库/02_修复/G17R2_纯飞行坐骑服务端严格门/00-开发状态与验收.md	3470	c6899d39999d892527ca9a2dae1598828c8eb3a695e415b05192f3cd84d6bee5	仓库文件	-
项目文件	文件	文件	tc-bignum/补丁库/02_修复/G17R2_纯飞行坐骑服务端严格门/original/src/server/game/Spells/SpellInfo.cpp	182275	537e5c350baa5f4a90bd0ec38c6b6858360e287aeabd75ab54050b4432e50755	仓库文件	-
项目文件	文件	文件	tc-bignum/补丁库/02_修复/G17R2_纯飞行坐骑服务端严格门/payload/src/server/game/Spells/SpellInfo.cpp	182907	73d52ac0feb67a32822fc0bf086a9174ba7ef0bc186223cdc8a690f48fccb9e2	仓库文件	-
项目文件	文件	文件	tc-bignum/补丁库/02_修复/G17R2_纯飞行坐骑服务端严格门/tests/test_g17r2.py	7948	034413dad6dd7e21e12314fe4dc9509d3f00c46b1af530288f1d96951a3331c3	仓库文件	-
项目文件	文件	文件	tc-bignum/补丁库/02_修复/G17R2_纯飞行坐骑服务端严格门/tools/apply_g17r2_source.py	6749	f0da799574ec24fd5103680ed42c428a07d81cb0792828e6c25a119f6c97af28	仓库文件	-
项目文件	文件	文件	tc-bignum/补丁库/02_修复/G17R3_客户端旧世界AreaTable飞行门/00-修复说明与状态.md	3271	4186e3c18fdc0de5d98857aa203d0e3f817d6ba5869e4731fb10a9c4a8ac5503	仓库文件	-
项目文件	文件	文件	tc-bignum/补丁库/02_修复/G17R3_客户端旧世界AreaTable飞行门/original/DBFilesClient/AreaTable.dbc	362740	b0356ff41e5777896509ec52bc68af516b67d82a659dbc47757960aef98b62dd	仓库文件	-
项目文件	文件	文件	tc-bignum/补丁库/02_修复/G17R3_客户端旧世界AreaTable飞行门/original/src/server/game/Spells/SpellInfo.cpp	182907	73d52ac0feb67a32822fc0bf086a9174ba7ef0bc186223cdc8a690f48fccb9e2	仓库文件	-
项目文件	文件	文件	tc-bignum/补丁库/02_修复/G17R3_客户端旧世界AreaTable飞行门/payload/DBFilesClient/AreaTable.dbc	362740	214c6935d11b784f0bf5e4855fb756126d9d667d622a346c3124ae748812b6a8	仓库文件	-
项目文件	文件	文件	tc-bignum/补丁库/02_修复/G17R3_客户端旧世界AreaTable飞行门/payload/src/server/game/Spells/SpellInfo.cpp	183226	c3ec2237ed6da8831662a8b7a5d45cf88f8efc7798cdd35c52a07700fa9cbcbf	仓库文件	-
项目文件	文件	文件	tc-bignum/补丁库/02_修复/G17R3_客户端旧世界AreaTable飞行门/tests/test_g17r3.py	9831	5e25c459037996e0bfe007dc3296ba4176a86a756bf759bc8f7904fa5481eb50	仓库文件	-
项目文件	文件	文件	tc-bignum/补丁库/02_修复/G17R3_客户端旧世界AreaTable飞行门/tools/apply_g17r3_server_source.py	4636	e9a33152a316084b78f336be4216a95d64d9fb4df664799dcef63f35ecb2ec45	仓库文件	-
项目文件	文件	文件	tc-bignum/补丁库/02_修复/G17R3_客户端旧世界AreaTable飞行门/tools/patch_g17r3_client_areatable_dbc.py	9808	3cdbdde4ce988164d64a8b4cb91ef3833b06332d26a7adf409a96be683f176de	仓库文件	-
项目文件	文件	文件	tc-bignum/补丁库/02_修复/G17R4_客户端旧世界双飞行标志与双槽加载/00-修复说明与状态.md	1777	af9292dddc73589833c57f77614eadf5aa49dc5d90f30fcb224e60ce1ba4cf08	仓库文件	-
项目文件	文件	文件	tc-bignum/补丁库/02_修复/G17R4_客户端旧世界双飞行标志与双槽加载/original/DBFilesClient/AreaTable.R3.dbc	362740	214c6935d11b784f0bf5e4855fb756126d9d667d622a346c3124ae748812b6a8	仓库文件	-
项目文件	文件	文件	tc-bignum/补丁库/02_修复/G17R4_客户端旧世界双飞行标志与双槽加载/original/DBFilesClient/AreaTable.stock.dbc	362740	b0356ff41e5777896509ec52bc68af516b67d82a659dbc47757960aef98b62dd	仓库文件	-
项目文件	文件	文件	tc-bignum/补丁库/02_修复/G17R4_客户端旧世界双飞行标志与双槽加载/payload/DBFilesClient/AreaTable.dbc	362740	1acef997a27f844a8abee9b477c44f2097f745168c6df85ece6b1a135568c233	仓库文件	-
项目文件	文件	文件	tc-bignum/补丁库/02_修复/G17R4_客户端旧世界双飞行标志与双槽加载/tests/test_g17r4.py	3773	9ab2b98b4a3364799fc15c00854d23b0b8044951fc1819f0dcf0349a565e839c	仓库文件	-
项目文件	文件	文件	tc-bignum/补丁库/02_修复/G17R4_客户端旧世界双飞行标志与双槽加载/tools/patch_g17r4_client_areatable_dbc.py	10104	f678d7e9245b5b87228737d121e9c3d90efa88feb3a3f45437370c41686979e4	仓库文件	-
项目文件	文件	文件	tc-bignum/补丁库/02_修复/G23P2R1_tp菜单跨state会话修复/G23P2R1_Apply.cmd	781	6f04fa39fccbfb1f4f28f860db4482cb6dfdb02f49be701b4e02c4c016bb2fd1	仓库文件	-
项目文件	文件	文件	tc-bignum/补丁库/02_修复/G23P2R1_tp菜单跨state会话修复/G23P2R1_Check.cmd	566	9c79d867a1da6a914bd16fa47f80adaeb58dfdc13551e524de0a241e8f8831b6	仓库文件	-
项目文件	文件	文件	tc-bignum/补丁库/02_修复/G23P2R1_tp菜单跨state会话修复/G23P2R1_Rollback.cmd	735	558b5c937a178ebe7930171acc08dc21f8351f3f441915dc3b58f30aefe2cd40	仓库文件	-
项目文件	文件	文件	tc-bignum/补丁库/02_修复/G23P2R1_tp菜单跨state会话修复/README.md	553	681ab6b674374e7ff3155b3e49e529ca810f35f95aa4abcc26ee903357e5f797	仓库文件	-
项目文件	文件	文件	tc-bignum/补丁库/02_修复/G23P2R1_tp菜单跨state会话修复/SHA256SUMS.txt	1226	e8d7fda1d29fb9354d2eabe0a0ed07e113005c1126a34d64449e0905cf604fec	仓库文件	-
项目文件	文件	文件	tc-bignum/补丁库/02_修复/G23P2R1_tp菜单跨state会话修复/evidence/g23p2r1_root_cause_and_local_acceptance_20260822.txt	1423	0289f6b4786dbf72cbac21bd62e2f8ec6c68e0c38f565097330e2ab5fa81dc85	仓库文件	-
项目文件	文件	文件	tc-bignum/补丁库/02_修复/G23P2R1_tp菜单跨state会话修复/install_g23p2r1.py	5326	bb8b905793b70f2e313afe6346cc4d639d03af363cdc390d3b52170b250f796a	仓库文件	-
项目文件	文件	文件	tc-bignum/补丁库/02_修复/G23P2R1_tp菜单跨state会话修复/original/lua_scripts/custom_teleport.lua	11650	9578875f6f9aebb3e50dee1fa9947166360799a4af56c145489d722a29c73b95	仓库文件	-
项目文件	文件	文件	tc-bignum/补丁库/02_修复/G23P2R1_tp菜单跨state会话修复/payload/lua_scripts/custom_teleport.lua	12305	b84e7c1da66d45c781564917a06cc87b92c693e41964305bdab42068c42a0a23	仓库文件	-
项目文件	文件	文件	tc-bignum/补丁库/02_修复/G23P2R1_tp菜单跨state会话修复/tests/cross_state_regression.lua	2980	8b3904e0c3b16471445b4f1c75cd5cc566b72dcb85e4ec3146c69d3656dce484	仓库文件	-
项目文件	文件	文件	tc-bignum/补丁库/02_修复/G23P2R1_tp菜单跨state会话修复/tests/run_g23p2r1_tests.sh	1318	285fe02d7ee3802a70a75a354a1d9b9d0c4d3a228c21d7afb3f4fe2d5217ec2d	仓库文件	-
项目文件	文件	文件	tc-bignum/补丁库/02_修复/G23P2R1_tp菜单跨state会话修复/tests/teleport_stateless_mock.lua	5747	7d13f0127aa56d6fb0f8f427b4c1c99e89cb95e74247cacc8073b33dfe5c8069	仓库文件	-
项目文件	文件	文件	tc-bignum/补丁库/02_修复/G23P2R1_tp菜单跨state会话修复/tests/test_g23p2r1_static.py	1661	09d43e4d011a19c8ed3eb548f6706a7125a280528dcb81ba13c3537041c28e6a	仓库文件	-
项目文件	文件	文件	tc-bignum/补丁库/02_修复/G23P2R1_tp菜单跨state会话修复/安装说明.md	2690	74348086068562708a63bd9ccd43c7cdf24fc3568d93e7b56bb1f7246b6239b6	仓库文件	-
项目文件	文件	文件	tc-bignum/补丁库/02_修复/G23P2_Lua稳定性与安全门/G23P2_Apply.cmd	838	2ece8eb5153c48b385ba3e2e8a66707933650c46d797c983b5d329940325c183	仓库文件	-
项目文件	文件	文件	tc-bignum/补丁库/02_修复/G23P2_Lua稳定性与安全门/G23P2_Check.cmd	567	5d8450a91c21ab1235f1dc43fc3ad2858bf981d3993276794733b3db3a196ce5	仓库文件	-
项目文件	文件	文件	tc-bignum/补丁库/02_修复/G23P2_Lua稳定性与安全门/G23P2_Rollback.cmd	769	abcfb20360dacc3cd31db87cd9f308fedc35e23f173707253326082df3ac42dd	仓库文件	-
项目文件	文件	文件	tc-bignum/补丁库/02_修复/G23P2_Lua稳定性与安全门/README.md	385	9c6160245dcf81036cd4aca3510a328ac1bfcbd40f1a55f21010a3862663b468	仓库文件	-
项目文件	文件	文件	tc-bignum/补丁库/02_修复/G23P2_Lua稳定性与安全门/SHA256SUMS.txt	3597	0277cd2b39b7aad68a593405a7d7045f51e5aedf55d7a60126123e07c20428eb	仓库文件	-
项目文件	文件	文件	tc-bignum/补丁库/02_修复/G23P2_Lua稳定性与安全门/evidence/g23p2_api_and_design_audit_20260822.txt	2326	a713874b1ca96e94f562cc5223fe20370742e2600f2dea3ae12bf998a2e3927b	仓库文件	-
项目文件	文件	文件	tc-bignum/补丁库/02_修复/G23P2_Lua稳定性与安全门/evidence/g23p2_local_acceptance_20260822.txt	1471	8f16c6111364550e974cf4f74dbde310409a3302edba30321d4093825f9d0e6c	仓库文件	-
项目文件	文件	文件	tc-bignum/补丁库/02_修复/G23P2_Lua稳定性与安全门/install_g23p2.py	9674	09704d5643a183f1e5eb93f97e9482f10f95e168bddc1e84affb04dd43a85b6d	仓库文件	-
项目文件	文件	文件	tc-bignum/补丁库/02_修复/G23P2_Lua稳定性与安全门/original/lua_scripts/bignum_selftest.lua	7813	7b0ba63fa13ac6ae085deb3d611f9dc69e5d9ac8a7162c79da614d80256270e3	仓库文件	-
项目文件	文件	文件	tc-bignum/补丁库/02_修复/G23P2_Lua稳定性与安全门/original/lua_scripts/custom_announce.lua	2777	63b756a638232bc26ed785a0824b6729511d0c69fef03a1624e283245807d238	仓库文件	-
项目文件	文件	文件	tc-bignum/补丁库/02_修复/G23P2_Lua稳定性与安全门/original/lua_scripts/custom_daily_reward.lua	4718	204fe2428f85a3ae648a8c1d0061205e22284c16b2f9b61a0c6e5c611953dafe	仓库文件	-
项目文件	文件	文件	tc-bignum/补丁库/02_修复/G23P2_Lua稳定性与安全门/original/lua_scripts/custom_diag.lua.absent	59	ea8183ecf2e7ee99b9835d812310843e5d091cb4797215589f936b8ebe26c82a	仓库文件	-
项目文件	文件	文件	tc-bignum/补丁库/02_修复/G23P2_Lua稳定性与安全门/original/lua_scripts/custom_teleport.lua	12501	663759959aada88ce596bcef2f2b5a3e6ef8dc5def1dd51b7068a6d2ec8a4f45	仓库文件	-
项目文件	文件	文件	tc-bignum/补丁库/02_修复/G23P2_Lua稳定性与安全门/original/lua_scripts/custom_welcome.lua	4953	d9ffe19f46ed749c64b7447e8184009679eb0aa4a5f374580263da41b635cdfa	仓库文件	-
项目文件	文件	文件	tc-bignum/补丁库/02_修复/G23P2_Lua稳定性与安全门/original/lua_scripts/extensions/G23Core.ext.absent	55	be974a54480db796cb86ed648a580b97eeac80fd29cd602c0898326710d107af	仓库文件	-
项目文件	文件	文件	tc-bignum/补丁库/02_修复/G23P2_Lua稳定性与安全门/original/lua_scripts/extensions/ObjectVariables.ext	3308	6a682daa547db2a72620e7e1f906532c52c1dd4c1345837d4d6b24640307a547	仓库文件	-
项目文件	文件	文件	tc-bignum/补丁库/02_修复/G23P2_Lua稳定性与安全门/original/repository/sql/13_daily_reward.sql	778	103562185658515c074294dbabf60753b7364d5fc12c2c20a9a8af41790b8a1a	仓库文件	-
项目文件	文件	文件	tc-bignum/补丁库/02_修复/G23P2_Lua稳定性与安全门/original/worldserver.conf.d/zz_g23_p2_eluna_security.conf.absent	62	3baff9cbaefe46f6f020af9009415d137f6d639fdc99b794635c333897fa0172	仓库文件	-
项目文件	文件	文件	tc-bignum/补丁库/02_修复/G23P2_Lua稳定性与安全门/payload/lua_scripts/bignum_selftest.lua	5658	9c8e4ec5fc841187c7c263264ef60d5ec3857e295c250dda6f29d5483628cf76	仓库文件	-
项目文件	文件	文件	tc-bignum/补丁库/02_修复/G23P2_Lua稳定性与安全门/payload/lua_scripts/custom_announce.lua	2079	20559972a3ee226f87de7a7f1d493ddc99ae845755d2e7f613d3909959161d28	仓库文件	-
项目文件	文件	文件	tc-bignum/补丁库/02_修复/G23P2_Lua稳定性与安全门/payload/lua_scripts/custom_daily_reward.lua	7957	2814c4586c0e5e75f861424d21ae8be4db1638d42338e2a813c3eb0b06933b07	仓库文件	-
项目文件	文件	文件	tc-bignum/补丁库/02_修复/G23P2_Lua稳定性与安全门/payload/lua_scripts/custom_diag.lua	3556	fecd8da54885f657786f9e6f1953b49614d9fe9d136b3e6631f5c79a531e7f8d	仓库文件	-
项目文件	文件	文件	tc-bignum/补丁库/02_修复/G23P2_Lua稳定性与安全门/payload/lua_scripts/custom_teleport.lua	11650	9578875f6f9aebb3e50dee1fa9947166360799a4af56c145489d722a29c73b95	仓库文件	-
项目文件	文件	文件	tc-bignum/补丁库/02_修复/G23P2_Lua稳定性与安全门/payload/lua_scripts/custom_welcome.lua	2712	c0baa8fa5954a16c1a15ae0de48626a7dac13b80834896ab85e96e1e0d6836c2	仓库文件	-
项目文件	文件	文件	tc-bignum/补丁库/02_修复/G23P2_Lua稳定性与安全门/payload/lua_scripts/extensions/G23Core.ext	5793	89b394b19654bd346c38632d91b6fb9d6e8fb7d5ba640658d21231b2ae91a06c	仓库文件	-
项目文件	文件	文件	tc-bignum/补丁库/02_修复/G23P2_Lua稳定性与安全门/payload/lua_scripts/extensions/ObjectVariables.ext	743	f823b6139319ed982b03586845841fa668f949970948b909876fd5f0da642e4b	仓库文件	-
项目文件	文件	文件	tc-bignum/补丁库/02_修复/G23P2_Lua稳定性与安全门/payload/worldserver.conf.d/zz_g23_p2_eluna_security.conf	240	1721879827c48a191adfbe4b5877e7d20b230adf261b2b2009c7e288a401e905	仓库文件	-
项目文件	文件	文件	tc-bignum/补丁库/02_修复/G23P2_Lua稳定性与安全门/sql/G23P2_SQL_Rollback_note.sql	370	24f1a8b32aa233f637fc4b1478bb3f8b7447e3b628dc562aecdc8d2babbcf0e0	仓库文件	-
项目文件	文件	文件	tc-bignum/补丁库/02_修复/G23P2_Lua稳定性与安全门/sql/G23P2_daily_reward_atomic.sql	1899	a0a9072ff1fe387eef01a20647451c05b56ec5c1d50d54e98afa5be4817fec4c	仓库文件	-
项目文件	文件	文件	tc-bignum/补丁库/02_修复/G23P2_Lua稳定性与安全门/sql/G23P2_pending_claim_readonly.sql	389	a4e7d3d3ca683074522028effd1e3de4b79246b3f0752117021cc1a4f23478d8	仓库文件	-
项目文件	文件	文件	tc-bignum/补丁库/02_修复/G23P2_Lua稳定性与安全门/tests/daily_atomic_mock.lua	4301	a5da750ed9fc3a944df184d296e9657d4e29c15851178406db159879720e8187	仓库文件	-
项目文件	文件	文件	tc-bignum/补丁库/02_修复/G23P2_Lua稳定性与安全门/tests/g23p2_mock.lua	4352	65c165cb9f63f5eed96c4d271724e5586f8d8075a22a6cda871a46e14aa0fc26	仓库文件	-
项目文件	文件	文件	tc-bignum/补丁库/02_修复/G23P2_Lua稳定性与安全门/tests/run_g23p2_tests.sh	1058	70e5283a471b50cb27c96145d03a435a7de521b9d49f28dc191eeb238101cf1f	仓库文件	-
项目文件	文件	文件	tc-bignum/补丁库/02_修复/G23P2_Lua稳定性与安全门/tests/teleport_safety_mock.lua	4252	cfe38aa12f89a9aeb6c397c0504078eaad0c71608a14cb1a14e33eb2de4fd927	仓库文件	-
项目文件	文件	文件	tc-bignum/补丁库/02_修复/G23P2_Lua稳定性与安全门/tests/test_g23p2_static_and_model.py	4863	662df3c52f96dbe1e6e96b34456d6b38b9d62f64aa32e092586d14e97e7cb634	仓库文件	-
项目文件	文件	文件	tc-bignum/补丁库/02_修复/G23P2_Lua稳定性与安全门/安装说明.md	4263	1771f57dc550095585b75149b0761c8f1ec6d2f85a549655c56054ce8209492e	仓库文件	-
项目文件	文件	文件	tc-bignum/补丁库/03_归档_早期散件/A00a_物品加载器补丁/01-objectmgr-item-loader.patch	3263	02c126a5f6a738bc303214b9f963728301c75e49338aea216ad8749401c5b46c	仓库文件	-
项目文件	文件	文件	tc-bignum/补丁库/03_归档_早期散件/A00a_物品加载器补丁/02-eluna-uint64-checkval.patch	565	296a65a83b8858e1a453dd3864fd48de2e04e4cd64fa934f261f60362a821707	仓库文件	-
项目文件	文件	文件	tc-bignum/补丁库/03_归档_早期散件/A00a_物品加载器补丁/03-item-durability-uint32.patch	1222	ba320ac0619980711c97930aac47ec314043b6627c42efed3bccc691851f7b8d	仓库文件	-
项目文件	文件	文件	tc-bignum/补丁库/03_归档_早期散件/A00b_step6_属性修改/step6_cs_modify_stats.md	9011	b732e50c21b57cb00afe3e8c35b61c693ed3b256a6b26ed2d8467d1ba36ed260	仓库文件	-
项目文件	文件	文件	tc-bignum/补丁库/03_归档_早期散件/A00c_step7_8_智能添加/step7_cs_smartadd.cpp	24278	6874e02b75642b4501df254f3dec3c23f853d67a15d3d885c62f89e18f4df3a3	仓库文件	-
项目文件	文件	文件	tc-bignum/补丁库/03_归档_早期散件/A00c_step7_8_智能添加/step7_安装说明.md	6313	869acab60ebd65ad4653d51c8dad84dfbb7848f4d903ac803eb5177e2a353960	仓库文件	-
项目文件	文件	文件	tc-bignum/补丁库/03_归档_早期散件/A00c_step7_8_智能添加/step7v2_cs_smartadd.cpp	34068	e61708387599372ee459365a6b30ced1477043e6f7adfd125cb28e6367d35b03	仓库文件	-
项目文件	文件	文件	tc-bignum/补丁库/03_归档_早期散件/A00c_step7_8_智能添加/step7v2_安装说明.md	4553	2eeb4d84db9e3933524e637ce7f09ec960a7b546bac7d63c706ea71db4a5f6eb	仓库文件	-
项目文件	文件	文件	tc-bignum/补丁库/03_归档_早期散件/A00c_step7_8_智能添加/step8_cs_smartadd.cpp	40308	19361184400878c80a3b884581e02550cacc946232599a9c3f95a957402ac3f2	仓库文件	-
项目文件	文件	文件	tc-bignum/补丁库/03_归档_早期散件/A00c_step7_8_智能添加/step8_安装说明.md	6519	cd359f5961750d24cc0459f791b9b51dcca494b230217b5ca08830a6062fc83f	仓库文件	-
项目文件	文件	文件	tc-bignum/补丁库/03_归档_早期散件/A00d_step9_10_装备套装/step10_cs_gearset.cpp	90888	a4a4ca0ddcedf0610b8296a938b644e77073b0c0e9376931d5812c72718c3f94	仓库文件	-
项目文件	文件	文件	tc-bignum/补丁库/03_归档_早期散件/A00d_step9_10_装备套装/step10_安装说明.md	14502	c3886d9d93f0e73acfafcce209b51058dcbc11bef8cc64931913e83f45f23252	仓库文件	-
项目文件	文件	文件	tc-bignum/补丁库/03_归档_早期散件/A00d_step9_10_装备套装/step9_cs_gearset.cpp	39377	dbe0148059d03ed437a669adbbbe01f66f2a235a9390ad2c0c43bd56768649ab	仓库文件	-
项目文件	文件	文件	tc-bignum/补丁库/03_归档_早期散件/A00d_step9_10_装备套装/step9_安装说明.md	9745	ab3e82e1e8820c91a5f73c837df7789afee74edb6c901c61c1f711d4e6499ef4	仓库文件	-
项目文件	文件	文件	tc-bignum/补丁库/03_归档_早期散件/A00e_step11_移动速度/step11_CustomSpeed.cpp	10139	33452304874c1c40f6a248e9d9b671c661a75866d7b18a5213b1a5b227a38aea	仓库文件	-
项目文件	文件	文件	tc-bignum/补丁库/03_归档_早期散件/A00e_step11_移动速度/step11_CustomSpeed.h	4302	ffb499f077a0f2b86712b80b525b51e150905c3a1ad85d57d7beb34c4867fc78	仓库文件	-
项目文件	文件	文件	tc-bignum/补丁库/03_归档_早期散件/A00e_step11_移动速度/step11_apply.sh	6120	d885ece6aa79a941f349de4d96dd8541bc09b8514d6e983d38324f51b53c31bf	仓库文件	-
项目文件	文件	文件	tc-bignum/补丁库/03_归档_早期散件/A00e_step11_移动速度/step11_核心补丁.md	9977	312bfaaffffb97018c9e884b561eab8a73abb9771f5df769fe8aac04f0f2edf6	仓库文件	-
项目文件	文件	文件	tc-bignum/补丁库/03_归档_早期散件/A00f_step12_13_法术清理与重载/step12-13_合并安装说明.md	5786	73c710e640126e0d58b84c46a5e7070b5645f3a88ba1b196d9459f3762beb673	仓库文件	-
项目文件	文件	文件	tc-bignum/补丁库/03_归档_早期散件/A00f_step12_13_法术清理与重载/step12_cs_spellclean.cpp	20369	a0ea08e802f24bfe57ea351d462479132c6115029748b08f6728803a288604f2	仓库文件	-
项目文件	文件	文件	tc-bignum/补丁库/03_归档_早期散件/A00f_step12_13_法术清理与重载/step12_安装说明.md	4526	8353f1f7deed464c452035f3dd255bad8ca14378f61bf695eda5d99202f4f394	仓库文件	-
项目文件	文件	文件	tc-bignum/补丁库/03_归档_早期散件/A00f_step12_13_法术清理与重载/step13_cs_reloaditem.cpp	12496	d05a1cb3105fa586a74c24205f1117d330d91beb8741ff93264441ea64247541	仓库文件	-
项目文件	文件	文件	tc-bignum/补丁库/03_归档_早期散件/A00g_step14_GM助手/step14_cs_gmhelper.cpp	30724	fc98835019783883c2b6ffd5ea7955f18e9dd57c299a2a0c39d160747a866b70	仓库文件	-
项目文件	文件	文件	tc-bignum/补丁库/03_归档_早期散件/A00g_step14_GM助手/step14_修复说明.md	4424	7f49c7facceaa0ff2352332e6ca10e8b07855b970e86da1d4ea9581ecd1620b8	仓库文件	-
项目文件	文件	文件	tc-bignum/补丁库/03_归档_早期散件/A00h_合并安装说明/合并安装-step25_26_28.md	3087	796d82864509f0d816b626e8ab1fcda39832c00943aa7d8b00bc8e65cd85f0a5	仓库文件	-
项目文件	文件	文件	tc-bignum/补丁库/03_归档_早期散件/A00h_合并安装说明/本轮交付-编译清单.md	5780	e1711786d18b04c0aa75f4eb299a35bb59daefbd61c880cf214544212136e73b	仓库文件	-
项目文件	文件	文件	tc-bignum/规划/04-PBot与NPCBot真实完成度及后续路线_2026-08-21.md	31350	fa623d58db45a46dfea8cba7a9233147a912e134a3f8f1873e63a291dec467da	仓库文件	-
项目文件	文件	文件	tc-bignum/规划/G11_bot自主冒险/00-索要没触发的两个残余嫌疑.md	3506	194f1ee1c48c02e0bff0f3ea915183cbc144209a7e7f050c143c4ae26ad69b8a	仓库文件	-
项目文件	文件	文件	tc-bignum/规划/G11_bot自主冒险/01-总体设计.md	10058	cd38357e4f94bdd23f4469d6b872e99cee6171b5148d76dac617fc553c48bf76	仓库文件	-
项目文件	文件	文件	tc-bignum/规划/G11_bot自主冒险/02-第1步_索要机制重做.md	12585	8e7d6aa7d95515cfbccac5f309af8811dc357d5d1367573dabeb28d80e5226af	仓库文件	-
项目文件	文件	文件	tc-bignum/规划/G11_bot自主冒险/03-修复-LNK2019缺实现.md	5654	af44de18cbc9369d243c93f7f348991172686de6d252b6fa7eba88d4db396b13	仓库文件	-
项目文件	文件	文件	tc-bignum/规划/G11_bot自主冒险/04-别装第二次-LNK2019真因.md	3596	895661d3bc0b89975c1cc25c3991e4da74f8da69265ee8ad41780e8087719803	仓库文件	-
项目文件	文件	文件	tc-bignum/规划/G11_bot自主冒险/05-第1步测试清单.md	5329	290a6e05701f3ae6bc7a9ad07ec68d4a09f94fa2ee1652cef966f3c5028286f4	仓库文件	-
项目文件	文件	文件	tc-bignum/规划/G11_bot自主冒险/06-第2步_感知层实施规格.md	10385	0d0f809da184e879c794768fe9e148c0881f0cef0d8edd524a0a6b8236029161	仓库文件	-
项目文件	文件	文件	tc-bignum/规划/G11_bot自主冒险/07-第2步_装机前探针.md	3611	5d578d8f3ad311947a3625683369e27723ea45065ab0962a94efbe94943706f4	仓库文件	-
项目文件	文件	文件	tc-bignum/规划/G11_bot自主冒险/08-第2步_基于真实源码的安装与验收.md	10932	317a09492a1ec8512668cd75d8af779825493ea0daefa1d3ab96322c4d5dc5fa	仓库文件	-
项目文件	文件	文件	tc-bignum/规划/G11_bot自主冒险/09-配置已加载但无感知日志_只读取证.md	3109	20ea6e6ff95e7725e7a69a4ac0a767533d7d75225b17e0304bb33d290466c875	仓库文件	-
项目文件	文件	文件	tc-bignum/规划/G11_bot自主冒险/10-运行探针v1格式缺陷_复盘与v2自检.md	4988	1be8b67f59c7519d467a44672c054c55b0ce0c0a162a6d26d22eba89247874a6	仓库文件	-
项目文件	文件	文件	tc-bignum/规划/G11_bot自主冒险/11-v2真实报告首次结果_新进程短窗口无日志.md	3412	d46ca0c8aeba968c2497a9231df7d55ad08d905800d8ab717a3af35c6b62bf58	仓库文件	-
项目文件	文件	文件	tc-bignum/规划/G11_bot自主冒险/g11_step2_windows.cmd	4521	008be021d83920a15134ea8d8d6a811299287392dc3c2646568c5e0f39d42171	仓库文件	-
项目文件	文件	文件	tc-bignum/规划/G11_bot自主冒险/install_g11_step2.py	18370	158cb80d334e24acabd3f168f5fc2f157c043f425acd3d9525aae21be5d09df0	仓库文件	-
项目文件	文件	文件	tc-bignum/规划/G11_bot自主冒险/probe_g11_runtime.ps1	481	cfcc7bdb8cbd78f5ba02090a0c4dca4eab3ce13a9dd1c7b6c0c8114c2b3f42cd	仓库文件	-
项目文件	文件	文件	tc-bignum/规划/G11_bot自主冒险/probe_g11_runtime_v2.py	21125	5f7a200640d4f2af1571108a11cc4cfb00d861a7874a94f8c77b14e4256b3d98	仓库文件	-
项目文件	文件	文件	tc-bignum/规划/G11_bot自主冒险/probe_g11_step2.py	10809	4cf388e49d45644f40eca96681f1f2d73da3f18d9bae44beaeb1b6f1710cf3a2	仓库文件	-
项目文件	文件	文件	tc-bignum/规划/G16_bot经济与打工/01-总体设计.md	20703	c68100e2ea96207454bd10ff315459c6a04c978734b7ffe5205387ff72feef9c	仓库文件	-
项目文件	文件	文件	tc-bignum/规划/G16_bot经济与打工/02-第1步_拍卖行体检.sql	3970	7b7d4f2059f13713ad0d24ed0d841a2f98cbbe1034e0b74e9d53923f141f81c6	仓库文件	-
项目文件	文件	文件	tc-bignum/规划/G16_bot经济与打工/03-第1步_拍卖行大改_conf.md	18787	3815d13b78b528d6d80d4bc002666caf2f7088a49eaabc403b80d81227e46ef7	仓库文件	-
项目文件	文件	文件	tc-bignum/规划/G16_bot经济与打工/04-第1步修正_基于你的真实conf.md	10938	309f04683674f728dbbd7b35cbec6fb927d3d5a69d29c69606604bc65cbacf52	仓库文件	-
项目文件	文件	文件	tc-bignum/规划/G16_bot经济与打工/05-第2步_Buyer价格调优.md	8035	f2a7c56a3ddd0f9477eb1f01016aab4f90af28a76653b32e003796e20b18e0ee	仓库文件	-
项目文件	文件	文件	tc-bignum/规划/G16_bot经济与打工/06-第3步_解决货物杂乱.md	7016	5aafbb91588bdb7a5dc1a09af194758e1fab38aa1b1d7e8e6bee312f3ff9ebb7	仓库文件	-
项目文件	文件	文件	tc-bignum/规划/G16_bot经济与打工/07-坐骑变少的根因与修正.md	9006	00b10c1d428b5910fcf752b533e9dc667e1a8e5fcbcb793fab46012a1cd59c4d	仓库文件	-
项目文件	文件	文件	tc-bignum/规划/G16_bot经济与打工/08-坐骑只有三种_真因与修法.md	9122	014318a10c98a432d2ab7e66fb8bb8407cc9252cd8b28db5b31794dfb1371473	仓库文件	-
项目文件	文件	文件	tc-bignum/规划/G16_bot经济与打工/09-坐骑修复_最终方案B.md	8883	b64433d5adbdc488c8ff60690c4577f7eabba0f3d517c836a7b68b234d6c2b8b	仓库文件	-
项目文件	文件	文件	tc-bignum/规划/G16_bot经济与打工/10-三个疑问的答复_补货慢与改动清单.md	7956	126309394e152b96dc4263f46ed902f13c088e96a34f4bd4bbeb135ae1048aae	仓库文件	-
项目文件	文件	文件	tc-bignum/规划/G16_bot经济与打工/11-共享拍卖行只有37500条_根因与十万挂单修复.md	6559	59ad357128986cad8f1ca7d67c7583369b4a6d714f4e88be96b12bd88996c4d2	仓库文件	-
项目文件	文件	文件	tc-bignum/规划/G16_bot经济与打工/12-共享拍卖行_只读诊断.sql	7025	d72f81c83bd511464c58df905e544926746a61c2d09caea0aca182aed396e6ee	仓库文件	-
项目文件	文件	文件	tc-bignum/规划/G16_bot经济与打工/13-每种物品多库存与传说过滤_新增硬需求.md	5187	e139333562ada4850ec4b5f5752f00cbf7874f87fb0e7500310d53dffff7b5be	仓库文件	-
项目文件	文件	文件	tc-bignum/规划/G16_bot经济与打工/14-拍卖行每物品库存与传说过滤_只读诊断.sql	6806	e196ab8f34c6d1ce3bdc374e5a154041dd906da6d0bc819172158261b2523769	仓库文件	-
项目文件	文件	文件	tc-bignum/规划/G16_bot经济与打工/15-每entry十条与传说过滤_源码探针和回传清单.md	3653	1e1b843374904a8da087048de3f1181fd28ca7912c608e422ff2bf7b3878c48a	仓库文件	-
项目文件	文件	文件	tc-bignum/规划/G16_bot经济与打工/probe_g16_min_stock.py	8584	a4d28c16bf84ad1dff2145dab11a90fd4965a9e0604b87f8978e802e7461af89	仓库文件	-
项目文件	文件	文件	tc-bignum/规划/G17_飞行与移动/01-全世界飞行方案.md	9216	ab54477e2d5b3df6c215a10468125f702cf7d7988c8b59b3657f825626669153	仓库文件	-
项目文件	文件	文件	tc-bignum/规划/G17_飞行与移动/02-重新审计_全世界飞行与御龙术分阶段实施计划.md	10122	334e505bde1f89c284ad67e17a5dc47552be08559b0a509430b7d4ee141f48ac	仓库文件	-
项目文件	文件	文件	tc-bignum/规划/G17_飞行与移动/03-v1真实报告诊断与v2探针更正.md	4247	c8bfd03443d36c4e56a8761627e2dcaaff0b15fee888b783e7712a16d43a18ec	仓库文件	-
项目文件	文件	文件	tc-bignum/规划/G17_飞行与移动/G17A_安全全世界飞行/04-G17A_安全全世界飞行_安装验收与回滚.md	5617	812a288295d9cc604a798ab12c7bfff4b9cb0af6eda2e4a896596700fc991cc3	仓库文件	-
项目文件	文件	文件	tc-bignum/规划/G17_飞行与移动/G17A_安全全世界飞行/G17A_安全全世界飞行_交付包_20260821.zip	42209	f33d485153108927accbf236b426e34aa0d61f574e37c512269630543beb2275	仓库文件	-
项目文件	文件	文件	tc-bignum/规划/G17_飞行与移动/G17A_安全全世界飞行/SHA256SUMS.txt	485	71d92f534caa7e86a8f47928736b4d174d343428af96861d2e656adcd6c8e642	仓库文件	-
项目文件	文件	文件	tc-bignum/规划/G17_飞行与移动/G17A_安全全世界飞行/SpellInfo.cpp.g17a.patch	3648	79226a47d420e8b42017e60f62b60a4871c7c64184edc466bc4ad32eb0f99f81	仓库文件	-
项目文件	文件	文件	tc-bignum/规划/G17_飞行与移动/G17A_安全全世界飞行/g17_world_flight.conf	1280	a96afb09409f1a3080c62e2df7f6f02d91efc17270106b64339efa1529d30f17	仓库文件	-
项目文件	文件	文件	tc-bignum/规划/G17_飞行与移动/G17A_安全全世界飞行/install_g17a_world_flight.py	16643	926585da6a363b7c2ae4b2340d5227f1a6d444a1ff1e6297dd939508111893c4	仓库文件	-
项目文件	文件	文件	tc-bignum/规划/G17_飞行与移动/G17A_安全全世界飞行/源文件/SpellInfo.cpp	182275	537e5c350baa5f4a90bd0ec38c6b6858360e287aeabd75ab54050b4432e50755	仓库文件	-
项目文件	文件	文件	tc-bignum/规划/G17_飞行与移动/G17B0_Narrow_Probe_20260822.zip	4228	51429844f3a2e5c5240ed198016f44bf5d45a525f7e55b06a4121fa4ddaa91bb	仓库文件	-
项目文件	文件	文件	tc-bignum/规划/G17_飞行与移动/G17B0_Preflight_20260822.zip	95950	4affab7339c4ef636baae04175fdfc17723da98943a049bdd942fb016528132c	仓库文件	-
项目文件	文件	文件	tc-bignum/规划/G17_飞行与移动/G17B0_Source_Apply_20260822.zip	88397	faf3fa5e4d5a419f6d09376b79cb5dbbae01b0841f073b53e7dd01b8c40cccd5	仓库文件	-
项目文件	文件	文件	tc-bignum/规划/G17_飞行与移动/G17B0_Windows_Build_20260822.zip	7231	c6bdef705e30ce2d395e8fc345eb42e9a86e344485f3a7cb04f408a0bc08fe38	仓库文件	-
项目文件	文件	文件	tc-bignum/规划/G17_飞行与移动/G17B0_Windows_Build_20260822/Build-G17B0-Windows.ps1	7083	3971a97cffe7cbe15c87266223eac8ce792008338fd705dc3ababb812c03d24b	仓库文件	-
项目文件	文件	文件	tc-bignum/规划/G17_飞行与移动/G17B0_Windows_Build_20260822/PACKAGE_METADATA.txt	725	79b96ef941c891dc04fe800cefb15fbf8b574f018b76bc3be43e0abdacf2a1aa	仓库文件	-
项目文件	文件	文件	tc-bignum/规划/G17_飞行与移动/G17B0_Windows_Build_20260822/README_当前只做完整Windows编译.txt	1410	2d76dc5e3d7384b464d99ba667c85a2f4e3bb9e0813c163600fe1c94b9d05f83	仓库文件	-
项目文件	文件	文件	tc-bignum/规划/G17_飞行与移动/G17B0_Windows_Build_20260822/Run-G17B0-Windows-Build.cmd	565	e63aa237742df0a610a1ecf73cbf4d3630aefd08106f2b17452c45e9c1ad7696	仓库文件	-
项目文件	文件	文件	tc-bignum/规划/G17_飞行与移动/G17B0_Windows_Build_20260822/SHA256SUMS.txt	625	e40efcecfdca20e376f8ce47b2e23892e34dd92c59b66c07a7ab569a23b7d3ec	仓库文件	-
项目文件	文件	文件	tc-bignum/规划/G17_飞行与移动/G17B0_Windows_Build_20260822/evidence/G17B0_WORLD_POSTCHECK_RESULT_20260822_1520.txt	492	182a1878251ea7d4cb6af76a4721028a57750f7de47acb1eff6793a31eaef32a	仓库文件	-
项目文件	文件	文件	tc-bignum/规划/G17_飞行与移动/G17B0_Windows_Build_20260822/evidence/g17b0_world_postcheck_v3_acceptance_20260822.md	1296	29b29c8dc52ef5c646aacfc91eb61178945d84293c2b5d1189ec5408c3565423	仓库文件	-
项目文件	文件	文件	tc-bignum/规划/G17_飞行与移动/G17B0_Windows_Build_v2_ASCII_20260822.zip	8188	b9dc8d64839433d57f755d104308d0596388f27e31ca7d7661fb2d49547e3c9e	仓库文件	-
项目文件	文件	文件	tc-bignum/规划/G17_飞行与移动/G17B0_Windows_Build_v2_ASCII_20260822/Build-G17B0-Windows.ps1	7163	a64b8c9019a489f6437eb4163447ab77b000dfb2e9ac558be94a50144cae7b30	仓库文件	-
项目文件	文件	文件	tc-bignum/规划/G17_飞行与移动/G17B0_Windows_Build_v2_ASCII_20260822/PACKAGE_METADATA.txt	794	47a98280044eb55b35a34f613579e55a50158ea0be52bcaf9c7cdf084dac0c64	仓库文件	-
项目文件	文件	文件	tc-bignum/规划/G17_飞行与移动/G17B0_Windows_Build_v2_ASCII_20260822/README_先停用旧包再运行ASCII版.txt	1095	575cc9d2937542dec40fade98e46ec8087a4552e7258bd63d07962b51c1bec34	仓库文件	-
项目文件	文件	文件	tc-bignum/规划/G17_飞行与移动/G17B0_Windows_Build_v2_ASCII_20260822/Run-G17B0-Windows-Build.cmd	565	e63aa237742df0a610a1ecf73cbf4d3630aefd08106f2b17452c45e9c1ad7696	仓库文件	-
项目文件	文件	文件	tc-bignum/规划/G17_飞行与移动/G17B0_Windows_Build_v2_ASCII_20260822/SHA256SUMS.txt	750	5e1ab7077d50819cbffba33456d5d09ade2bc59be10689ae6e5dd91ce23b1877	仓库文件	-
项目文件	文件	文件	tc-bignum/规划/G17_飞行与移动/G17B0_Windows_Build_v2_ASCII_20260822/evidence/G17B0_WINDOWS_BUILD_V1_PARSER_ERROR_20260822.txt	1066	a5b2ea165aeadc06a250222e0ce7fa472ad3d4b7374be400891b6a57c49d4ece	仓库文件	-
项目文件	文件	文件	tc-bignum/规划/G17_飞行与移动/G17B0_Windows_Build_v2_ASCII_20260822/evidence/G17B0_WORLD_POSTCHECK_RESULT_20260822_1520.txt	492	182a1878251ea7d4cb6af76a4721028a57750f7de47acb1eff6793a31eaef32a	仓库文件	-
项目文件	文件	文件	tc-bignum/规划/G17_飞行与移动/G17B0_Windows_Build_v2_ASCII_20260822/evidence/g17b0_world_postcheck_v3_acceptance_20260822.md	1296	29b29c8dc52ef5c646aacfc91eb61178945d84293c2b5d1189ec5408c3565423	仓库文件	-
项目文件	文件	文件	tc-bignum/规划/G17_飞行与移动/G17B0_Windows_Build_v3_ASCII_NativeSafe_20260822.zip	9665	114054be599fcaec840b7fc9798d020f5e58cd5b7b11bcbf06a509498eacf946	仓库文件	-
项目文件	文件	文件	tc-bignum/规划/G17_飞行与移动/G17B0_Windows_Build_v3_ASCII_NativeSafe_20260822/Build-G17B0-Windows.ps1	8652	d98f702d66c8e08e0bbe4d7970c4f1255f04a1a6509d49eb90d3359eb2402447	仓库文件	-
项目文件	文件	文件	tc-bignum/规划/G17_飞行与移动/G17B0_Windows_Build_v3_ASCII_NativeSafe_20260822/PACKAGE_METADATA.txt	862	7d59ef70eded5cd7b2f790f71ee2d32e1bb9a623101f97986e34d0989697149f	仓库文件	-
项目文件	文件	文件	tc-bignum/规划/G17_飞行与移动/G17B0_Windows_Build_v3_ASCII_NativeSafe_20260822/README_停用v1v2并运行NativeSafe版.txt	1322	ebfc57e8a8f95bb50ea3debc62152c0e293b640114f636bedf0af9b545919ac6	仓库文件	-
项目文件	文件	文件	tc-bignum/规划/G17_飞行与移动/G17B0_Windows_Build_v3_ASCII_NativeSafe_20260822/Run-G17B0-Windows-Build.cmd	565	e63aa237742df0a610a1ecf73cbf4d3630aefd08106f2b17452c45e9c1ad7696	仓库文件	-
项目文件	文件	文件	tc-bignum/规划/G17_飞行与移动/G17B0_Windows_Build_v3_ASCII_NativeSafe_20260822/SHA256SUMS.txt	754	30805a9f1a7ebbe7659727190fff0f4e45658623011ce330991efde11121c932	仓库文件	-
项目文件	文件	文件	tc-bignum/规划/G17_飞行与移动/G17B0_Windows_Build_v3_ASCII_NativeSafe_20260822/evidence/G17B0_WINDOWS_BUILD_V1_PARSER_ERROR_20260822.txt	1066	a5b2ea165aeadc06a250222e0ce7fa472ad3d4b7374be400891b6a57c49d4ece	仓库文件	-
项目文件	文件	文件	tc-bignum/规划/G17_飞行与移动/G17B0_Windows_Build_v3_ASCII_NativeSafe_20260822/evidence/G17B0_WINDOWS_BUILD_V2_NATIVE_STDERR_ABORT_20260822.txt	1317	b89f89519897e24454dc04c23f6b4b83a520d4a9dfcd07b488e69eac7bca8d18	仓库文件	-
项目文件	文件	文件	tc-bignum/规划/G17_飞行与移动/G17B0_Windows_Build_v3_ASCII_NativeSafe_20260822/evidence/G17B0_WINDOWS_BUILD_V2_RESULT_20260822.txt	1430	49dfcfe0f6de0ad9ff64b927bbb2e7eb1d728005a85a777638f636c2a85fc567	仓库文件	-
项目文件	文件	文件	tc-bignum/规划/G17_飞行与移动/G17B0_World_Install_20260822.zip	10310	d5e5535569342b88836e0f13e8a79e5edaa9faa0ee640d132ce9ff7bc035750a	仓库文件	-
项目文件	文件	文件	tc-bignum/规划/G17_飞行与移动/G17B0_World_Install_20260822/01_G17B0_world_install_v2_locked.sql	8720	55f97bb1b689673b0ca2b9ae0e1b1411cc42854ecdeca95df35b8efb810390f6	仓库文件	-
项目文件	文件	文件	tc-bignum/规划/G17_飞行与移动/G17B0_World_Install_20260822/02_G17B0_world_postcheck_v2_readonly.sql	3239	89c4667e1c44ef9c6069d40a55a9812a75d0e796432e89160f22337d0a1a9680	仓库文件	-
项目文件	文件	文件	tc-bignum/规划/G17_飞行与移动/G17B0_World_Install_20260822/99_G17B0_world_rollback_v2_owned_only.sql	2621	67cfd999d8809e11e80e65ad17db4caaae8f57939fab0be9e3e2e784eb13efee	仓库文件	-
项目文件	文件	文件	tc-bignum/规划/G17_飞行与移动/G17B0_World_Install_20260822/PACKAGE_METADATA.txt	748	c7414a0f8c3bc6627b188cb0ff9fb278c61a7d72eca2b75d1640c88615419b96	仓库文件	-
项目文件	文件	文件	tc-bignum/规划/G17_飞行与移动/G17B0_World_Install_20260822/README_当前只做world安装与后检.txt	1852	d75a8e39f6c10d7a960eaaee39ff3777d9c76e6991648824807cfd373db56ba9	仓库文件	-
项目文件	文件	文件	tc-bignum/规划/G17_飞行与移动/G17B0_World_Install_20260822/SHA256SUMS.txt	858	f880762f6b2756fc7ceb97c3ed98a8868961d829f5f132ed31915654cf6d085c	仓库文件	-
项目文件	文件	文件	tc-bignum/规划/G17_飞行与移动/G17B0_World_Install_20260822/evidence/G17B0_DB_PROBE_ACCEPTANCE_20260822.txt	768	bbf868ded643304366a5ac6618adf101d4730b80059b5568fda5d3e45597b21e	仓库文件	-
项目文件	文件	文件	tc-bignum/规划/G17_飞行与移动/G17B0_World_Install_20260822/evidence/G17B0_DB_PROBE_RESULT_20260822_1340.txt	17472	af4a6031f4895767c34faf1211bb5ba8d026039beefa0d8cd79b52fe5a8a470e	仓库文件	-
项目文件	文件	文件	tc-bignum/规划/G17_飞行与移动/G17B0_World_Install_20260822/evidence/G17B0_SOURCE_APPLY_RESULT_20260822.txt	1668	772f4007cd2199ec6829bbb2bdef3e11a976c072c2c1ad7ae6b31210d3bc5ca4	仓库文件	-
项目文件	文件	文件	tc-bignum/规划/G17_飞行与移动/G17B0_World_Install_v3_20260822.zip	11819	a0625d4d0c3098ab88d1ff3e9380fbc80bc504771a4a55f7b2776bc80d2fd254	仓库文件	-
项目文件	文件	文件	tc-bignum/规划/G17_飞行与移动/G17B0_World_Install_v3_20260822/01_G17B0_world_install_v3_collation_safe.sql	9443	1af6361369ffad4909bc749802a4bb7a83ecccbc84ce7eef5f706ac7a81d3996	仓库文件	-
项目文件	文件	文件	tc-bignum/规划/G17_飞行与移动/G17B0_World_Install_v3_20260822/02_G17B0_world_postcheck_v3_readonly_collation_safe.sql	4758	ae3fbfad3047775496ed59bef2ec5a040b9e724e43262b07bdcde58b319b437a	仓库文件	-
项目文件	文件	文件	tc-bignum/规划/G17_飞行与移动/G17B0_World_Install_v3_20260822/99_G17B0_world_rollback_v3_owned_only_collation_safe.sql	2985	df7d3d03ea33ae935ae149e46bf50e088f91476ec622fef418076c3ba6316383	仓库文件	-
项目文件	文件	文件	tc-bignum/规划/G17_飞行与移动/G17B0_World_Install_v3_20260822/PACKAGE_METADATA.txt	648	515c5d68dcd4e1f99ccbd99a72ce1d6396fd273826da5836805ec9f456ed0957	仓库文件	-
项目文件	文件	文件	tc-bignum/规划/G17_飞行与移动/G17B0_World_Install_v3_20260822/README_先ROLLBACK再运行v3.txt	1807	7c577ae9a914b995be47fcaaea5a0402454a3375fd120ec3f19a223ffaafb4c5	仓库文件	-
项目文件	文件	文件	tc-bignum/规划/G17_飞行与移动/G17B0_World_Install_v3_20260822/SHA256SUMS.txt	1008	1813e0e6cf459cae33e78240317c89c9531d1d9f13baeba86cf9f04cd375a012	仓库文件	-
项目文件	文件	文件	tc-bignum/规划/G17_飞行与移动/G17B0_World_Install_v3_20260822/evidence/G17B0_DB_PROBE_ACCEPTANCE_20260822.txt	768	bbf868ded643304366a5ac6618adf101d4730b80059b5568fda5d3e45597b21e	仓库文件	-
项目文件	文件	文件	tc-bignum/规划/G17_飞行与移动/G17B0_World_Install_v3_20260822/evidence/G17B0_DB_PROBE_RESULT_20260822_1340.txt	17472	af4a6031f4895767c34faf1211bb5ba8d026039beefa0d8cd79b52fe5a8a470e	仓库文件	-
项目文件	文件	文件	tc-bignum/规划/G17_飞行与移动/G17B0_World_Install_v3_20260822/evidence/G17B0_SOURCE_APPLY_RESULT_20260822.txt	1668	772f4007cd2199ec6829bbb2bdef3e11a976c072c2c1ad7ae6b31210d3bc5ca4	仓库文件	-
项目文件	文件	文件	tc-bignum/规划/G17_飞行与移动/G17B0_World_Install_v3_20260822/evidence/G17B0_WORLD_INSTALL_V2_ERROR_1267_20260822.txt	1118	94b5bf42c25f4d8749a9f1d72c61a62d722c265beb8cfcaf367dc1f7d2ec265a	仓库文件	-
项目文件	文件	文件	tc-bignum/规划/G17_飞行与移动/G17B0_world_probe_readonly_v2_collation_safe.sql	9390	9d767115ecdc5983941e99ba900e7de43370d302ad8b6b837230f32ba9884310	仓库文件	-
项目文件	文件	文件	tc-bignum/规划/G17_飞行与移动/G17B0_源码受控Apply包_20260822/G17B0_APPLY_APPROVED.txt	29	bb4bd05474cd70fa8414de328b60936245f72d82bde04ea02a5e6321e232e826	仓库文件	-
项目文件	文件	文件	tc-bignum/规划/G17_飞行与移动/G17B0_源码受控Apply包_20260822/G17B0_Check.cmd	536	73fb34aea2ecb5f2c6423bc2304ad817b56109c876016b32f61d23307770d65a	仓库文件	-
项目文件	文件	文件	tc-bignum/规划/G17_飞行与移动/G17B0_源码受控Apply包_20260822/G17B0_Rollback.cmd	545	97d4716d8106935cf0c7f58157fd3af743ab1f3eae2dbc64110136d29da89cf2	仓库文件	-
项目文件	文件	文件	tc-bignum/规划/G17_飞行与移动/G17B0_源码受控Apply包_20260822/G17B0_SelfTest.cmd	531	9499210595016280157624e55e34f7a4baf6ca8a1a8ab7e4dc696b2c04c929d4	仓库文件	-
项目文件	文件	文件	tc-bignum/规划/G17_飞行与移动/G17B0_源码受控Apply包_20260822/PACKAGE_METADATA.txt	881	a718590c8519260b955305d180f658ed010cf324659f248d294580a6a4f397cb	仓库文件	-
项目文件	文件	文件	tc-bignum/规划/G17_飞行与移动/G17B0_源码受控Apply包_20260822/README_当前只做源码Apply.txt	1548	c8323db2f6d09ccf4a3d3c2b64a0dda4bf4dc6809ec703ca6db909de171e4eb8	仓库文件	-
项目文件	文件	文件	tc-bignum/规划/G17_飞行与移动/G17B0_源码受控Apply包_20260822/Run-G17B0-Source-Apply.cmd	1238	4fc779b25e49d6cea0f932f349d76b4b58928e1af1a9c70d09b1475a73b6434b	仓库文件	-
项目文件	文件	文件	tc-bignum/规划/G17_飞行与移动/G17B0_源码受控Apply包_20260822/SHA256SUMS.txt	2279	0a5e6c29c58b396827423d050e9cbb75a028782608205de40ff718be9b9b2260	仓库文件	-
项目文件	文件	文件	tc-bignum/规划/G17_飞行与移动/G17B0_源码受控Apply包_20260822/install_g17b0_source.py	13921	9439fb3011deaa0aab500d176d9f067b17d682f6b4d9147f3b00806f7c278f36	仓库文件	-
项目文件	文件	文件	tc-bignum/规划/G17_飞行与移动/G17B0_源码受控Apply包_20260822/original/src/server/scripts/Commands/cs_dragonriding.cpp.absent	20	5deb305524fcb48d83e55ad1581d978150bb0afa877422a7b231ff88bc7faa88	仓库文件	-
项目文件	文件	文件	tc-bignum/规划/G17_飞行与移动/G17B0_源码受控Apply包_20260822/original/windows_preimage_20260822/sql/base/dev/world_database.sql	208925	f766eac917bcbc1483f6f875b13733b54415ddcf11a45f4ff9e12684f646ea00	仓库文件	-
项目文件	文件	文件	tc-bignum/规划/G17_飞行与移动/G17B0_源码受控Apply包_20260822/original/windows_preimage_20260822/src/server/game/AI/CoreAI/CombatAI.h	3663	43b5650727ab7978cf7091498237acba54506571e815e947395df3243ba5780f	仓库文件	-
项目文件	文件	文件	tc-bignum/规划/G17_飞行与移动/G17B0_源码受控Apply包_20260822/original/windows_preimage_20260822/src/server/game/Entities/Unit/Unit.h	106442	aaf9e8348ace53c5944e95b6a0e7ae02fd0f376bf5af709eedd3f864b340cfff	仓库文件	-
项目文件	文件	文件	tc-bignum/规划/G17_飞行与移动/G17B0_源码受控Apply包_20260822/original/windows_preimage_20260822/src/server/game/Maps/Map.h	44138	e5a731410d2b21fb614aed6a79b4bce29449ac1608593e68de102ff8c58bd65b	仓库文件	-
项目文件	文件	文件	tc-bignum/规划/G17_飞行与移动/G17B0_源码受控Apply包_20260822/original/windows_preimage_20260822/src/server/game/Scripting/ScriptMgr.h	44641	60c4dda3bc2753fdbdbc951ce417d14016d56c8b0e3521d388d80dba8276e6d3	仓库文件	-
项目文件	文件	文件	tc-bignum/规划/G17_飞行与移动/G17B0_源码受控Apply包_20260822/original/windows_preimage_20260822/src/server/scripts/CMakeLists.txt	9923	fdf785cdc99e125ee0dd7cffd4c924c6343f88924cd79e3c8d0f78d6b6bbbfbe	仓库文件	-
项目文件	文件	文件	tc-bignum/规划/G17_飞行与移动/G17B0_源码受控Apply包_20260822/original/windows_preimage_20260822/src/server/scripts/Commands/cs_script_loader.cpp	5589	2a4895a32532f3c6c2c6dc3096fced4bff6d53c39dd3787bd81a76653d42f3f7	仓库文件	-
项目文件	文件	文件	tc-bignum/规划/G17_飞行与移动/G17B0_源码受控Apply包_20260822/original/windows_preimage_20260822/src/server/scripts/ScriptLoader.h	1031	6b617f0aafa6218a618e10bbff49b054991406e7ee195c12c744423418f6a0ee	仓库文件	-
项目文件	文件	文件	tc-bignum/规划/G17_飞行与移动/G17B0_源码受控Apply包_20260822/payload/src/server/scripts/Commands/cs_dragonriding.cpp	16463	c9535dca3390ece6735e6ff6b7418ed99ff206628b5e8febd7b78b05cba999bd	仓库文件	-
项目文件	文件	文件	tc-bignum/规划/G17_飞行与移动/G17B0_源码受控Apply包_20260822/postimage/src/server/scripts/Commands/cs_script_loader.cpp	5672	5502e5b4e22535957f3db81083530b048ec33f6852f4697fbe55795628cee5cc	仓库文件	-
项目文件	文件	文件	tc-bignum/规划/G17_飞行与移动/G17B0_源码受控Apply包_20260822/run_g17b0_source_apply.py	3175	f0ac14cfdb7b1e363fbba4aca649a177ea32bd31ef948ff4fba561f6ff6ce519	仓库文件	-
项目文件	文件	文件	tc-bignum/规划/G17_飞行与移动/G17B0_窄范围锁定探针_20260822/README_只运行一次.txt	460	5e2a6b0b39d20690f8c4ec6e4487b4465a470da2511189dbb47f21fab2497744	仓库文件	-
项目文件	文件	文件	tc-bignum/规划/G17_飞行与移动/G17B0_窄范围锁定探针_20260822/Run-G17B0-Narrow-Probe.cmd	543	bcb48dd67f86a259c0e62864583904db5734a3e4e2f488ef3efe1d020d9d73ac	仓库文件	-
项目文件	文件	文件	tc-bignum/规划/G17_飞行与移动/G17B0_窄范围锁定探针_20260822/SHA256SUMS.txt	272	b785187c36c7943af87af60c3632dd7e06eb01833c8600b60f711b7f90cf3535	仓库文件	-
项目文件	文件	文件	tc-bignum/规划/G17_飞行与移动/G17B0_窄范围锁定探针_20260822/probe_g17b0_lock.py	6436	9301e093386f90e0904bfb2090a0262b090a05b2cbfc59670e90d80f7e146a33	仓库文件	-
项目文件	文件	文件	tc-bignum/规划/G17_飞行与移动/G17B0_预检包_20260822/01-Windows前像结论与预检步骤.md	3665	fd658b5e20188ae06c3cc3956fea5c0fa16640a45244e490dd148c332902dd4c	仓库文件	-
项目文件	文件	文件	tc-bignum/规划/G17_飞行与移动/G17B0_预检包_20260822/G17B0_Check.cmd	536	73fb34aea2ecb5f2c6423bc2304ad817b56109c876016b32f61d23307770d65a	仓库文件	-
项目文件	文件	文件	tc-bignum/规划/G17_飞行与移动/G17B0_预检包_20260822/G17B0_SelfTest.cmd	531	9499210595016280157624e55e34f7a4baf6ca8a1a8ab7e4dc696b2c04c929d4	仓库文件	-
项目文件	文件	文件	tc-bignum/规划/G17_飞行与移动/G17B0_预检包_20260822/README_当前只做预检.txt	756	b03f3900c75ef50b0ebcda1ec8361cc15e23915eb5e93eef8d7a6c2bc58680f1	仓库文件	-
项目文件	文件	文件	tc-bignum/规划/G17_飞行与移动/G17B0_预检包_20260822/Run-G17B0-Source-Preflight.cmd	1440	74044f37293db574119965d56f757bf60d9a36175ba081dc7dd60c8b0c214c74	仓库文件	-
项目文件	文件	文件	tc-bignum/规划/G17_飞行与移动/G17B0_预检包_20260822/SHA256SUMS.txt	2167	f14158bd037a36f29fc51a325bf4fc6903fdeaeff7c994af8833a27388a0d05d	仓库文件	-
项目文件	文件	文件	tc-bignum/规划/G17_飞行与移动/G17B0_预检包_20260822/install_g17b0_source.py	13921	9439fb3011deaa0aab500d176d9f067b17d682f6b4d9147f3b00806f7c278f36	仓库文件	-
项目文件	文件	文件	tc-bignum/规划/G17_飞行与移动/G17B0_预检包_20260822/original/src/server/scripts/Commands/cs_dragonriding.cpp.absent	20	5deb305524fcb48d83e55ad1581d978150bb0afa877422a7b231ff88bc7faa88	仓库文件	-
项目文件	文件	文件	tc-bignum/规划/G17_飞行与移动/G17B0_预检包_20260822/original/windows_preimage_20260822/sql/base/dev/world_database.sql	208925	f766eac917bcbc1483f6f875b13733b54415ddcf11a45f4ff9e12684f646ea00	仓库文件	-
项目文件	文件	文件	tc-bignum/规划/G17_飞行与移动/G17B0_预检包_20260822/original/windows_preimage_20260822/src/server/game/AI/CoreAI/CombatAI.h	3663	43b5650727ab7978cf7091498237acba54506571e815e947395df3243ba5780f	仓库文件	-
项目文件	文件	文件	tc-bignum/规划/G17_飞行与移动/G17B0_预检包_20260822/original/windows_preimage_20260822/src/server/game/Entities/Unit/Unit.h	106442	aaf9e8348ace53c5944e95b6a0e7ae02fd0f376bf5af709eedd3f864b340cfff	仓库文件	-
项目文件	文件	文件	tc-bignum/规划/G17_飞行与移动/G17B0_预检包_20260822/original/windows_preimage_20260822/src/server/game/Maps/Map.h	44138	e5a731410d2b21fb614aed6a79b4bce29449ac1608593e68de102ff8c58bd65b	仓库文件	-
项目文件	文件	文件	tc-bignum/规划/G17_飞行与移动/G17B0_预检包_20260822/original/windows_preimage_20260822/src/server/game/Scripting/ScriptMgr.h	44641	60c4dda3bc2753fdbdbc951ce417d14016d56c8b0e3521d388d80dba8276e6d3	仓库文件	-
项目文件	文件	文件	tc-bignum/规划/G17_飞行与移动/G17B0_预检包_20260822/original/windows_preimage_20260822/src/server/scripts/CMakeLists.txt	9923	fdf785cdc99e125ee0dd7cffd4c924c6343f88924cd79e3c8d0f78d6b6bbbfbe	仓库文件	-
项目文件	文件	文件	tc-bignum/规划/G17_飞行与移动/G17B0_预检包_20260822/original/windows_preimage_20260822/src/server/scripts/Commands/cs_script_loader.cpp	5589	2a4895a32532f3c6c2c6dc3096fced4bff6d53c39dd3787bd81a76653d42f3f7	仓库文件	-
项目文件	文件	文件	tc-bignum/规划/G17_飞行与移动/G17B0_预检包_20260822/original/windows_preimage_20260822/src/server/scripts/ScriptLoader.h	1031	6b617f0aafa6218a618e10bbff49b054991406e7ee195c12c744423418f6a0ee	仓库文件	-
项目文件	文件	文件	tc-bignum/规划/G17_飞行与移动/G17B0_预检包_20260822/payload/src/server/scripts/Commands/cs_dragonriding.cpp	16463	c9535dca3390ece6735e6ff6b7418ed99ff206628b5e8febd7b78b05cba999bd	仓库文件	-
项目文件	文件	文件	tc-bignum/规划/G17_飞行与移动/G17B0_预检包_20260822/postimage/src/server/scripts/Commands/cs_script_loader.cpp	5672	5502e5b4e22535957f3db81083530b048ec33f6852f4697fbe55795628cee5cc	仓库文件	-
项目文件	文件	文件	tc-bignum/规划/G17_飞行与移动/G17B0_预检包_20260822/sql/G17B0_world_probe_readonly.sql	6153	e272e573917af68e73f1991a377f35136507ec12520894f86b69896fbcd62de4	仓库文件	-
项目文件	文件	文件	tc-bignum/规划/G17_飞行与移动/G17B1R1_Native_Runner_Fix_Windows_20260823.zip	32052	c94394177b188843c7ed79a989fe46f7397233bf9103d2fc622ecf79f4c77cc8	仓库文件	-
项目文件	文件	文件	tc-bignum/规划/G17_飞行与移动/G17B1R1_Native_Runner_Fix_Windows_20260823/01_Install_Build_G17B1R1.cmd	525	3397463e53b87a1758b125f20ee4d532410518d66f5d3a5f6b79d6db1990cb5a	仓库文件	-
项目文件	文件	文件	tc-bignum/规划/G17_飞行与移动/G17B1R1_Native_Runner_Fix_Windows_20260823/02_Rollback_Build_G17B1R1.cmd	371	fe6f8e3785dfe31a939aa4632fca38e3149805df7c212ec12e32864b3a7fad9d	仓库文件	-
项目文件	文件	文件	tc-bignum/规划/G17_飞行与移动/G17B1R1_Native_Runner_Fix_Windows_20260823/Install-Build-G17B1R1-Windows.ps1	6149	ca9458fcc893ea56a9f08e066406dd32278d7652f17c882629859d15fac5711b	仓库文件	-
项目文件	文件	文件	tc-bignum/规划/G17_飞行与移动/G17B1R1_Native_Runner_Fix_Windows_20260823/OFFLINE_VALIDATION_20260823.txt	628	182ca9662316ea68c63b34f2acd42fac5f09c38c9c609d03cd0822054bfc5c08	仓库文件	-
项目文件	文件	文件	tc-bignum/规划/G17_飞行与移动/G17B1R1_Native_Runner_Fix_Windows_20260823/PACKAGE_METADATA.txt	708	76dd392bf71b4d3ab32a40c2a52e12971a89de58c5bc8e6a99e7db10df0198fc	仓库文件	-
项目文件	文件	文件	tc-bignum/规划/G17_飞行与移动/G17B1R1_Native_Runner_Fix_Windows_20260823/README_FIRST.txt	2303	fbe073a48a62710d12bbafc78801ab5bdbb1a4c7c0b59088ee070f8cc3f7bf51	仓库文件	-
项目文件	文件	文件	tc-bignum/规划/G17_飞行与移动/G17B1R1_Native_Runner_Fix_Windows_20260823/Rollback-Build-G17B1R1-Windows.ps1	3056	6107f58452d0143b874a92cfb59d5c616ea3aedbe8349275f20e7333cb1140df	仓库文件	-
项目文件	文件	文件	tc-bignum/规划/G17_飞行与移动/G17B1R1_Native_Runner_Fix_Windows_20260823/SHA256SUMS.txt	1410	10b3ad1b5b0ca23db010fea28cca339c38326387f7f499bd0029e598a5401732	仓库文件	-
项目文件	文件	文件	tc-bignum/规划/G17_飞行与移动/G17B1R1_Native_Runner_Fix_Windows_20260823/Test-G17B1R1-Package.py	2227	231f1eaa4d66753bf8fad111cb035efcc3fbb04af80c99e7df11a0e86241bb0a	仓库文件	-
项目文件	文件	文件	tc-bignum/规划/G17_飞行与移动/G17B1R1_Native_Runner_Fix_Windows_20260823/original/src/server/scripts/Commands/cs_dragonriding.cpp	24260	10a7002db4c173e441836870da01dd3009a7ba470369ca1a89bdb399ee9b2f45	仓库文件	-
项目文件	文件	文件	tc-bignum/规划/G17_飞行与移动/G17B1R1_Native_Runner_Fix_Windows_20260823/original_installer/Install-Build-G17B1-Windows.ps1	5735	e40e374a1abce3f4fab9801491ea23e218d0e1f92a5a57a11e6bea5cece370bf	仓库文件	-
项目文件	文件	文件	tc-bignum/规划/G17_飞行与移动/G17B1R1_Native_Runner_Fix_Windows_20260823/original_installer/Rollback-Build-G17B1-Windows.ps1	2690	8b2fff8d1bd2f5ce040ed08ad3add65e6a17f81f4451ac1f677d2c973b9a6a66	仓库文件	-
项目文件	文件	文件	tc-bignum/规划/G17_飞行与移动/G17B1R1_Native_Runner_Fix_Windows_20260823/payload/src/server/scripts/Commands/cs_dragonriding.cpp	31648	2c7594d0f1428a767570063ac90c5f816991bf1d883fe61e45a1a28902a68199	仓库文件	-
项目文件	文件	文件	tc-bignum/规划/G17_飞行与移动/G17B1R1_Native_Runner_Fix_Windows_20260823/tests/test_g17b1.py	3368	275660e298e087ffbcef497633727d24c3ef44b2ec2aff11259c196e178ef1ab	仓库文件	-
项目文件	文件	文件	tc-bignum/规划/G17_飞行与移动/G17B1R1_Native_Runner_Fix_Windows_20260823/tools/apply_g17b1_source.py	2577	a938fefab2becdb83560939d21d92be65cb48fe939060b2ab6008cf50b6a79e5	仓库文件	-
项目文件	文件	文件	tc-bignum/规划/G17_飞行与移动/G17B1R3_Authoritative_Seat_Verification_Windows_20260823.zip	29614	69a3cd9cda242012422f775fc44b14cd0807269b4c4182d35ad2ed02decfad70	仓库文件	-
项目文件	文件	文件	tc-bignum/规划/G17_飞行与移动/G17B1R3_Authoritative_Seat_Verification_Windows_20260823/01_Install_Build_G17B1R3.cmd	514	2891bbe104aea62a71c53e2e6fb63fb292c8e5b3518f66f0bb6837218aa3d66d	仓库文件	-
项目文件	文件	文件	tc-bignum/规划/G17_飞行与移动/G17B1R3_Authoritative_Seat_Verification_Windows_20260823/02_Rollback_Build_G17B1R3.cmd	371	4bf974d997a1ae2b37bee0c9b8c3b7259f4e6e88d9996709705f23858aec5e2b	仓库文件	-
项目文件	文件	文件	tc-bignum/规划/G17_飞行与移动/G17B1R3_Authoritative_Seat_Verification_Windows_20260823/Install-Build-G17B1R3-Windows.ps1	6335	6ebc27c9ccc9dc231052028d8da79ebb44738d3bb1b1c2948677066977973547	仓库文件	-
项目文件	文件	文件	tc-bignum/规划/G17_飞行与移动/G17B1R3_Authoritative_Seat_Verification_Windows_20260823/OFFLINE_VALIDATION_20260823.txt	521	1a4be287a44b1b8e50fa3816b91746ad59871a3636b9cf82ac887e028cf7acf1	仓库文件	-
项目文件	文件	文件	tc-bignum/规划/G17_飞行与移动/G17B1R3_Authoritative_Seat_Verification_Windows_20260823/PACKAGE_METADATA.txt	627	bf37187b99261a729cb45e7dbebcda7de0f1e0267a3132d892ed28b09c55381c	仓库文件	-
项目文件	文件	文件	tc-bignum/规划/G17_飞行与移动/G17B1R3_Authoritative_Seat_Verification_Windows_20260823/README_FIRST.txt	1991	fcfa631f155d36ccbd01ec210d7887196449dc5dd1d845120969cea01f8b79bd	仓库文件	-
项目文件	文件	文件	tc-bignum/规划/G17_飞行与移动/G17B1R3_Authoritative_Seat_Verification_Windows_20260823/Rollback-Build-G17B1R3-Windows.ps1	3011	1e9ea7e194a8f25f9c16b50964b1c2ebfd4cb43866dca4e53223aea32abb7b39	仓库文件	-
项目文件	文件	文件	tc-bignum/规划/G17_飞行与移动/G17B1R3_Authoritative_Seat_Verification_Windows_20260823/SHA256SUMS.txt	1179	c42d607a5c875e618d5af66e1f8d7a798e910062aebf0256d9cccbe3122b263d	仓库文件	-
项目文件	文件	文件	tc-bignum/规划/G17_飞行与移动/G17B1R3_Authoritative_Seat_Verification_Windows_20260823/Test-G17B1R3-Package.py	2480	075ba4151c9a20e2b8a8caf74f736224005edb13aba09bdd0baf3f3fee041d15	仓库文件	-
项目文件	文件	文件	tc-bignum/规划/G17_飞行与移动/G17B1R3_Authoritative_Seat_Verification_Windows_20260823/original/src/server/scripts/Commands/cs_dragonriding.cpp	31648	2c7594d0f1428a767570063ac90c5f816991bf1d883fe61e45a1a28902a68199	仓库文件	-
项目文件	文件	文件	tc-bignum/规划/G17_飞行与移动/G17B1R3_Authoritative_Seat_Verification_Windows_20260823/payload/src/server/scripts/Commands/cs_dragonriding.cpp	32539	94ff80334783e8883f0811a1a7f76595d91b729cc43684f00273abb9d955628b	仓库文件	-
项目文件	文件	文件	tc-bignum/规划/G17_飞行与移动/G17B1R3_Authoritative_Seat_Verification_Windows_20260823/tests/test_g17b1r3.py	3390	b0fa209fd0080f05ac381e5b57b41be0c780b4848d517827a3aa94ecb2174e26	仓库文件	-
项目文件	文件	文件	tc-bignum/规划/G17_飞行与移动/G17B1R3_Authoritative_Seat_Verification_Windows_20260823/tools/apply_g17b1r3_source.py	2315	66afff243ab3586a8c7fc32758d9a7c9f452be7524f29aa8957cc31adb2538bf	仓库文件	-
G17-B1R4	历史批次	Runtime PASS后关闭	tc-bignum/规划/G17_飞行与移动/G17B1R4_Continuous_Indoor_Safety_Windows_20260823.zip	30086	d037912734a1bdcc1d6dc0a6a0bfc0e3668df6361b30ee6ee587fbe32ae85cd1	历史证据	B1已关闭；历史证据保留；禁止重复执行
G17-B1R4	历史批次	Runtime PASS后关闭	tc-bignum/规划/G17_飞行与移动/G17B1R4_Continuous_Indoor_Safety_Windows_20260823/01_Install_Build_G17B1R4.cmd	514	2b818ac04b219e5835bbded9ec982bdbc3f4392297209869c9ac691784a3412a	历史证据	B1已关闭；历史证据保留；禁止重复执行
G17-B1R4	历史批次	Runtime PASS后关闭	tc-bignum/规划/G17_飞行与移动/G17B1R4_Continuous_Indoor_Safety_Windows_20260823/02_Rollback_Build_G17B1R4.cmd	371	db39b704a6d52feddae218df61e2ca07d2f7815cf4e99cc08ce35d361e0586ba	历史证据	B1已关闭；历史证据保留；禁止重复执行
G17-B1R4	历史批次	Runtime PASS后关闭	tc-bignum/规划/G17_飞行与移动/G17B1R4_Continuous_Indoor_Safety_Windows_20260823/Install-Build-G17B1R4-Windows.ps1	6348	163506b71153a668c9d6941aa44cf7797186b791702cbfe5a7d5eedf17523683	历史证据	B1已关闭；历史证据保留；禁止重复执行
G17-B1R4	历史批次	Runtime PASS后关闭	tc-bignum/规划/G17_飞行与移动/G17B1R4_Continuous_Indoor_Safety_Windows_20260823/OFFLINE_VALIDATION_20260823.txt	602	e67c9f7b8b4a1e16abf015aeeba77777d4d0cd76f12f9b274c1fc29aeb1801d7	历史证据	B1已关闭；历史证据保留；禁止重复执行
G17-B1R4	历史批次	Runtime PASS后关闭	tc-bignum/规划/G17_飞行与移动/G17B1R4_Continuous_Indoor_Safety_Windows_20260823/PACKAGE_METADATA.txt	614	a744944c70d16203f6830e58b77107eaafa2f0ab2642e0cd70a6aeb88dfcadbc	历史证据	B1已关闭；历史证据保留；禁止重复执行
G17-B1R4	历史批次	Runtime PASS后关闭	tc-bignum/规划/G17_飞行与移动/G17B1R4_Continuous_Indoor_Safety_Windows_20260823/README_FIRST.txt	1978	6c00e193c09ba48ac78a6c2ec8911fb4565c018001386ab3f97d6ffe2917e4d1	历史证据	B1已关闭；历史证据保留；禁止重复执行
G17-B1R4	历史批次	Runtime PASS后关闭	tc-bignum/规划/G17_飞行与移动/G17B1R4_Continuous_Indoor_Safety_Windows_20260823/Rollback-Build-G17B1R4-Windows.ps1	3013	8a942c2eb4b55d2e12197efd153f0e91017c7bfe2ec813fe29bea15d4aef2066	历史证据	B1已关闭；历史证据保留；禁止重复执行
G17-B1R4	历史批次	Runtime PASS后关闭	tc-bignum/规划/G17_飞行与移动/G17B1R4_Continuous_Indoor_Safety_Windows_20260823/SHA256SUMS.txt	1179	2d99ed12cd2106b831be8b21656289598971ffb41d1280588d187134c9584d82	历史证据	B1已关闭；历史证据保留；禁止重复执行
G17-B1R4	历史批次	Runtime PASS后关闭	tc-bignum/规划/G17_飞行与移动/G17B1R4_Continuous_Indoor_Safety_Windows_20260823/Test-G17B1R4-Package.py	2974	98c63a5aa51929a29753b58c9509fa327045b92d23e289e429300978fca96e4a	历史证据	B1已关闭；历史证据保留；禁止重复执行
G17-B1R4	历史批次	Runtime PASS后关闭	tc-bignum/规划/G17_飞行与移动/G17B1R4_Continuous_Indoor_Safety_Windows_20260823/original/src/server/scripts/Commands/cs_dragonriding.cpp	32539	94ff80334783e8883f0811a1a7f76595d91b729cc43684f00273abb9d955628b	历史证据	B1已关闭；历史证据保留；禁止重复执行
G17-B1R4	历史批次	Runtime PASS后关闭	tc-bignum/规划/G17_飞行与移动/G17B1R4_Continuous_Indoor_Safety_Windows_20260823/payload/src/server/scripts/Commands/cs_dragonriding.cpp	34265	e9418704731a2d9cd5119cc2024079a2326802796d00bf24e88928dd17ea7059	历史证据	B1已关闭；历史证据保留；禁止重复执行
G17-B1R4	历史批次	Runtime PASS后关闭	tc-bignum/规划/G17_飞行与移动/G17B1R4_Continuous_Indoor_Safety_Windows_20260823/tests/test_g17b1r4.py	3674	b0529140844fc89ba5a1f048be6cd0b9736220c4a69beee6a2c736b537ff12af	历史证据	B1已关闭；历史证据保留；禁止重复执行
G17-B1R4	历史批次	Runtime PASS后关闭	tc-bignum/规划/G17_飞行与移动/G17B1R4_Continuous_Indoor_Safety_Windows_20260823/tools/apply_g17b1r4_source.py	2315	96fb3881ac19c050c3d2944d1abd303a619d616665fc94b7b036798269d0c00f	历史证据	B1已关闭；历史证据保留；禁止重复执行
G17-B1R5	历史批次	Runtime PASS后关闭	tc-bignum/规划/G17_飞行与移动/G17B1R5_Wrapper_Mount_No_Parachute_Windows_20260823.zip	37888	77cded6bb996945b9ad3230d21d5455eb566c3a7a93429ca79cd26cd9afe9158	历史证据	B1已关闭；历史证据保留；禁止重复执行
G17-B1R5	历史批次	Runtime PASS后关闭	tc-bignum/规划/G17_飞行与移动/G17B1R5_Wrapper_Mount_No_Parachute_Windows_20260823/01_Install_Build_G17B1R5.cmd	514	5653d0dadccafea2484a33940b7b7a91435d07c097711a8a7e7d18b73caf15bf	历史证据	B1已关闭；历史证据保留；禁止重复执行
G17-B1R5	历史批次	Runtime PASS后关闭	tc-bignum/规划/G17_飞行与移动/G17B1R5_Wrapper_Mount_No_Parachute_Windows_20260823/02_Rollback_Build_G17B1R5.cmd	371	01cd33a21525e807be49183e4dc443b0bdb48a509beb889ebd1a889e693142c3	历史证据	B1已关闭；历史证据保留；禁止重复执行
G17-B1R5	历史批次	Runtime PASS后关闭	tc-bignum/规划/G17_飞行与移动/G17B1R5_Wrapper_Mount_No_Parachute_Windows_20260823/Install-Build-G17B1R5-Windows.ps1	6354	a42891d7a2ebe3ff50d66c81591d9710e502d8fa7d0081c728238dc12482c462	历史证据	B1已关闭；历史证据保留；禁止重复执行
G17-B1R5	历史批次	Runtime PASS后关闭	tc-bignum/规划/G17_飞行与移动/G17B1R5_Wrapper_Mount_No_Parachute_Windows_20260823/OFFLINE_VALIDATION_20260823.txt	1158	b8c4a961b8b45faa840b2667467f0845b527609735f5c1318f1448bdf7ff7f27	历史证据	B1已关闭；历史证据保留；禁止重复执行
G17-B1R5	历史批次	Runtime PASS后关闭	tc-bignum/规划/G17_飞行与移动/G17B1R5_Wrapper_Mount_No_Parachute_Windows_20260823/PACKAGE_METADATA.txt	792	deecfbb43c6ba81ad7fef6d9afa97f69606d0b4167a41e2f8f82d21c28884019	历史证据	B1已关闭；历史证据保留；禁止重复执行
G17-B1R5	历史批次	Runtime PASS后关闭	tc-bignum/规划/G17_飞行与移动/G17B1R5_Wrapper_Mount_No_Parachute_Windows_20260823/README_FIRST.txt	3099	ef99212c03407106eaf386a3b5c76b344a9b4f2ca277a4bf46446126f05ffc4b	历史证据	B1已关闭；历史证据保留；禁止重复执行
G17-B1R5	历史批次	Runtime PASS后关闭	tc-bignum/规划/G17_飞行与移动/G17B1R5_Wrapper_Mount_No_Parachute_Windows_20260823/Rollback-Build-G17B1R5-Windows.ps1	3013	abe892a557297e8449d6747c35a80621e0ee54484f6744a3023f94d5d7b0cf81	历史证据	B1已关闭；历史证据保留；禁止重复执行
G17-B1R5	历史批次	Runtime PASS后关闭	tc-bignum/规划/G17_飞行与移动/G17B1R5_Wrapper_Mount_No_Parachute_Windows_20260823/SHA256SUMS.txt	1401	591de04aa1484201d2e948f75df9747ac9c04094b0d4b29945881f8bf6a4b6ca	历史证据	B1已关闭；历史证据保留；禁止重复执行
G17-B1R5	历史批次	Runtime PASS后关闭	tc-bignum/规划/G17_飞行与移动/G17B1R5_Wrapper_Mount_No_Parachute_Windows_20260823/Test-G17B1R5-Package.py	4093	1a2fb200fc6177f9242268adfc6fba838fe0111aa10fc4e0346d26916bd903f0	历史证据	B1已关闭；历史证据保留；禁止重复执行
G17-B1R5	历史批次	Runtime PASS后关闭	tc-bignum/规划/G17_飞行与移动/G17B1R5_Wrapper_Mount_No_Parachute_Windows_20260823/original/src/server/scripts/Commands/cs_dragonriding.cpp	34265	e9418704731a2d9cd5119cc2024079a2326802796d00bf24e88928dd17ea7059	历史证据	B1已关闭；历史证据保留；禁止重复执行
G17-B1R5	历史批次	Runtime PASS后关闭	tc-bignum/规划/G17_飞行与移动/G17B1R5_Wrapper_Mount_No_Parachute_Windows_20260823/payload/src/server/scripts/Commands/cs_dragonriding.cpp	37768	35af002b09b5d8112bbc1aaa1750f4a6245adec8b7c91a7852d69bdd283668b8	历史证据	B1已关闭；历史证据保留；禁止重复执行
G17-B1R5	历史批次	Runtime PASS后关闭	tc-bignum/规划/G17_飞行与移动/G17B1R5_Wrapper_Mount_No_Parachute_Windows_20260823/tests/test_g17b1r5.py	9160	9c496e67e3f8349129ee5cb134dba7b0bc0669f357bfc5c853898a5f58f7a04d	历史证据	B1已关闭；历史证据保留；禁止重复执行
G17-B1R5	历史批次	Runtime PASS后关闭	tc-bignum/规划/G17_飞行与移动/G17B1R5_Wrapper_Mount_No_Parachute_Windows_20260823/tools/apply_g17b1r5_source.py	2967	55b96880a4cda104d13705c46ff1a14c341f9b0f97a2cf7ad8e062ffc5c273ae	历史证据	B1已关闭；历史证据保留；禁止重复执行
G17-B1R5	历史批次	Runtime PASS后关闭	tc-bignum/规划/G17_飞行与移动/G17B1R5_Wrapper_Mount_No_Parachute_Windows_20260823/tools/inspect_g17b1r5_wrapper_spells.py	2567	f658e05e5935101e5e0fffd252a96b84383e73f22c338ceda20a17fb51a76da9	历史证据	B1已关闭；历史证据保留；禁止重复执行
G17-B1R5	历史批次	Runtime PASS后关闭	tc-bignum/规划/G17_飞行与移动/G17B1R5_Wrapper_Mount_No_Parachute_Windows_20260823/证据/g17b1r5_wrapper_spell_analysis_20260823.md	4280	ab7a5dff946c39f68c0af3b40197ccb40f70f8fdf577bd547dc77e4a44dce373	历史证据	B1已关闭；历史证据保留；禁止重复执行
项目文件	文件	文件	tc-bignum/规划/G17_飞行与移动/G17B1_All_Mounts_Auto_Intercept_Windows_20260823.zip	27946	3ea807f6e493bf7010ba6f8b5eb4e69cc5f577ff368d84d5e10cfc724eae4774	仓库文件	-
项目文件	文件	文件	tc-bignum/规划/G17_飞行与移动/G17B1_All_Mounts_Auto_Intercept_Windows_20260823/01_Install_Build_G17B1.cmd	509	fd33312eb320fae06613f6be0d5e714471d5db0eb144b4aefaf58db73e0b3769	仓库文件	-
项目文件	文件	文件	tc-bignum/规划/G17_飞行与移动/G17B1_All_Mounts_Auto_Intercept_Windows_20260823/02_Rollback_Build_G17B1.cmd	359	6e77fe00e465e03075a54390f2889ca37c4d0d1d41e644175914c953145f9bd7	仓库文件	-
项目文件	文件	文件	tc-bignum/规划/G17_飞行与移动/G17B1_All_Mounts_Auto_Intercept_Windows_20260823/Install-Build-G17B1-Windows.ps1	5735	e40e374a1abce3f4fab9801491ea23e218d0e1f92a5a57a11e6bea5cece370bf	仓库文件	-
项目文件	文件	文件	tc-bignum/规划/G17_飞行与移动/G17B1_All_Mounts_Auto_Intercept_Windows_20260823/OFFLINE_VALIDATION_20260823.txt	645	4e723cba6432399f383a21513632b5f8f892434fb7ce13d368b83fa7dbfb4749	仓库文件	-
项目文件	文件	文件	tc-bignum/规划/G17_飞行与移动/G17B1_All_Mounts_Auto_Intercept_Windows_20260823/PACKAGE_METADATA.txt	904	4851a3d6d41d977f5b2b607c243552a3f11a1678e7d42708547237427fc27b02	仓库文件	-
项目文件	文件	文件	tc-bignum/规划/G17_飞行与移动/G17B1_All_Mounts_Auto_Intercept_Windows_20260823/README_FIRST.txt	3236	e9d841282af5173f4c61e1cbf56f1c87433f4265177c0f502a711b15307992ef	仓库文件	-
项目文件	文件	文件	tc-bignum/规划/G17_飞行与移动/G17B1_All_Mounts_Auto_Intercept_Windows_20260823/Rollback-Build-G17B1-Windows.ps1	2690	8b2fff8d1bd2f5ce040ed08ad3add65e6a17f81f4451ac1f677d2c973b9a6a66	仓库文件	-
项目文件	文件	文件	tc-bignum/规划/G17_飞行与移动/G17B1_All_Mounts_Auto_Intercept_Windows_20260823/SHA256SUMS.txt	1165	a365d143514180ed51a5f27fa3538a9ff7c0c12a1cc41e8ab5320446859ab623	仓库文件	-
项目文件	文件	文件	tc-bignum/规划/G17_飞行与移动/G17B1_All_Mounts_Auto_Intercept_Windows_20260823/Test-G17B1-Package.py	1200	cce64ca36acba36dbe5d39c55fef76f0f1f6dd3eb6a9e4bf70dba17794925adb	仓库文件	-
项目文件	文件	文件	tc-bignum/规划/G17_飞行与移动/G17B1_All_Mounts_Auto_Intercept_Windows_20260823/original/src/server/scripts/Commands/cs_dragonriding.cpp	24260	10a7002db4c173e441836870da01dd3009a7ba470369ca1a89bdb399ee9b2f45	仓库文件	-
项目文件	文件	文件	tc-bignum/规划/G17_飞行与移动/G17B1_All_Mounts_Auto_Intercept_Windows_20260823/payload/src/server/scripts/Commands/cs_dragonriding.cpp	31648	2c7594d0f1428a767570063ac90c5f816991bf1d883fe61e45a1a28902a68199	仓库文件	-
项目文件	文件	文件	tc-bignum/规划/G17_飞行与移动/G17B1_All_Mounts_Auto_Intercept_Windows_20260823/tests/test_g17b1.py	3368	275660e298e087ffbcef497633727d24c3ef44b2ec2aff11259c196e178ef1ab	仓库文件	-
项目文件	文件	文件	tc-bignum/规划/G17_飞行与移动/G17B1_All_Mounts_Auto_Intercept_Windows_20260823/tools/apply_g17b1_source.py	2577	a938fefab2becdb83560939d21d92be65cb48fe939060b2ab6008cf50b6a79e5	仓库文件	-
G17-B2R1	ZIP	已执行冻结包	tc-bignum/规划/G17_飞行与移动/G17B2R1_Runtime_Experience_Rework_Windows_20260824.zip	73526	94822d393236db850b82972062281ec12cb709b75d70b8f56885b9a018aa8daa	当前交付	18文件；73526字节；Windows构建PASS，禁止重跑；Runtime待验收
G17-B2R1	Windows包文件	已执行冻结目录	tc-bignum/规划/G17_飞行与移动/G17B2R1_Runtime_Experience_Rework_Windows_20260824/01_Install_Build_G17B2R1.cmd	406	cd05ab934a00d2442276ee8d1e64624a9eaebb6443fde1bc1993c5b815b338df	当前交付	真实Windows构建PASS；保留自包含安装/回滚/测试证据，禁止重跑
G17-B2R1	Windows包文件	已执行冻结目录	tc-bignum/规划/G17_飞行与移动/G17B2R1_Runtime_Experience_Rework_Windows_20260824/02_Rollback_Build_G17B2R1.cmd	435	194043dbcf5e29390e2529fb0545270e20a15d216133bc5043c1a6168a9430d4	当前交付	真实Windows构建PASS；保留自包含安装/回滚/测试证据，禁止重跑
G17-B2R1	Windows包文件	已执行冻结目录	tc-bignum/规划/G17_飞行与移动/G17B2R1_Runtime_Experience_Rework_Windows_20260824/Install-Build-G17B2R1-Windows.ps1	10952	4a3f2a52170c257cc8266e3d995f36eecdcc92dc1bfb26742544ab0740e33afe	当前交付	真实Windows构建PASS；保留自包含安装/回滚/测试证据，禁止重跑
G17-B2R1	Windows包文件	已执行冻结目录	tc-bignum/规划/G17_飞行与移动/G17B2R1_Runtime_Experience_Rework_Windows_20260824/PACKAGE_METADATA.txt	1691	7aaf2e2328c8ccd18d44cc9ac6a69e33c1af11d95c57e0356fc7a11de1efc68d	当前交付	真实Windows构建PASS；保留自包含安装/回滚/测试证据，禁止重跑
G17-B2R1	Windows包文件	已执行冻结目录	tc-bignum/规划/G17_飞行与移动/G17B2R1_Runtime_Experience_Rework_Windows_20260824/README_FIRST.txt	2750	c6145b0cbe1e703e5b60e3287d1a69e1da93164fbdcb26422576b65a918aab42	当前交付	真实Windows构建PASS；保留自包含安装/回滚/测试证据，禁止重跑
G17-B2R1	Windows包文件	已执行冻结目录	tc-bignum/规划/G17_飞行与移动/G17B2R1_Runtime_Experience_Rework_Windows_20260824/Rollback-Build-G17B2R1-Windows.ps1	11057	28dfad61c0dc9f513e72851ec452eced076165432983c7b1b21daa58567785fb	当前交付	真实Windows构建PASS；保留自包含安装/回滚/测试证据，禁止重跑
G17-B2R1	Windows包文件	已执行冻结目录	tc-bignum/规划/G17_飞行与移动/G17B2R1_Runtime_Experience_Rework_Windows_20260824/SHA256SUMS.txt	1758	7affe86e8bc2ff1fe8494a778e18b1d5b6486032928e3784c09ed159e0a33571	当前交付	真实Windows构建PASS；保留自包含安装/回滚/测试证据，禁止重跑
G17-B2R1	Windows包文件	已执行冻结目录	tc-bignum/规划/G17_飞行与移动/G17B2R1_Runtime_Experience_Rework_Windows_20260824/Test-G17B2R1-Package.py	4671	e405a766363674535c02c023ae5346c9e3a858afd9b65e0ef95ee2acdc2dc13f	当前交付	真实Windows构建PASS；保留自包含安装/回滚/测试证据，禁止重跑
G17-B2R1	Windows包文件	已执行冻结目录	tc-bignum/规划/G17_飞行与移动/G17B2R1_Runtime_Experience_Rework_Windows_20260824/original/src/server/scripts/Commands/cs_dragonriding.cpp	60897	8b47a5b507bc281198363972e10f91ab0ed3784ad920cf810bd20eacfb6ec1d5	当前交付	真实Windows构建PASS；保留自包含安装/回滚/测试证据，禁止重跑
G17-B2R1	Windows包文件	已执行冻结目录	tc-bignum/规划/G17_飞行与移动/G17B2R1_Runtime_Experience_Rework_Windows_20260824/payload/src/server/scripts/Commands/cs_dragonriding.cpp	74448	ff185d9987b8f4457d8380e1c662cd0313b33a7ae4be6b82974e7702d1fdc4fc	当前交付	真实Windows构建PASS；保留自包含安装/回滚/测试证据，禁止重跑
G17-B2R1	Windows包文件	已执行冻结目录	tc-bignum/规划/G17_飞行与移动/G17B2R1_Runtime_Experience_Rework_Windows_20260824/rollback_safe/src/server/scripts/Commands/cs_dragonriding.cpp	61267	e298a856edcf366b09934c3635ea8493b6d4e529d9fa2dbf2de2bce77b5b0203	当前交付	真实Windows构建PASS；保留自包含安装/回滚/测试证据，禁止重跑
G17-B2R1	Windows包文件	已执行冻结目录	tc-bignum/规划/G17_飞行与移动/G17B2R1_Runtime_Experience_Rework_Windows_20260824/sql/G17B2R1_world_safety_migration.sql	3075	b4526c241e8c8a012f3463038c40d8ca251749f91305939449b1098732e88b66	当前交付	真实Windows构建PASS；保留自包含安装/回滚/测试证据，禁止重跑
G17-B2R1	Windows包文件	已执行冻结目录	tc-bignum/规划/G17_飞行与移动/G17B2R1_Runtime_Experience_Rework_Windows_20260824/tests/test_g17b2r1.py	16772	8c940ee793bf49abe883e3051a58110284dbc7d8c3df81685d74c355334ec9c2	当前交付	真实Windows构建PASS；保留自包含安装/回滚/测试证据，禁止重跑
G17-B2R1	Windows包文件	已执行冻结目录	tc-bignum/规划/G17_飞行与移动/G17B2R1_Runtime_Experience_Rework_Windows_20260824/tools/apply_g17b2r1_source.py	3589	2db8348d659d1bda667475b0b15a596bb14dd60fb56ed0382aa75c049c3e61d1	当前交付	真实Windows构建PASS；保留自包含安装/回滚/测试证据，禁止重跑
G17-B2R1	Windows包文件	已执行冻结目录	tc-bignum/规划/G17_飞行与移动/G17B2R1_Runtime_Experience_Rework_Windows_20260824/证据/G17B2R1_52226_project_dbc_audit.txt	427	5865ecc1eed88b205f381dc2dcdd075927af1807bbb0a9a7feceb180377aefda	当前交付	真实Windows构建PASS；保留自包含安装/回滚/测试证据，禁止重跑
G17-B2R1	Windows包文件	已执行冻结目录	tc-bignum/规划/G17_飞行与移动/G17B2R1_Runtime_Experience_Rework_Windows_20260824/证据/G17B2R1_52226_world_preimage_collision_audit.txt	357	a4847fb6180eb7413d274b81a2f798a7d2ddc31856921dd09f414fde69635953	当前交付	真实Windows构建PASS；保留自包含安装/回滚/测试证据，禁止重跑
G17-B2R1	Windows包文件	已执行冻结目录	tc-bignum/规划/G17_飞行与移动/G17B2R1_Runtime_Experience_Rework_Windows_20260824/证据/G17B2R1_local_validation_20260824.txt	1458	01d7b681873d4a7101a9cf61b441222d07173b3fe9b7bb7608af6dadc03c1476	当前交付	真实Windows构建PASS；保留自包含安装/回滚/测试证据，禁止重跑
G17-B2R1	Windows包文件	已执行冻结目录	tc-bignum/规划/G17_飞行与移动/G17B2R1_Runtime_Experience_Rework_Windows_20260824/证据/G17B2R1_visual_kit_audit.txt	1190	8a915de6a37c0b7cb2dd47898fd15b63a995b5154516ed19861a266f548f1abe	当前交付	真实Windows构建PASS；保留自包含安装/回滚/测试证据，禁止重跑
G17-B2	历史失败包	Runtime体验FAIL后封存	tc-bignum/规划/G17_飞行与移动/G17B2_Complete_Flight_Typed_Landing_Windows_20260823.zip	42537	c2d0cd055812aff519502a6b73253f100e204069fbd6c7e97e80deadee396c85	历史证据	真实部署成功但整体体验FAIL；由B2R1取代，禁止重跑
G17-B2	历史失败包	Runtime体验FAIL后封存	tc-bignum/规划/G17_飞行与移动/G17B2_Complete_Flight_Typed_Landing_Windows_20260823/01_Install_Build_G17B2.cmd	506	b4b07e7566cf30b452f1351f9797d4ad87f37141d434d9dc4a17141bdb7e4cb0	历史证据	真实部署成功但整体体验FAIL；由B2R1取代，禁止重跑
G17-B2	历史失败包	Runtime体验FAIL后封存	tc-bignum/规划/G17_飞行与移动/G17B2_Complete_Flight_Typed_Landing_Windows_20260823/02_Rollback_Build_G17B2.cmd	338	ef7dc2b3fb52086779349a2393618117d4d047eee0dfa139238fea991ab56c5f	历史证据	真实部署成功但整体体验FAIL；由B2R1取代，禁止重跑
G17-B2	历史失败包	Runtime体验FAIL后封存	tc-bignum/规划/G17_飞行与移动/G17B2_Complete_Flight_Typed_Landing_Windows_20260823/Install-Build-G17B2-Windows.ps1	6438	ed9d181d8956fd5ea8c7a5d757f623227e8985a6092acbba9641400caf6f8f8d	历史证据	真实部署成功但整体体验FAIL；由B2R1取代，禁止重跑
G17-B2	历史失败包	Runtime体验FAIL后封存	tc-bignum/规划/G17_飞行与移动/G17B2_Complete_Flight_Typed_Landing_Windows_20260823/OFFLINE_VALIDATION_20260823.txt	876	b7e7ce9df4a21d70761faa648e5a609d89cb734c0bdf1e87f6284f5bff0b17f5	历史证据	真实部署成功但整体体验FAIL；由B2R1取代，禁止重跑
G17-B2	历史失败包	Runtime体验FAIL后封存	tc-bignum/规划/G17_飞行与移动/G17B2_Complete_Flight_Typed_Landing_Windows_20260823/PACKAGE_METADATA.txt	901	cf6136deb20fc3a79f3551c53da375b69c9761d41bcfcab1b4a6054d794f4405	历史证据	真实部署成功但整体体验FAIL；由B2R1取代，禁止重跑
G17-B2	历史失败包	Runtime体验FAIL后封存	tc-bignum/规划/G17_飞行与移动/G17B2_Complete_Flight_Typed_Landing_Windows_20260823/README_FIRST.txt	2991	ff3038b0b46929d08ca734d44d1d93120a16025eb9f347a6bdd3b56e622963ce	历史证据	真实部署成功但整体体验FAIL；由B2R1取代，禁止重跑
G17-B2	历史失败包	Runtime体验FAIL后封存	tc-bignum/规划/G17_飞行与移动/G17B2_Complete_Flight_Typed_Landing_Windows_20260823/Rollback-Build-G17B2-Windows.ps1	2999	bed46d2a96ed10d6f50c9a14ff762a78f0fda5495e19ed763f75eaf67a2dce08	历史证据	真实部署成功但整体体验FAIL；由B2R1取代，禁止重跑
G17-B2	历史失败包	Runtime体验FAIL后封存	tc-bignum/规划/G17_飞行与移动/G17B2_Complete_Flight_Typed_Landing_Windows_20260823/SHA256SUMS.txt	1274	4569552db81e206f9f494d8b189fb2da526dde433ec26f9c4021588e122388b8	历史证据	真实部署成功但整体体验FAIL；由B2R1取代，禁止重跑
G17-B2	历史失败包	Runtime体验FAIL后封存	tc-bignum/规划/G17_飞行与移动/G17B2_Complete_Flight_Typed_Landing_Windows_20260823/Test-G17B2-Package.py	5319	9724689827fed7fba144c1066f282aab048303af4b27515948a27be100da7cc4	历史证据	真实部署成功但整体体验FAIL；由B2R1取代，禁止重跑
G17-B2	历史失败包	Runtime体验FAIL后封存	tc-bignum/规划/G17_飞行与移动/G17B2_Complete_Flight_Typed_Landing_Windows_20260823/original/src/server/scripts/Commands/cs_dragonriding.cpp	37768	35af002b09b5d8112bbc1aaa1750f4a6245adec8b7c91a7852d69bdd283668b8	历史证据	真实部署成功但整体体验FAIL；由B2R1取代，禁止重跑
G17-B2	历史失败包	Runtime体验FAIL后封存	tc-bignum/规划/G17_飞行与移动/G17B2_Complete_Flight_Typed_Landing_Windows_20260823/payload/src/server/scripts/Commands/cs_dragonriding.cpp	60897	8b47a5b507bc281198363972e10f91ab0ed3784ad920cf810bd20eacfb6ec1d5	历史证据	真实部署成功但整体体验FAIL；由B2R1取代，禁止重跑
G17-B2	历史失败包	Runtime体验FAIL后封存	tc-bignum/规划/G17_飞行与移动/G17B2_Complete_Flight_Typed_Landing_Windows_20260823/tests/test_g17b2.py	10871	4e41b9a11cf2a75bbb72143e9a1ff6110105f126cee5f3fe11f75e027038ca9d	历史证据	真实部署成功但整体体验FAIL；由B2R1取代，禁止重跑
G17-B2	历史失败包	Runtime体验FAIL后封存	tc-bignum/规划/G17_飞行与移动/G17B2_Complete_Flight_Typed_Landing_Windows_20260823/tools/apply_g17b2_source.py	2949	9068d1c94999d4d529014a8abaf7ad73dc8c577a770be9d119b9defb38959c34	历史证据	真实部署成功但整体体验FAIL；由B2R1取代，禁止重跑
G17-B2	历史失败包	Runtime体验FAIL后封存	tc-bignum/规划/G17_飞行与移动/G17B2_Complete_Flight_Typed_Landing_Windows_20260823/证据/g17b2_local_validation_20260823.txt	1506	0d9ab0cd2a6cb02376a622481868b8545b455570d7b951c7f4c7bc8deac6e3ca	历史证据	真实部署成功但整体体验FAIL；由B2R1取代，禁止重跑
项目文件	文件	文件	tc-bignum/规划/G17_飞行与移动/G17R1_Client_MPQ_Install_Windows_20260822.zip	454641	f59513e9f946df42acae909566f5892e397ea550b8a8e8a4425e7e90ffe0e5ec	仓库文件	-
项目文件	文件	文件	tc-bignum/规划/G17_飞行与移动/G17R1_Client_MPQ_Install_Windows_20260822/G17R1_Runtime_Acceptance_Template.txt	647	8bfb25cdef71dacaff5382ee3effcba15ad4e647e29d4e6f33debc69ffd23bf7	仓库文件	-
项目文件	文件	文件	tc-bignum/规划/G17_飞行与移动/G17R1_Client_MPQ_Install_Windows_20260822/Install-G17R1-Client-MPQ.ps1	20063	9a287ca2bbd514697dab034b8662d69007a48365c74b0834aeb2a5fd7def728e	仓库文件	-
项目文件	文件	文件	tc-bignum/规划/G17_飞行与移动/G17R1_Client_MPQ_Install_Windows_20260822/PACKAGE_METADATA.txt	918	f86eee44b85def181c8546ca819abf3e1871e3b91084c987bfdf38a46615ae93	仓库文件	-
项目文件	文件	文件	tc-bignum/规划/G17_飞行与移动/G17R1_Client_MPQ_Install_Windows_20260822/README_FIRST.txt	3018	a6df77f2c6024831ba8e215ebbbdb4a0d1d61db72eafa20434295790cba0bebc	仓库文件	-
项目文件	文件	文件	tc-bignum/规划/G17_飞行与移动/G17R1_Client_MPQ_Install_Windows_20260822/Rollback-G17R1-Client-MPQ.ps1	6636	96fec1da8d49da4623165af484a80c7c5caba3ab310a616f51e83a4d7ef2b730	仓库文件	-
项目文件	文件	文件	tc-bignum/规划/G17_飞行与移动/G17R1_Client_MPQ_Install_Windows_20260822/Run-G17R1-Client-MPQ-Install.cmd	370	a8cd52b5caf8e31b9d704a71db15bd6691acfb6f485658ce2ae55c185ef273e4	仓库文件	-
项目文件	文件	文件	tc-bignum/规划/G17_飞行与移动/G17R1_Client_MPQ_Install_Windows_20260822/Run-G17R1-Client-MPQ-Rollback.cmd	371	07726c185042b185814348d1ada776952e32271050aff364885cf91725fcc698	仓库文件	-
项目文件	文件	文件	tc-bignum/规划/G17_飞行与移动/G17R1_Client_MPQ_Install_Windows_20260822/SHA256SUMS.txt	1159	f6055023b9bca5b623d2b302d48432c2821cb6db0a7ca811a2e150e7ca978ef6	仓库文件	-
项目文件	文件	文件	tc-bignum/规划/G17_飞行与移动/G17R1_Client_MPQ_Install_Windows_20260822/THIRD_PARTY_PROVENANCE.txt	1317	4b33a332a89f284c8fa654a7706193f42d961b6c8c9d34aa1487f14e1daad7ab	仓库文件	-
项目文件	文件	文件	tc-bignum/规划/G17_飞行与移动/G17R1_Client_MPQ_Install_Windows_20260822/Test-G17R1-Client-MPQ-Package.py	5970	be1cf18549fb88abbfb15bc5f514ad9022b544920245ce8dad01778a1c4eb32c	仓库文件	-
项目文件	文件	文件	tc-bignum/规划/G17_飞行与移动/G17R1_Client_MPQ_Install_Windows_20260822/original/NO_TARGET_FILE_PREIMAGE.txt	1135	1417157a5221d9635736b0ad4713e9a82f7f44d34a8c0f1e6f091a51b5f24275	仓库文件	-
项目文件	文件	文件	tc-bignum/规划/G17_飞行与移动/G17R1_Client_MPQ_Install_Windows_20260822/third_party/mpqcli-LICENSE.txt	1078	177eb5d7c52683d8f8857243ee1940ce5df8bf4a2abbd8d0c0b4d6dbee970080	仓库文件	-
项目文件	文件	文件	tc-bignum/规划/G17_飞行与移动/G17R1_Client_MPQ_Install_Windows_20260822/third_party/mpqcli-windows-amd64.exe	970752	5dc56b130432098d18e911fdf4b3464adf850432b7fbb35003a2feff7c30a79f	仓库文件	-
项目文件	文件	文件	tc-bignum/规划/G17_飞行与移动/G17R1_Runtime_Fix_Windows_20260822.zip	31645	f4eb4e20dc4b65eba29f2784df8eedc000733dca9bdd52a1c9c09c1806de4d8c	仓库文件	-
项目文件	文件	文件	tc-bignum/规划/G17_飞行与移动/G17R1_Runtime_Fix_Windows_20260822/Install-Build-G17R1-Windows.ps1	11123	20c50f1ecb9c5cae1736c4d7fbd46f2df74af0a566015741540b3e76ee6f335a	仓库文件	-
项目文件	文件	文件	tc-bignum/规划/G17_飞行与移动/G17R1_Runtime_Fix_Windows_20260822/PACKAGE_METADATA.txt	955	96b0fca234302473b91c3603b40b2f1f3ca1d71dbf5042a6e47638add9a39e3b	仓库文件	-
项目文件	文件	文件	tc-bignum/规划/G17_飞行与移动/G17R1_Runtime_Fix_Windows_20260822/Prepare-G17R1-Client-Patch.ps1	6801	aa38efeaf6e737408365ad017ecbaf3f43b6e99ee33397470b0b5cc3adedda2f	仓库文件	-
项目文件	文件	文件	tc-bignum/规划/G17_飞行与移动/G17R1_Runtime_Fix_Windows_20260822/README_FIRST.txt	3288	d54d7846118fef66fd8ae6679c6737a3b748acaf105ef64b7aa586aee30145c2	仓库文件	-
项目文件	文件	文件	tc-bignum/规划/G17_飞行与移动/G17R1_Runtime_Fix_Windows_20260822/Run-G17R1-Prepare-Client-Patch.cmd	414	be4915630a8762fab27bdf806b47f55dcf60fb735ebc9e8b5d750eaee5287dc5	仓库文件	-
项目文件	文件	文件	tc-bignum/规划/G17_飞行与移动/G17R1_Runtime_Fix_Windows_20260822/Run-G17R1-Windows-Fix.cmd	403	56d873f86026a19be92a4ac07bc5ed465422f32a6bc9ac9f3932965b8081a353	仓库文件	-
项目文件	文件	文件	tc-bignum/规划/G17_飞行与移动/G17R1_Runtime_Fix_Windows_20260822/SHA256SUMS.txt	1187	fc43a0e5f3ee867b5bb95a8d0bf95b773f365d64bcacadbe7f4d5fa4adee03b8	仓库文件	-
项目文件	文件	文件	tc-bignum/规划/G17_飞行与移动/G17R1_Runtime_Fix_Windows_20260822/Test-G17R1-Package.py	3679	08f909cb666be9880ff63f20047f6966b36aec3348b5771df0df29be7897907e	仓库文件	-
项目文件	文件	文件	tc-bignum/规划/G17_飞行与移动/G17R1_Runtime_Fix_Windows_20260822/original/src/server/scripts/Commands/cs_dragonriding.cpp	16463	c9535dca3390ece6735e6ff6b7418ed99ff206628b5e8febd7b78b05cba999bd	仓库文件	-
项目文件	文件	文件	tc-bignum/规划/G17_飞行与移动/G17R1_Runtime_Fix_Windows_20260822/payload/src/server/scripts/Commands/cs_dragonriding.cpp	24260	10a7002db4c173e441836870da01dd3009a7ba470369ca1a89bdb399ee9b2f45	仓库文件	-
项目文件	文件	文件	tc-bignum/规划/G17_飞行与移动/G17R1_Runtime_Fix_Windows_20260822/tests/test_g17r1_runtime_fix.py	7356	88f6d599ada69d8cb52da2cbaa32d69d8f2d871bea03fdb9fc3b8a5c34f9296a	仓库文件	-
项目文件	文件	文件	tc-bignum/规划/G17_飞行与移动/G17R1_Runtime_Fix_Windows_20260822/tools/apply_g17r1_source.py	6518	1297ba4de16cc65e3cde121dac8c7c0caa1030c41a66c7a3ea01e90e214ab228	仓库文件	-
项目文件	文件	文件	tc-bignum/规划/G17_飞行与移动/G17R1_Runtime_Fix_Windows_20260822/tools/patch_g17r1_client_spell_dbc.py	12101	5bd1d60c58c7c6117c528d715fabdd6f2887be86b0620371d4d306b7c91bab54	仓库文件	-
项目文件	文件	文件	tc-bignum/规划/G17_飞行与移动/G17R2A_Flight_Gate_Diagnostic_Windows_20260823.zip	447380	2bc732cf4d17338a0e07af7c798f7868575197940630bbdca394a53b4d8381fa	仓库文件	-
项目文件	文件	文件	tc-bignum/规划/G17_飞行与移动/G17R2A_Flight_Gate_Diagnostic_Windows_20260823/PACKAGE_MANIFEST_SHA256.tsv	707	43fc992263d7f511e9549bdcf66c75811159785d8e6037c1fe3fa007def32952	仓库文件	-
项目文件	文件	文件	tc-bignum/规划/G17_飞行与移动/G17R2A_Flight_Gate_Diagnostic_Windows_20260823/Probe-G17R2A-Flight-Gates.ps1	15780	0df1e6088f5e4178751da31367f781271893e680b436c5dfb0ded659bc6c2186	仓库文件	-
项目文件	文件	文件	tc-bignum/规划/G17_飞行与移动/G17R2A_Flight_Gate_Diagnostic_Windows_20260823/README_FIRST_G17R2A.txt	2349	9af736202c700eb42ed89dfade894a9c55167fa9249968c4cae8e431c656355d	仓库文件	-
项目文件	文件	文件	tc-bignum/规划/G17_飞行与移动/G17R2A_Flight_Gate_Diagnostic_Windows_20260823/Run-G17R2A-Diagnostic.cmd	521	f7e5f1f8596460bdb8d1580bd27082f7f732c19bfca01cf48547ed5f7af15426	仓库文件	-
项目文件	文件	文件	tc-bignum/规划/G17_飞行与移动/G17R2A_Flight_Gate_Diagnostic_Windows_20260823/THIRD_PARTY_PROVENANCE.txt	1317	4b33a332a89f284c8fa654a7706193f42d961b6c8c9d34aa1487f14e1daad7ab	仓库文件	-
项目文件	文件	文件	tc-bignum/规划/G17_飞行与移动/G17R2A_Flight_Gate_Diagnostic_Windows_20260823/Test-G17R2A-Package.py	2017	051b17ddc6000200e85540970dec81bd81b589924201030d01d7aa70f4acd8e7	仓库文件	-
项目文件	文件	文件	tc-bignum/规划/G17_飞行与移动/G17R2A_Flight_Gate_Diagnostic_Windows_20260823/third_party/mpqcli-LICENSE.txt	1078	177eb5d7c52683d8f8857243ee1940ce5df8bf4a2abbd8d0c0b4d6dbee970080	仓库文件	-
项目文件	文件	文件	tc-bignum/规划/G17_飞行与移动/G17R2A_Flight_Gate_Diagnostic_Windows_20260823/third_party/mpqcli-windows-amd64.exe	970752	5dc56b130432098d18e911fdf4b3464adf850432b7fbb35003a2feff7c30a79f	仓库文件	-
项目文件	文件	文件	tc-bignum/规划/G17_飞行与移动/G17R2_Pure_Flying_Server_Gate_Windows_20260823.zip	75105	e63724d3e3081103159c5e509aa5fed5aa58c7772295a8a4f7f559e5b86c003d	仓库文件	-
项目文件	文件	文件	tc-bignum/规划/G17_飞行与移动/G17R2_Pure_Flying_Server_Gate_Windows_20260823/Install-Build-G17R2-Windows.ps1	10775	8d14eea30f7e6759e3249989b8bd38a7e7e8c8f602bf499f9605b68ec3ddd64d	仓库文件	-
项目文件	文件	文件	tc-bignum/规划/G17_飞行与移动/G17R2_Pure_Flying_Server_Gate_Windows_20260823/PACKAGE_MANIFEST_SHA256.tsv	735	2a6c0d6c42b54d4986134549d5266ba0133129d747441157a538a9dfae9dfcf0	仓库文件	-
项目文件	文件	文件	tc-bignum/规划/G17_飞行与移动/G17R2_Pure_Flying_Server_Gate_Windows_20260823/README_FIRST_G17R2.txt	3267	8f6df0f0958085d6860e9e3d45403b1855d8784d06dcd442acee58a484a5b334	仓库文件	-
项目文件	文件	文件	tc-bignum/规划/G17_飞行与移动/G17R2_Pure_Flying_Server_Gate_Windows_20260823/Run-G17R2-Windows-Fix.cmd	609	877531ea09f7edcfd45f3120b1e2521267aa9195afd5262316bbcdfa6fb6abcf	仓库文件	-
项目文件	文件	文件	tc-bignum/规划/G17_飞行与移动/G17R2_Pure_Flying_Server_Gate_Windows_20260823/original/src/server/game/Spells/SpellInfo.cpp	182275	537e5c350baa5f4a90bd0ec38c6b6858360e287aeabd75ab54050b4432e50755	仓库文件	-
项目文件	文件	文件	tc-bignum/规划/G17_飞行与移动/G17R2_Pure_Flying_Server_Gate_Windows_20260823/payload/src/server/game/Spells/SpellInfo.cpp	182907	73d52ac0feb67a32822fc0bf086a9174ba7ef0bc186223cdc8a690f48fccb9e2	仓库文件	-
项目文件	文件	文件	tc-bignum/规划/G17_飞行与移动/G17R2_Pure_Flying_Server_Gate_Windows_20260823/tests/SELFTEST_G17R2.py	7948	034413dad6dd7e21e12314fe4dc9509d3f00c46b1af530288f1d96951a3331c3	仓库文件	-
项目文件	文件	文件	tc-bignum/规划/G17_飞行与移动/G17R2_Pure_Flying_Server_Gate_Windows_20260823/tools/apply_g17r2_source.py	6749	f0da799574ec24fd5103680ed42c428a07d81cb0792828e6c25a119f6c97af28	仓库文件	-
项目文件	文件	文件	tc-bignum/规划/G17_飞行与移动/G17R3_Pure_Flight_Client_AreaTable_Windows_20260823.zip	620074	817b02a32b36a1deb21071e64536c9cef92e0414c48494b286fb316f442db4d2	仓库文件	-
项目文件	文件	文件	tc-bignum/规划/G17_飞行与移动/G17R3_Pure_Flight_Client_AreaTable_Windows_20260823/Install-Build-G17R3-Server.ps1	18225	e6ff1a8e5b77ae97147c0c0b72b006507df5dfef9ebfcc53959b5e63e3bf4eb0	仓库文件	-
项目文件	文件	文件	tc-bignum/规划/G17_飞行与移动/G17R3_Pure_Flight_Client_AreaTable_Windows_20260823/OFFLINE_VALIDATION_20260823.txt	1518	bbc6557b5ce0af3e19f2287016820e0d1f40aadb91f47274ff088485d41adbeb	仓库文件	-
项目文件	文件	文件	tc-bignum/规划/G17_飞行与移动/G17R3_Pure_Flight_Client_AreaTable_Windows_20260823/PACKAGE_METADATA.txt	1122	8bdaee81aa609e0582d2b23a0682e7edba2b7b7115e0e9a50722abe207036737	仓库文件	-
项目文件	文件	文件	tc-bignum/规划/G17_飞行与移动/G17R3_Pure_Flight_Client_AreaTable_Windows_20260823/README_FIRST.txt	4555	2b8ca27e9af5edbe213da41f103645ff7d857c4b0f7d194d8c6d444d5411e168	仓库文件	-
项目文件	文件	文件	tc-bignum/规划/G17_飞行与移动/G17R3_Pure_Flight_Client_AreaTable_Windows_20260823/Rollback-G17R3-Client-MPQ.ps1	3828	b3add7c6efa5edc1b052e0061dd9864ea5c55a76f787ab43d438c3d7494439c9	仓库文件	-
项目文件	文件	文件	tc-bignum/规划/G17_飞行与移动/G17R3_Pure_Flight_Client_AreaTable_Windows_20260823/Rollback-G17R3-Server.ps1	6925	3f304fb0038ecab18214cf6d91b5453cfcec132121659647977664cda862b86f	仓库文件	-
项目文件	文件	文件	tc-bignum/规划/G17_飞行与移动/G17R3_Pure_Flight_Client_AreaTable_Windows_20260823/Run-G17R3-Full-Rollback.cmd	624	03254cba878318bf5c778f80986aa841fa91c8d881cc6384db7c0bb99c50415d	仓库文件	-
项目文件	文件	文件	tc-bignum/规划/G17_飞行与移动/G17R3_Pure_Flight_Client_AreaTable_Windows_20260823/Run-G17R3-Windows-Fix.cmd	1384	7ee3aaf7513c01ddbb39b4491de50547ac47fce2bb31e3af3e0a649fa5998ede	仓库文件	-
项目文件	文件	文件	tc-bignum/规划/G17_飞行与移动/G17R3_Pure_Flight_Client_AreaTable_Windows_20260823/SHA256SUMS.txt	1958	9c259216f623ec1aba6d74a75d73f9fb4680e7ab26ac306a68855bcfaaf988d6	仓库文件	-
项目文件	文件	文件	tc-bignum/规划/G17_飞行与移动/G17R3_Pure_Flight_Client_AreaTable_Windows_20260823/THIRD_PARTY_PROVENANCE.txt	1211	5db33c9abb9d8df14feeae255bc10e65666c6f289bbe49c566695ff7a688db49	仓库文件	-
项目文件	文件	文件	tc-bignum/规划/G17_飞行与移动/G17R3_Pure_Flight_Client_AreaTable_Windows_20260823/Test-G17R3-Package.py	4934	8db8dee1ba976b1a53c9837ca1cfcb11b549b6a1dcf1e8111773ef8ccf8a0708	仓库文件	-
项目文件	文件	文件	tc-bignum/规划/G17_飞行与移动/G17R3_Pure_Flight_Client_AreaTable_Windows_20260823/Upgrade-G17R3-Client-MPQ.ps1	23164	29b57d3c20e215ca9d268eb4d0b5a6b8acb744b0cae4a63d00a47603e5684d41	仓库文件	-
项目文件	文件	文件	tc-bignum/规划/G17_飞行与移动/G17R3_Pure_Flight_Client_AreaTable_Windows_20260823/original/DBFilesClient/AreaTable.dbc	362740	b0356ff41e5777896509ec52bc68af516b67d82a659dbc47757960aef98b62dd	仓库文件	-
项目文件	文件	文件	tc-bignum/规划/G17_飞行与移动/G17R3_Pure_Flight_Client_AreaTable_Windows_20260823/original/src/server/game/Spells/SpellInfo.cpp	182907	73d52ac0feb67a32822fc0bf086a9174ba7ef0bc186223cdc8a690f48fccb9e2	仓库文件	-
项目文件	文件	文件	tc-bignum/规划/G17_飞行与移动/G17R3_Pure_Flight_Client_AreaTable_Windows_20260823/payload/DBFilesClient/AreaTable.dbc	362740	214c6935d11b784f0bf5e4855fb756126d9d667d622a346c3124ae748812b6a8	仓库文件	-
项目文件	文件	文件	tc-bignum/规划/G17_飞行与移动/G17R3_Pure_Flight_Client_AreaTable_Windows_20260823/payload/src/server/game/Spells/SpellInfo.cpp	183226	c3ec2237ed6da8831662a8b7a5d45cf88f8efc7798cdd35c52a07700fa9cbcbf	仓库文件	-
项目文件	文件	文件	tc-bignum/规划/G17_飞行与移动/G17R3_Pure_Flight_Client_AreaTable_Windows_20260823/tests/test_g17r3.py	9831	5e25c459037996e0bfe007dc3296ba4176a86a756bf759bc8f7904fa5481eb50	仓库文件	-
项目文件	文件	文件	tc-bignum/规划/G17_飞行与移动/G17R3_Pure_Flight_Client_AreaTable_Windows_20260823/third_party/mpqcli-LICENSE.txt	1078	177eb5d7c52683d8f8857243ee1940ce5df8bf4a2abbd8d0c0b4d6dbee970080	仓库文件	-
项目文件	文件	文件	tc-bignum/规划/G17_飞行与移动/G17R3_Pure_Flight_Client_AreaTable_Windows_20260823/third_party/mpqcli-windows-amd64.exe	970752	5dc56b130432098d18e911fdf4b3464adf850432b7fbb35003a2feff7c30a79f	仓库文件	-
项目文件	文件	文件	tc-bignum/规划/G17_飞行与移动/G17R3_Pure_Flight_Client_AreaTable_Windows_20260823/tools/apply_g17r3_server_source.py	4636	e9a33152a316084b78f336be4216a95d64d9fb4df664799dcef63f35ecb2ec45	仓库文件	-
项目文件	文件	文件	tc-bignum/规划/G17_飞行与移动/G17R3_Pure_Flight_Client_AreaTable_Windows_20260823/tools/patch_g17r3_client_areatable_dbc.py	9808	3cdbdde4ce988164d64a8b4cb91ef3833b06332d26a7adf409a96be683f176de	仓库文件	-
项目文件	文件	文件	tc-bignum/规划/G17_飞行与移动/G17R4_Pure_Flight_Dual_Area_Flags_Windows_20260823.zip	588095	fbf4a9adf5ada31e659a1b5f12572532959e3f45d79955ff6f79bb760f4935d3	仓库文件	-
项目文件	文件	文件	tc-bignum/规划/G17_飞行与移动/G17R4_Pure_Flight_Dual_Area_Flags_Windows_20260823/Install-G17R4-Client-MPQ.ps1	26974	13dc2a19ce4bd590d739f8c2427045e2639e544baf5f52e3c0894ce9d218786f	仓库文件	-
项目文件	文件	文件	tc-bignum/规划/G17_飞行与移动/G17R4_Pure_Flight_Dual_Area_Flags_Windows_20260823/OFFLINE_VALIDATION_20260823.txt	1942	143155178238bff9e293b18276759608a74aa0d99a9a9e4412bc416e62988c6d	仓库文件	-
项目文件	文件	文件	tc-bignum/规划/G17_飞行与移动/G17R4_Pure_Flight_Dual_Area_Flags_Windows_20260823/PACKAGE_METADATA.txt	731	eb66779b1905bd3e20e647a85a3a47d7d673c0568cc264cf96d45d8fce82cb83	仓库文件	-
项目文件	文件	文件	tc-bignum/规划/G17_飞行与移动/G17R4_Pure_Flight_Dual_Area_Flags_Windows_20260823/README_FIRST.txt	2847	855b50e8cbe01dd418ad0d4bd5f33e5a015a57a5cf9cd5ae0c21c6b261e9049f	仓库文件	-
项目文件	文件	文件	tc-bignum/规划/G17_飞行与移动/G17R4_Pure_Flight_Dual_Area_Flags_Windows_20260823/Rollback-G17R4-Client-MPQ.ps1	4040	b113eee3bcf9850977e816860c02f604c39d6f89af3b28868a21b623e676fef1	仓库文件	-
项目文件	文件	文件	tc-bignum/规划/G17_飞行与移动/G17R4_Pure_Flight_Dual_Area_Flags_Windows_20260823/Run-G17R4-Client-Fix.cmd	471	2d932ca51fb000913a9051e6d6c52d3730bd0cce016a0e128c020147b2c4a927	仓库文件	-
项目文件	文件	文件	tc-bignum/规划/G17_飞行与移动/G17R4_Pure_Flight_Dual_Area_Flags_Windows_20260823/Run-G17R4-Client-Rollback.cmd	218	2db90f0b41cb3a9fc9b34f7834c05965e895ad7048ee95c8bddabd1123cdb301	仓库文件	-
项目文件	文件	文件	tc-bignum/规划/G17_飞行与移动/G17R4_Pure_Flight_Dual_Area_Flags_Windows_20260823/SHA256SUMS.txt	1538	fd1035ab26d3f8bed2c17005c482504bb49840da7267095861ed03385821fea8	仓库文件	-
项目文件	文件	文件	tc-bignum/规划/G17_飞行与移动/G17R4_Pure_Flight_Dual_Area_Flags_Windows_20260823/THIRD_PARTY_PROVENANCE.txt	987	a95ce47601361cfd0b1b2d20aa8a13e4fe5195a1bdcdf2cba639e8a9b2d433e6	仓库文件	-
项目文件	文件	文件	tc-bignum/规划/G17_飞行与移动/G17R4_Pure_Flight_Dual_Area_Flags_Windows_20260823/Test-G17R4-Package.py	5214	4a4455b143487e18e6f82c47b83153a293a2dbc8d2279a6652e588743a3b32b1	仓库文件	-
项目文件	文件	文件	tc-bignum/规划/G17_飞行与移动/G17R4_Pure_Flight_Dual_Area_Flags_Windows_20260823/original/DBFilesClient/AreaTable.R3.dbc	362740	214c6935d11b784f0bf5e4855fb756126d9d667d622a346c3124ae748812b6a8	仓库文件	-
项目文件	文件	文件	tc-bignum/规划/G17_飞行与移动/G17R4_Pure_Flight_Dual_Area_Flags_Windows_20260823/original/DBFilesClient/AreaTable.stock.dbc	362740	b0356ff41e5777896509ec52bc68af516b67d82a659dbc47757960aef98b62dd	仓库文件	-
项目文件	文件	文件	tc-bignum/规划/G17_飞行与移动/G17R4_Pure_Flight_Dual_Area_Flags_Windows_20260823/payload/DBFilesClient/AreaTable.dbc	362740	1acef997a27f844a8abee9b477c44f2097f745168c6df85ece6b1a135568c233	仓库文件	-
项目文件	文件	文件	tc-bignum/规划/G17_飞行与移动/G17R4_Pure_Flight_Dual_Area_Flags_Windows_20260823/tests/test_g17r4.py	3773	9ab2b98b4a3364799fc15c00854d23b0b8044951fc1819f0dcf0349a565e839c	仓库文件	-
项目文件	文件	文件	tc-bignum/规划/G17_飞行与移动/G17R4_Pure_Flight_Dual_Area_Flags_Windows_20260823/third_party/mpqcli-LICENSE.txt	1078	177eb5d7c52683d8f8857243ee1940ce5df8bf4a2abbd8d0c0b4d6dbee970080	仓库文件	-
项目文件	文件	文件	tc-bignum/规划/G17_飞行与移动/G17R4_Pure_Flight_Dual_Area_Flags_Windows_20260823/third_party/mpqcli-windows-amd64.exe	970752	5dc56b130432098d18e911fdf4b3464adf850432b7fbb35003a2feff7c30a79f	仓库文件	-
项目文件	文件	文件	tc-bignum/规划/G17_飞行与移动/G17R4_Pure_Flight_Dual_Area_Flags_Windows_20260823/tools/patch_g17r4_client_areatable_dbc.py	10104	f678d7e9245b5b87228737d121e9c3d90efa88feb3a3f45437370c41686979e4	仓库文件	-
项目文件	文件	文件	tc-bignum/规划/G17_飞行与移动/G17R5_Effective_zhCN_Locale_DBC_Mirror_Windows_20260823.zip	450841	015a9dc27ae67d373a09813edb0121482f615fc2f91d805e2712f0cf03bde333	仓库文件	-
项目文件	文件	文件	tc-bignum/规划/G17_飞行与移动/G17R5_Effective_zhCN_Locale_DBC_Mirror_Windows_20260823/01_Install_G17R5_Locale_Mirror.cmd	456	d0d03399660fcb73408fb93bc6cab2798028ba32eb034c9db37224dba1f2956e	仓库文件	-
项目文件	文件	文件	tc-bignum/规划/G17_飞行与移动/G17R5_Effective_zhCN_Locale_DBC_Mirror_Windows_20260823/02_Rollback_G17R5_Locale_Mirror.cmd	403	0df3f7dcb6bea5af243cdf42866f3fd4cb1d1445f3027a4e0e3e47b3d4ced574	仓库文件	-
项目文件	文件	文件	tc-bignum/规划/G17_飞行与移动/G17R5_Effective_zhCN_Locale_DBC_Mirror_Windows_20260823/Install-G17R5-Locale-Mirror.ps1	12216	2eee0bed626eb183bb1d568cc207306f885e4a9aee01d2412d5eb41d8da69a6a	仓库文件	-
项目文件	文件	文件	tc-bignum/规划/G17_飞行与移动/G17R5_Effective_zhCN_Locale_DBC_Mirror_Windows_20260823/OFFLINE_VALIDATION_20260823.txt	998	040575e16bad9d4d22556317792c4b3a07939571dd6d3718b396ae4dad446346	仓库文件	-
项目文件	文件	文件	tc-bignum/规划/G17_飞行与移动/G17R5_Effective_zhCN_Locale_DBC_Mirror_Windows_20260823/PACKAGE_METADATA.txt	1026	90d3d7b9e54d0aa95c32d75a249d97c7e0e8fd0a8508bafe6aefdccfafdfc229	仓库文件	-
项目文件	文件	文件	tc-bignum/规划/G17_飞行与移动/G17R5_Effective_zhCN_Locale_DBC_Mirror_Windows_20260823/README_FIRST.txt	2534	e965d811c49121c479aeedf7cc9f131491e0472d60ff9433bb7d47ae61152cfb	仓库文件	-
项目文件	文件	文件	tc-bignum/规划/G17_飞行与移动/G17R5_Effective_zhCN_Locale_DBC_Mirror_Windows_20260823/Rollback-G17R5-Locale-Mirror.ps1	3190	1568a1cc593fd046500b9f52016776e6da312cb9366ee66a6fe18f910644d49d	仓库文件	-
项目文件	文件	文件	tc-bignum/规划/G17_飞行与移动/G17R5_Effective_zhCN_Locale_DBC_Mirror_Windows_20260823/SHA256SUMS.txt	1154	56df9a3d55c39c5cf945e7bf0da4eba2de7b51f0dcad396354094c4253494989	仓库文件	-
项目文件	文件	文件	tc-bignum/规划/G17_飞行与移动/G17R5_Effective_zhCN_Locale_DBC_Mirror_Windows_20260823/THIRD_PARTY_PROVENANCE.txt	498	738ef7130f3c327b5b83fd07d1654b45cf44eccd3bf5bfeb442db3e5f40147bd	仓库文件	-
项目文件	文件	文件	tc-bignum/规划/G17_飞行与移动/G17R5_Effective_zhCN_Locale_DBC_Mirror_Windows_20260823/Test-G17R5-Package.py	1872	83038ee814940f64602608287423d750ba3a9440a1e2d6802d4920fa00e2dcc5	仓库文件	-
项目文件	文件	文件	tc-bignum/规划/G17_飞行与移动/G17R5_Effective_zhCN_Locale_DBC_Mirror_Windows_20260823/original/NO_LOCALE_TARGET_PREIMAGE.txt	188	f9dc99be1367d5835d4df5794b8a5844caf8ce50a8dca65ff5b8ae2c86e38aec	仓库文件	-
项目文件	文件	文件	tc-bignum/规划/G17_飞行与移动/G17R5_Effective_zhCN_Locale_DBC_Mirror_Windows_20260823/third_party/mpqcli-LICENSE.txt	1078	177eb5d7c52683d8f8857243ee1940ce5df8bf4a2abbd8d0c0b4d6dbee970080	仓库文件	-
项目文件	文件	文件	tc-bignum/规划/G17_飞行与移动/G17R5_Effective_zhCN_Locale_DBC_Mirror_Windows_20260823/third_party/mpqcli-windows-amd64.exe	970752	5dc56b130432098d18e911fdf4b3464adf850432b7fbb35003a2feff7c30a79f	仓库文件	-
G17	设计文档	当前状态	tc-bignum/规划/G17_飞行与移动/G17_通用御龙与战斗坐骑总设计_20260823.md	20596	2dea7ed57c846e5a6e29802fa7406d841210bee5f0dbca5a17c95afdf300c669	当前权威	B1关闭、B2体验FAIL、B2R1 Windows PASS/Runtime待验收、B3-B6未实现
项目文件	文件	文件	tc-bignum/规划/G17_飞行与移动/accept_g17b0_db_probe.py	5935	953f007af007dce1e455b55345c5e056ff16f5867e42fc08aaee501d3a3590f3	仓库文件	-
项目文件	文件	文件	tc-bignum/规划/G17_飞行与移动/accept_g17b0_source_apply.py	3427	eeaf6ed8a56830ff12e205c66fe09b8c02c491c579c53b99e2cab3437ab60a09	仓库文件	-
项目文件	文件	文件	tc-bignum/规划/G17_飞行与移动/accept_g17b0_windows_build_v3.py	6267	0d525e72594138c75389683bee31c4843e60de1a7c3f049226fc3e08a6f71328	仓库文件	-
项目文件	文件	文件	tc-bignum/规划/G17_飞行与移动/accept_g17b0_world_postcheck_v3.py	2414	2e511f39d2b22fb9a646d4e1cfe75be83bd9fec9930ab77084d7aa93dc7073bd	仓库文件	-
项目文件	文件	文件	tc-bignum/规划/G17_飞行与移动/accept_g17b1r1_false_timestamp_failure.py	1924	56da8bd6ef4b888d2e5b2a8a20b5e20c53a6bed7ac6607d12b97a36a2cd84900	仓库文件	-
项目文件	文件	文件	tc-bignum/规划/G17_飞行与移动/probe_g17_source.py	19133	c7d5c2004480eea5561c935cd36dd6ab8d133cd722ad7a4ebe273d71292002de	仓库文件	-
项目文件	文件	文件	tc-bignum/规划/G17_飞行与移动/证据/G17B0_DB_PROBE_ACCEPTANCE_20260822.txt	768	bbf868ded643304366a5ac6618adf101d4730b80059b5568fda5d3e45597b21e	仓库文件	-
项目文件	文件	文件	tc-bignum/规划/G17_飞行与移动/证据/G17B0_DB_PROBE_RESULT_20260822_1340.txt	17472	af4a6031f4895767c34faf1211bb5ba8d026039beefa0d8cd79b52fe5a8a470e	仓库文件	-
项目文件	文件	文件	tc-bignum/规划/G17_飞行与移动/证据/G17B0_LOCK_RESULT_20260822_120243.zip	73265	ece3d768d3d46f7e573a76ac0527d439ab932c0b831ed923f3de6c600ddaee0c	仓库文件	-
项目文件	文件	文件	tc-bignum/规划/G17_飞行与移动/证据/G17B0_SOURCE_APPLY_RESULT_20260822.txt	1668	772f4007cd2199ec6829bbb2bdef3e11a976c072c2c1ad7ae6b31210d3bc5ca4	仓库文件	-
项目文件	文件	文件	tc-bignum/规划/G17_飞行与移动/证据/G17B0_SOURCE_PREFLIGHT_RESULT_20260822.txt	1914	724d58ee39a09767fb0ccb054b4b23c906d73e9e2ef499a61cf66ea3f78314b0	仓库文件	-
项目文件	文件	文件	tc-bignum/规划/G17_飞行与移动/证据/G17B0_WINDOWS_BUILD_V1_PARSER_ERROR_20260822.txt	1066	a5b2ea165aeadc06a250222e0ce7fa472ad3d4b7374be400891b6a57c49d4ece	仓库文件	-
项目文件	文件	文件	tc-bignum/规划/G17_飞行与移动/证据/G17B0_WINDOWS_BUILD_V2_NATIVE_STDERR_ABORT_20260822.txt	1317	b89f89519897e24454dc04c23f6b4b83a520d4a9dfcd07b488e69eac7bca8d18	仓库文件	-
项目文件	文件	文件	tc-bignum/规划/G17_飞行与移动/证据/G17B0_WINDOWS_BUILD_V2_RESULT_20260822.txt	1430	49dfcfe0f6de0ad9ff64b927bbb2e7eb1d728005a85a777638f636c2a85fc567	仓库文件	-
项目文件	文件	文件	tc-bignum/规划/G17_飞行与移动/证据/G17B0_WINDOWS_BUILD_V3_RESULT_20260822.txt	6396	58c408728f6a8a91a317abd26e10911a346b607e7adaf0cbb3880ec656a6952e	仓库文件	-
项目文件	文件	文件	tc-bignum/规划/G17_飞行与移动/证据/G17B0_WORLD_INSTALL_V2_ERROR_1267_20260822.txt	1118	94b5bf42c25f4d8749a9f1d72c61a62d722c265beb8cfcaf367dc1f7d2ec265a	仓库文件	-
项目文件	文件	文件	tc-bignum/规划/G17_飞行与移动/证据/G17B0_WORLD_POSTCHECK_RESULT_20260822_1520.txt	492	182a1878251ea7d4cb6af76a4721028a57750f7de47acb1eff6793a31eaef32a	仓库文件	-
项目文件	文件	文件	tc-bignum/规划/G17_飞行与移动/证据/G17B1R1_WINDOWS_BUILD_RESULT_20260823.txt	3152	aa5f752185762c8537c446749d33134a6971b45ad113c115a422fe11482f7bd7	仓库文件	-
G17-B2R1	Windows证据	真实构建PASS	tc-bignum/规划/G17_飞行与移动/证据/G17B2R1_WINDOWS_BUILD_RESULT_20260824.txt	10828	f7d53025515e2aea57427af6d44655edc0f0db5029c024627020e3367bf68a9b	当前权威	用户原始报告：源码应用、World迁移、MSBuild、新鲜OBJ/EXE/PDB及新EXE哈希PASS
项目文件	文件	文件	tc-bignum/规划/G17_飞行与移动/证据/G17R1_WINDOWS_AND_CLIENT_STAGE_RESULT_20260822.txt	16135	2d3b25a5052e8bb9ea8f7d11388d2f5c919af4b0560520b3cb793491a0458f1e	仓库文件	-
项目文件	文件	文件	tc-bignum/规划/G17_飞行与移动/证据/G17R2A_GATE_DIAGNOSTIC_RESULT_20260823.txt	2968	3dcbf440df2c4f744a4eab862c8101ffa02642e35dd5e17de214f8beeec4fe5e	仓库文件	-
项目文件	文件	文件	tc-bignum/规划/G17_飞行与移动/证据/G17R3_WINDOWS_FIX_RESULT_20260823.txt	8144	3b2fef4409947159cfa26d590dfaf8e97f611edc2b1c0054c5fc1dc728a0fcce	仓库文件	-
项目文件	文件	文件	tc-bignum/规划/G17_飞行与移动/证据/G17R4_CLIENT_MPQ_UPGRADE_RESULT_20260823.txt	4651	fd0517d74caa786d64432ea984570054faddd03e18e4b2162202862e10f6e118	仓库文件	-
项目文件	文件	文件	tc-bignum/规划/G17_飞行与移动/证据/G17R5_LOCALE_MIRROR_RESULT_20260823.txt	1667	758f4d06af8751e0dd9bf7a3a496de44320b7a83d067b90be892a815d9b22ad2	仓库文件	-
项目文件	文件	文件	tc-bignum/规划/G17_飞行与移动/证据/g17_source_probe_v1_20260821_123340.txt	46258	6fa507bb65ed8dd13f937ab957131ae4d8638477b9e4013fec70b5e57ee4a8a0	仓库文件	-
项目文件	文件	文件	tc-bignum/规划/G17_飞行与移动/证据/g17_source_probe_v2_20260821_125214.txt	83044	13dc5682cefdf0bc7057f1ddf5defcacd024951fc540350d37b7e5c58ce107d0	仓库文件	-
项目文件	文件	文件	tc-bignum/规划/G17_飞行与移动/证据/g17a_area_update_aura_recheck_source_audit_20260821.txt	3145	57e6934b4d3869590fd8519730a85ce4268a734f268249256d0ec5a8077354d2	仓库文件	-
项目文件	文件	文件	tc-bignum/规划/G17_飞行与移动/证据/g17a_step17_selftest_check_pass_20260821.txt	3629	d2595db5572ffc5704a29e474e7b26e8d49bf51e863ee776ec7a2bc456240592	仓库文件	-
项目文件	文件	文件	tc-bignum/规划/G17_飞行与移动/证据/g17a_step18_apply_conf_validator_failure_20260821_151724.txt	1732	628f775bcef41da82cc5cd8097b4b63d006a3a306139fcda8ce39bec365181cd	仓库文件	-
项目文件	文件	文件	tc-bignum/规划/G17_飞行与移动/证据/g17a_step18r_recovery_verify_pass_20260821.txt	1369	aefbed15da9a3214716c0a95ef7498def17227f0e604d41eab0390fc8f511797	仓库文件	-
项目文件	文件	文件	tc-bignum/规划/G17_飞行与移动/证据/g17a_step19a_build_pass_20260821.txt	2659	9cb4f3859b600bd5cac7e3c783ba986e0772b3deba7ebc4b4635087645d67f80	仓库文件	-
项目文件	文件	文件	tc-bignum/规划/G17_飞行与移动/证据/g17a_step19b_default_off_acceptance_20260821.txt	2375	f4437ddf9fbcfbcdb90bb20605c03e31f7f63f74267a9b6ba29c0f592879dc06	仓库文件	-
项目文件	文件	文件	tc-bignum/规划/G17_飞行与移动/证据/g17a_step19b_partial_pre_post_behavior_20260821.txt	1921	f12441964b838cf36284c71c349abc9a2780513ed1773e3aced8ad53cf114bd2	仓库文件	-
项目文件	文件	文件	tc-bignum/规划/G17_飞行与移动/证据/g17a_step20a_enable_conf_pass_20260821_164848.txt	1183	62f58aa90422646383d15033be083ed8ae7157fbb88b9448ba6e1245cfb0bb0a	仓库文件	-
项目文件	文件	文件	tc-bignum/规划/G17_飞行与移动/证据/g17a_step20bs_enable_smoke_pass_20260821.txt	3021	b94319a18f22c462b54f616752d4e72245edc83e46753d398096f5b0e8e73706	仓库文件	-
项目文件	文件	文件	tc-bignum/规划/G17_飞行与移动/证据/g17a_step20c1_user_summary_pass_20260821.txt	2001	7bdc6afd7a15427b10faaa18f45d62145f0ca53d80f35567ac7dbfe8f4e04582	仓库文件	-
项目文件	文件	文件	tc-bignum/规划/G17_飞行与移动/证据/g17b0_db_probe_v2_acceptance_20260822.md	3486	79f6d100563bb8d2e7bc887108b1003b473c033bbff4bbd448d72c1bc6336ca2	仓库文件	-
项目文件	文件	文件	tc-bignum/规划/G17_飞行与移动/证据/g17b0_source_apply_acceptance_20260822.md	2195	82796cf3dd4120e9567cea594bb480c93e19f6c51c26f6e624a8fcb8f31f0650	仓库文件	-
项目文件	文件	文件	tc-bignum/规划/G17_飞行与移动/证据/g17b0_source_apply_delivery_20260822.txt	1013	e9150d3c85b1bda6741c5b643d57c2defd83b431fce03ef97cad8f2a35861bd9	仓库文件	-
项目文件	文件	文件	tc-bignum/规划/G17_飞行与移动/证据/g17b0_windows_build_delivery_20260822.txt	1122	68524e40d98ec5fe530bfd6e568361fd1e62fd901400f9d1840b78e61c77eb84	仓库文件	-
项目文件	文件	文件	tc-bignum/规划/G17_飞行与移动/证据/g17b0_windows_build_v2_ascii_delivery_20260822.txt	1046	c4077ae718ab1bc2deb34099fb96db01e2c2f26ffbd61fec8645c620ef208ec7	仓库文件	-
项目文件	文件	文件	tc-bignum/规划/G17_飞行与移动/证据/g17b0_windows_build_v3_acceptance_20260822.md	2073	6eb3ce2ec84c027ef928b85e51ab471bbcf43d44d1b981037812d3cbb0f58d64	仓库文件	-
项目文件	文件	文件	tc-bignum/规划/G17_飞行与移动/证据/g17b0_windows_build_v3_native_safe_delivery_20260822.txt	1304	ac516071d6365d17fa23d44fcc9fab3b2d58057e8160b4647924390dbaf90217	仓库文件	-
项目文件	文件	文件	tc-bignum/规划/G17_飞行与移动/证据/g17b0_windows_lock_acceptance_20260822.md	5259	1f2f5b976546e58d25ab3ade32f2d051e0e528fd5281d417d71bccd969c76333	仓库文件	-
项目文件	文件	文件	tc-bignum/规划/G17_飞行与移动/证据/g17b0_world_install_delivery_20260822.txt	825	4c0024a2188df2e04446ec3ae8a4dd958785a371ba8e932f0ad9d10353eaec58	仓库文件	-
项目文件	文件	文件	tc-bignum/规划/G17_飞行与移动/证据/g17b0_world_install_v3_delivery_20260822.txt	1199	4893051f7315dfcee93adb6380f57a6ed5a59d3970f6cdfb07a10b3d14bca0ea	仓库文件	-
项目文件	文件	文件	tc-bignum/规划/G17_飞行与移动/证据/g17b0_world_postcheck_v3_acceptance_20260822.md	1296	29b29c8dc52ef5c646aacfc91eb61178945d84293c2b5d1189ec5408c3565423	仓库文件	-
项目文件	文件	文件	tc-bignum/规划/G17_飞行与移动/证据/g17b1_all_mounts_auto_intercept_delivery_20260823.md	1820	4bd1230588bd67187329dc4cca0b7a31eec7b52c37e606cf9a09dc572f8a79b7	仓库文件	-
项目文件	文件	文件	tc-bignum/规划/G17_飞行与移动/证据/g17b1_runtime_authoritative_seat_root_cause_20260823.md	2698	8d480065ad7aa93cb217481a8098ef514812e6ffbd780729e5f51eaa2a80ad98	仓库文件	-
项目文件	文件	文件	tc-bignum/规划/G17_飞行与移动/证据/g17b1_windows_native_runner_hang_20260823.md	1603	cae78890fb52357d902d345960280500e6b5789f781e278697922655ba8a98f2	仓库文件	-
项目文件	文件	文件	tc-bignum/规划/G17_飞行与移动/证据/g17b1r1_native_runner_fix_delivery_20260823.md	2352	48db4e78bb5b8f96eb40131875f27022902f717e0d363550d402b9a41981b1b1	仓库文件	-
项目文件	文件	文件	tc-bignum/规划/G17_飞行与移动/证据/g17b1r1_windows_build_accepted_false_pdb_timestamp_assertion_20260823.md	1837	e1bcddfa969e887107267340d02c995c3c86342de8524589ede68136c8c6fbe0	仓库文件	-
项目文件	文件	文件	tc-bignum/规划/G17_飞行与移动/证据/g17b1r1_windows_build_false_timestamp_acceptance_20260823.txt	348	e591082c51e39e9701521507d61c86944207a197a91f3f65cac02c68c362c6ac	仓库文件	-
项目文件	文件	文件	tc-bignum/规划/G17_飞行与移动/证据/g17b1r1_zip_extract_validation_20260823.txt	1048	c662623bff9c40e112839be9a31f6aec6902840135ca0fb1069235c8df2610f8	仓库文件	-
项目文件	文件	文件	tc-bignum/规划/G17_飞行与移动/证据/g17b1r3_authoritative_seat_fix_delivery_20260823.md	1241	2dc3a84c55a3c2d40fd4fd6888d6b595db0c7fac0987fc681db1aceb15f17809	仓库文件	-
项目文件	文件	文件	tc-bignum/规划/G17_飞行与移动/证据/g17b1r3_zip_extract_validation_20260823.txt	940	9695753c8870bbbc5c4d145db704dce2ed71868126adb963bb08f7c8c7386d4a	仓库文件	-
G17-B1R4	历史批次	Runtime PASS后关闭	tc-bignum/规划/G17_飞行与移动/证据/g17b1r4_continuous_indoor_safety_delivery_20260823.md	1523	fc1834e8422ace8bc7c81cd597cb896494d139550daa63adebef4ef0c768cef2	历史证据	B1已关闭；历史证据保留；禁止重复执行
G17-B1R4	历史批次	Runtime PASS后关闭	tc-bignum/规划/G17_飞行与移动/证据/g17b1r4_indoor_cleanup_root_cause_20260823.md	1135	1bfb09e5bec1ddbdefe2611899393b16add981b59499a6776650ed35292fc4d3	历史证据	B1已关闭；历史证据保留；禁止重复执行
G17-B1R4	历史批次	Runtime PASS后关闭	tc-bignum/规划/G17_飞行与移动/证据/g17b1r4_zip_extract_validation_20260823.txt	941	183b9c0571aa6800570d4eaaa9109b3ea33f5b77c9673d14ecf4df40d6fe0472	历史证据	B1已关闭；历史证据保留；禁止重复执行
G17-B1R5	历史批次	Runtime PASS后关闭	tc-bignum/规划/G17_飞行与移动/证据/g17b1r5_wrapper_and_no_parachute_delivery_20260823.md	1972	9001e8ad179f27cdadb216da5c89168d6d120ec4bbfe918d33b7560f8aa72880	历史证据	B1已关闭；历史证据保留；禁止重复执行
G17-B1R5	历史批次	Runtime PASS后关闭	tc-bignum/规划/G17_飞行与移动/证据/g17b1r5_zip_extract_validation_20260823.txt	475	dca452def19b2746a5c67318ee28d599eb6ad4c6494356774d34fa418c67f380	历史证据	B1已关闭；历史证据保留；禁止重复执行
项目文件	文件	文件	tc-bignum/规划/G17_飞行与移动/证据/g17r1_client_mpq_install_delivery_20260822.txt	4611	e29959ddcad8f74dae698353a3f7545d2da9d5ac7d39ac3a86203cdee5d421e8	仓库文件	-
项目文件	文件	文件	tc-bignum/规划/G17_飞行与移动/证据/g17r1_linux_syntax_warning_compile_20260822.txt	1111	99a75b4b03d200354d45bd4272d068a71d9f76e04ce218a239292b6352dad727	仓库文件	-
项目文件	文件	文件	tc-bignum/规划/G17_飞行与移动/证据/g17r1_real_zhcn_spell_dbc_patcher_validation_20260822.txt	3868	99e480e09c70a5c2ac9d9df4ac683f7596632ed78f2712e8c95eedd53fbd97c5	仓库文件	-
项目文件	文件	文件	tc-bignum/规划/G17_飞行与移动/证据/g17r1_runtime_fix_delivery_20260822.txt	2225	a676f5d09436a8405f927d93f753d12d3aec582407a8c33f26fab483179c6e40	仓库文件	-
项目文件	文件	文件	tc-bignum/规划/G17_飞行与移动/证据/g17r1_runtime_vehicle_pass_and_g17r2_root_cause_20260823.md	2172	b2b09f71e6fecff27dbd8f8d1aa14a9d99fe622ab96034349857d86b65940078	仓库文件	-
项目文件	文件	文件	tc-bignum/规划/G17_飞行与移动/证据/g17r1_windows_build_client_stage_acceptance_20260822.md	1834	4619eaf2455e2d50dde14b497dec1beaa5624f0a313d2660cf913e495f39c2bc	仓库文件	-
项目文件	文件	文件	tc-bignum/规划/G17_飞行与移动/证据/g17r1_windows_package_selftest_20260822.txt	6260	8211de801ae653c435f683c134cee5057d7034dc387cdd0a6991aefd27dee0fd	仓库文件	-
项目文件	文件	文件	tc-bignum/规划/G17_飞行与移动/证据/g17r2_local_package_selftest_20260823.txt	1433	eef07c8084ff3f1dde65dba36867ec2ccc4059eb75489546725f353920269d6d	仓库文件	-
项目文件	文件	文件	tc-bignum/规划/G17_飞行与移动/证据/g17r2_windows_package_delivery_20260823.md	1292	b91ae22ac49a93578be6f88b7adf322764a08285f00aa64cf47816da3821cad1	仓库文件	-
项目文件	文件	文件	tc-bignum/规划/G17_飞行与移动/证据/g17r2_windows_pass_runtime_still_not_here_20260823.md	1821	b25e56b8acd9e0cec453db16fe51e72377a29a88f31bd43b6e4d45e92de2bb4c	仓库文件	-
项目文件	文件	文件	tc-bignum/规划/G17_飞行与移动/证据/g17r2a_gate_diagnostic_delivery_20260823.md	1469	9ea79c6dde50b16fc918b6183d94324497790d3a00181cee3c773706d0e1eeb3	仓库文件	-
项目文件	文件	文件	tc-bignum/规划/G17_飞行与移动/证据/g17r2a_pass_server_cast_and_g17r3_root_cause_20260823.md	1884	6fcee475051b3697a82184dc8aee0cf415e12dfa99c723052fac58351778c9db	仓库文件	-
项目文件	文件	文件	tc-bignum/规划/G17_飞行与移动/证据/g17r3_windows_package_delivery_20260823.md	2791	cda16a635ab6d485e547e39dab4f26515543e6daec5d6932c9bfaf3359d60256	仓库文件	-
项目文件	文件	文件	tc-bignum/规划/G17_飞行与移动/证据/g17r4_dual_area_flags_delivery_20260823.md	2747	4e338427ea71cfdd96b005be15983dcf171f02a6dcb54dfb3a45bd57f2967a93	仓库文件	-
项目文件	文件	文件	tc-bignum/规划/G17_飞行与移动/证据/g17r5_effective_zhcn_locale_mirror_delivery_20260823.md	3165	e4bb26a48ac8d550e1b0649685e58da37622ca5e17b96e2c35d2c753aa1dfed8	仓库文件	-
项目文件	文件	文件	tc-bignum/规划/G17_飞行与移动/证据/g17r5_real_runtime_pass_20260823.md	1522	cc276653552e02cc04cb95497dd4220e3dcb85ca3e4b2f4e5865f3bcffe0900a	仓库文件	-
项目文件	文件	文件	tc-bignum/规划/G19_情境对话系统/01-总体设计.md	11844	f505d56ad57745b1283c8264e4792b3eacd007b37f2016af2b78c50b1c124752	仓库文件	-
项目文件	文件	文件	tc-bignum/规划/G19_情境对话系统/02-第1步_零编译版闲聊扩充.sql	8170	42a65924c9c4a2c6505fe20f03d24c8aba6445d63c9eb9557481ca1c6f3c30b0	仓库文件	-
项目文件	文件	文件	tc-bignum/规划/G19_情境对话系统/03-第2批_情境台词81条.sql	10264	2ca0f4199c5f148d39d5faf841a6c1b6242ff222590ba73bd9c24d92a7d0c041	仓库文件	-
项目文件	文件	文件	tc-bignum/规划/G19_情境对话系统/04-第3步_场景感知实现.md	14361	f3be8e4dcfb88381332919e755cf56beeb6ca0774affee2ff9e3f83b6d00fe7b	仓库文件	-
项目文件	文件	文件	tc-bignum/规划/G19_情境对话系统/05-第3步装机前探针.md	5667	1ce5c71bd563450807d1db7e60a7f7c42f7956270c19ea054292cf2f98443776	仓库文件	-
项目文件	文件	文件	tc-bignum/规划/G19_情境对话系统/06-第3步_精确补丁_基于你的真实源码.md	24173	fe53b7972350bfda05e81a68bb5eb990af0c8085c77688939683cb92a288cc8c	仓库文件	-
项目文件	文件	文件	tc-bignum/规划/G19_情境对话系统/07-编译错误修复.md	11505	48c5ab6446085bd86bf2e9806f73d2ba25db162f588ea477671547d256fe4b4d	仓库文件	-
项目文件	文件	文件	tc-bignum/规划/G19_情境对话系统/08-两个根因的精确修法.md	9261	12463e2cebaf83f2cbf869dac6835bf365f11e059b0c70ebe882d1c75c25fb52	仓库文件	-
项目文件	文件	文件	tc-bignum/规划/G19_情境对话系统/09-最终修复_直接照做.md	6693	951f3c6affeae9819f74544f35931816fa2021becc92ee36bcc6a37404d1c3ee	仓库文件	-
项目文件	文件	文件	tc-bignum/规划/G19_情境对话系统/10-最后三个错误_诊断.md	4527	c2b4e424d9a324453234ea1a64c1eed6de9d9a79a9ca7177f5abb9de6669ac09	仓库文件	-
项目文件	文件	文件	tc-bignum/规划/G19_情境对话系统/11-最终修复_两个真因.md	8448	24ea57f5fb366064accd115be198a6f5a9924318405cac84750710e307c722bc	仓库文件	-
项目文件	文件	文件	tc-bignum/规划/G19_情境对话系统/12-第3步编译通过后_部署与验收.md	7412	3346fa6a0a2a3c18fda4cd43c8aace26f0a4cff48dc27ce1917bcb0ed487fb77	仓库文件	-
项目文件	文件	文件	tc-bignum/规划/G20_世界重塑与时间线/01-总体设计.md	11783	8ef50acb33e0fcb46393604d76509ebbc9719a34a4ddc17526724f272439ba29	仓库文件	-
项目文件	文件	文件	tc-bignum/规划/G20_世界重塑与时间线/02-时间线试点_零客户端.sql	8653	50b62bb983570bdb310943a58646a6199122e2073441d807e90c11c0fa117a7f	仓库文件	-
项目文件	文件	文件	tc-bignum/规划/G21_主线落地/01-让故事进入游戏.md	8367	baf3a15d4ac7d3804d5b9a8b7ce9ee83b97de9ea639bddc931e8b55d5b256945	仓库文件	-
项目文件	文件	文件	tc-bignum/规划/G22_客户端魔改整合/01-世界改造的客户端账.md	8633	e97352894d1c8cfca01affa5bd2c5e67dcee5cc1cc67113a5f9f01c55ab4b63a	仓库文件	-
项目文件	文件	文件	tc-bignum/规划/G22_客户端魔改整合/02-完美客户端总纲_模型城市种族职业世界主线.md	23680	eea3ed2fb09d4e56f047c35443333c635c1fe9458cfde708c52a8a80b6cb0ff1	仓库文件	-
项目文件	文件	文件	tc-bignum/规划/G23_Lua功能与自动拾取可靠性/01-仓库初审与分阶段实施计划.md	8784	f444d731194fea7c2321be2bd7aed75bb862efac19ba582758205a64efaf1b9a	仓库文件	-
项目文件	文件	文件	tc-bignum/规划/G23_Lua功能与自动拾取可靠性/02-G23-P0真实基线执行入口.md	6978	d5208cb886071e7124076926fa76e5454441cbfb578a345191f4b62ae2658209	仓库文件	-
项目文件	文件	文件	tc-bignum/规划/G23_Lua功能与自动拾取可靠性/03-治疗血线与辅助策略后续增强决策.md	3275	dbf43926e865756df26ccf5c7ebd08a08ff9698e5160eb143ccfbe7581533fa7	仓库文件	-
项目文件	文件	文件	tc-bignum/规划/G23_Lua功能与自动拾取可靠性/04-G23-P0首次报告分析与症状归因边界.md	5652	5675bebd43197f936a75972bee07a102038dba2b0ee4ef09f10e69b03291bc9e	仓库文件	-
项目文件	文件	文件	tc-bignum/规划/G23_Lua功能与自动拾取可靠性/05-G23-P0R真实路径与Eluna扩展补充取证.md	5560	629acef7b48bc1cc0816c5e3ca52dccca92d27ec2fe38290f570e225732829cf	仓库文件	-
项目文件	文件	文件	tc-bignum/规划/G23_Lua功能与自动拾取可靠性/06-G23-P0R结论与最小复现矩阵.md	9428	5321b11dd18b013c85213c4bb091920694ae761034fde74eb8ca65484a51d333	仓库文件	-
项目文件	文件	文件	tc-bignum/规划/G23_Lua功能与自动拾取可靠性/07-G23-F45修复包与Windows实施.md	3337	40e20571f539306da4431b216c04376fa037397b96116bf08b147ba5bcb43b71	仓库文件	-
项目文件	文件	文件	tc-bignum/规划/G23_Lua功能与自动拾取可靠性/08-G23-P2-Lua稳定性独立交付与Windows实施.md	4065	fd353bc41cde0c93ea929e99c9d4c54835f6168b3a0fa3427d2b189cd1e2a241	仓库文件	-
项目文件	文件	文件	tc-bignum/规划/G23_Lua功能与自动拾取可靠性/09-G23-P2R1-tp菜单跨state假超时热修.md	2994	3cd52acc75a52a3837b9d430cdc3ba7d8ad62fb5d9174486e81d71f0bc3d6aa6	仓库文件	-
项目文件	文件	文件	tc-bignum/规划/G23_Lua功能与自动拾取可靠性/10-G23-P3A-Lua服务器助手与GM帮助完善.md	2550	397569a8813d6e2dfe9ac2952accc2d7d6fc95a0041b5c14274e7be9537612e5	仓库文件	-
项目文件	文件	文件	tc-bignum/规划/G23_Lua功能与自动拾取可靠性/probe_g23_baseline.py	25985	e68ecb389b898330575cbc1d03ab70ba51e8f72c8bde249c9ca45d80ec319d93	仓库文件	-
项目文件	文件	文件	tc-bignum/规划/G23_Lua功能与自动拾取可靠性/probe_g23_p0r_actual_paths.py	21519	b9252c68a9733b935ec44a0ffa56509537cfc49baffe0d2536d9eb7f1339fdd0	仓库文件	-
项目文件	文件	文件	tc-bignum/规划/G23_Lua功能与自动拾取可靠性/证据/f45_local_acceptance_20260822.txt	2015	993a0f0146222bb5f1afc503473ae17eb3cd5c0abcbeaaace63e498e86c3417a	仓库文件	-
项目文件	文件	文件	tc-bignum/规划/G23_Lua功能与自动拾取可靠性/证据/f45_runtime_user_smoke_20260822.txt	845	b90e179642097b56213b017df4b4f49257d4492dbaf00cf382df6e3a3d75c003	仓库文件	-
项目文件	文件	文件	tc-bignum/规划/G23_Lua功能与自动拾取可靠性/证据/f45_windows_check_apply_build_user_summary_20260822.txt	1255	534d1b90f82c0041264e345dc8cd04814c6c112493b45f35509f8026fb47d14d	仓库文件	-
项目文件	文件	文件	tc-bignum/规划/G23_Lua功能与自动拾取可靠性/证据/g23_baseline_20260822_001210.txt	204285	c17aac62a3b6f0370b4f441fbcedbb742cc6d8159b93f04d8c8a2cb75b1d6dbe	仓库文件	-
项目文件	文件	文件	tc-bignum/规划/G23_Lua功能与自动拾取可靠性/证据/g23_p0_windows_baseline_capture_false_20260822_001210.txt	2302	b4fedd34fea60cad2fd3ea1ca6f84b9b4a58e3f428bd1bbf7382f103cfbfbe83	仓库文件	-
项目文件	文件	文件	tc-bignum/规划/G23_Lua功能与自动拾取可靠性/证据/g23_p0r_20260822_003402.txt	162905	7eaecd056055ee979d622d65102a2386b7f409d735ad577928f703d3a0df8c8b	仓库文件	-
项目文件	文件	文件	tc-bignum/规划/G23_Lua功能与自动拾取可靠性/证据/g23_p0r_acceptance_20260822.txt	1717	e73e2c1b99091cc2205433a5a36a028f9455e999ec385d2d5fac625e049c8411	仓库文件	-
项目文件	文件	文件	tc-bignum/规划/G23_Lua功能与自动拾取可靠性/证据/g23_r1_r4_locations_partial_20260822.txt	1373	99dd5771fd52a27f2f69d59f6d2ab3385edbf8a560eaa84776bf8b8da1dd4925	仓库文件	-
项目文件	文件	文件	tc-bignum/规划/G23_Lua功能与自动拾取可靠性/证据/g23p2_final_delivery_20260822.txt	574	604514d07bac2fc7ad61a3274264ff4065706cbb90c7c298f10540d02d94bd6c	仓库文件	-
项目文件	文件	文件	tc-bignum/规划/G23_Lua功能与自动拾取可靠性/证据/g23p2_windows_check_apply_user_summary_20260822.txt	1534	774a067f4c4dd94ed0948c16ab6350a0a63b4e1c71fdf662575777e9b41a998b	仓库文件	-
项目文件	文件	文件	tc-bignum/规划/G23_Lua功能与自动拾取可靠性/证据/g23p2r1_final_delivery_20260822.txt	526	d04aaf1b0756508041d48089848b200fec7f117f8a571f7491829a3b4c30c04c	仓库文件	-
项目文件	文件	文件	tc-bignum/规划/G23_Lua功能与自动拾取可靠性/证据/g23p2r1_windows_runtime_user_summary_20260822.txt	748	366c7f75524622fd53e913a2963411af1cd67b23960577de1c799acd377c5eed	仓库文件	-
项目文件	文件	文件	tc-bignum/规划/G23_Lua功能与自动拾取可靠性/证据/g23p3a_final_delivery_20260822.txt	562	fff60d738fc98dea6c5a7e8e12ac42dff4266919bfcbaa79a52a2a0b8d7cec1b	仓库文件	-
项目文件	文件	文件	tc-bignum/规划/全局审视-2026-08-09.md	7603	4c6b151c579940e73bc8c3c7a1bcf647ab7d8a809ddc757c689630ccec3c0057	仓库文件	-
项目文件	文件	文件	tc-bignum/规划/总路线图-2026-08-09.md	9802	8fbe7dd96ae617a0fc14f99abb503e04b202be16b13091359ff7364fed08065c	仓库文件	-
项目文件	文件	文件	tc-bignum/规划/总路线图-v2-含世界线.md	11473	c897d7291ff0a6a1b95b56d9e5e7b37d527c48fac64162f097e5ed5bbd4f8af3	仓库文件	-
项目文件	文件	文件	tc-bignum/规划/新想法-2026-08-09.md	9123	5c78d4da7885e1ef8a4fc600351ace2a5341c6c9cfff97b342aac5a9dc5fa08b	仓库文件	-
项目文件	文件	文件	tc-bignum/规划/第一批_零编译_执行手册.md	14311	70e06d644a7776cf10bc2c8f6dddc3452da8f249279a49583e3f91f0d005b8b2	仓库文件	-
项目文件	文件	文件	tc-bignum/规划/答复-三个问题-2026-08-09.md	7927	a74e80060077b80212744ce0d902fb590b1593cd40d924c3fe94553c4346c5e6	仓库文件	-
项目文件	文件	文件	tc-bignum/规划/规划-BalticCore实测核查.md	7535	1a3c5b9f83358c3746f5917fb4e868f089748f91f96be229a35e277649fc320d	仓库文件	-
项目文件	文件	文件	tc-bignum/规划/规划-Bot自主行为.md	10352	1c721309d8211666ab52c06f67b11cdb04fbe0243619fc193b4ba82f2015665b	仓库文件	-
项目文件	文件	文件	tc-bignum/规划/规划-Bot身份体系与偶遇同行.md	11624	682819581502634e294838f4db1b08b88193353ccbe3f61104fc671b11667551	仓库文件	-
项目文件	文件	文件	tc-bignum/规划/规划-NPCBot与Playerbot融合.md	7488	efb4c7641ceee390b6ebd6237abb6e5911a8bb2f567062fdbbf0073bd23e11f8	仓库文件	-
项目文件	文件	文件	tc-bignum/规划/规划-NPCBot增强总蓝图.md	10333	388d94434eed38889023bc5e2a4d85a27c6f516898dc3d18c316e911247739bb	仓库文件	-
项目文件	文件	文件	tc-bignum/规划/规划-PlayerBot智能AI-借鉴playerbot模块.md	8208	4ec24c08a8b19a075594776cf4029a3fafc5500e1c6af47196fb1ba68ee3ad21	仓库文件	-
项目文件	文件	文件	tc-bignum/规划/规划-PlayerBot生活化四件套.md	15691	a8b6a74a9d7428fce556569791117abe7858f52822d607b45f45741590013c9b	仓库文件	-
项目文件	文件	文件	tc-bignum/规划/规划-bot永久化-你的思路是对的.md	7985	6ddcfa23a6fd2e009310df73999a4e35fc898ca2f71a650797e9b605a6204eec	仓库文件	-
项目文件	文件	文件	tc-bignum/规划/规划-三条路线全做-永久化总方案.md	8548	4f7d1046b582d5764dd0e4e9d22d97daa2eaa3e6df0373f2c6be61bf8e2689f2	仓库文件	-
项目文件	文件	文件	tc-bignum/规划/规划-伙伴系统-真正的战友.md	14275	a06f3506204a7f7eb979723231ee677ae9d8764dd49e2fab04e5e68a44032812	仓库文件	-
项目文件	文件	文件	tc-bignum/规划/规划-史诗魔改端总蓝图.md	16497	18ad6bd97d3eeebae88bf6110354adeebd4306d9c5ecb725fb36c8c4677e8eb6	仓库文件	-
项目文件	文件	文件	tc-bignum/规划/规划-外观控制与NPCBot定制.md	8489	33f60a3bc5f46e96ee8c7d79046b453daaf1ca5800529687a7e0f100dbe6be00	仓库文件	-
项目文件	文件	文件	tc-bignum/规划/规划-数值天花板与客户端改造.md	17379	7594e805cf9f5c7e601f86b396829c0f1784558833a012b9aa3df6cf69dbc226	仓库文件	-
项目文件	文件	文件	tc-bignum/规划/规划-游戏内难度菜单.md	19165	83e28010a686f4cbb6bb41525f001270dd03bcde822b76444be10a96ac1b4447	仓库文件	-
项目文件	文件	文件	tc-bignum/规划/规划-游荡与永久-你的问题点出了根本矛盾.md	6212	8a615ff24b6ba770bbe607dcdf42872a10901113e2313a9526eb1b8c0e1b2fd2	仓库文件	-
项目文件	文件	文件	tc-bignum/规划/规划-玩法创意池.md	7702	62c468e9b36c9f97ec307b021d63d7af8f288414462ed2d143e5f1bd89096fd6	仓库文件	-
项目文件	文件	文件	tc-bignum/规划/规划-现代化总蓝图-3.3.5极限模仿.md	14853	13c10e241f3843f7514846a7514f7f4a0f663e8cbdd69161a9433a48c3af41cf	仓库文件	-
项目文件	文件	文件	tc-bignum/规划/规划-真实Player型Bot-可行性实证.md	7442	2a2a52509bde0ddcc0b27d7ef43d857de70e17083dac50f745fc3770026b3345	仓库文件	-
项目文件	文件	文件	tc-bignum/规划/规划-社交与互动全清单.md	7882	01d15f3661b1fc4ab228749c25d6b99e2aad44b88395fca4945ff6a85047adf0	仓库文件	-
项目文件	文件	文件	tc-bignum/规划/规划-突破上限后续阶段与客户端兼容性.md	7062	0ea39e22b7a89f696a06ec66da771c4fc6d31f7dbba3f8df0f72a047b18ef5de	仓库文件	-
项目文件	文件	文件	tc-bignum/规划/规划-突破人数上限-三道墙实证.md	14714	0abc146dea034d644136c1b70ace5a0db8db29749d2dfc704f38ffea0a2a216a	仓库文件	-
项目文件	文件	文件	tc-bignum/规划/规划-羁绊与对手系统.md	11067	60ce0e3fff32228127b130dbb09513e51bff5790e0b677944632931709f09411	仓库文件	-
项目文件	文件	文件	tc-bignum/规划/规划-羁绊系统-最高规格设计.md	11170	9cdd873c7339f4b02f064db7be26eba5ebb5c17007d27a589633d6e599aad3c1	仓库文件	-
项目文件	文件	文件	tc-bignum/规划/规划-要不要换版本.md	8440	b1ebda59d95bf90baf6cf6082a4c97d38f756c8826dd9284f84f3c6e0e4a7add	仓库文件	-
项目文件	文件	文件	tc-bignum/规划/规划-趣味功能与设定补完.md	5426	73d478204ba6efdab8e9e262ae70f019e2c0200b1d9395e202fed88875755376	仓库文件	-
项目文件	文件	文件	tc-bignum/规划/规划-长期路线-64位与正式服魔改.md	10589	f92d011a6f566047f75511c5bbbc2592ccc9650d676c888a9d4aaeadbc9e42d9	仓库文件	-
项目文件	文件	文件	tc-bignum/规划/规划-高版本种族移植.md	8688	fc890e1f7284badfb895067ecc92399972e4cb66ce9ffe3141da00a13ebf13d0	仓库文件	-
项目文件	文件	文件	uploads/GlueStrings.lua.txt	75221	a725ee8f66a8c25af42bb638a56a6dc59a0b49381b0cba78a87326b53312f74f	仓库文件	-
项目文件	文件	文件	uploads/SQL检测.txt	3410	c66de9f1461570ab5f32951978434b7b36ca786b71564c2c389a1839657e1440	仓库文件	-
项目文件	文件	文件	uploads/Server.log.txt	79488	273e18860175097560c4fed3f73c76c8e6cb5dd01d6e3f1639c1357519f16eaf	仓库文件	-
项目文件	文件	文件	uploads/WDE创造的武器的sql.txt	3070	09fe1485d66c0d669cdc096ee6279cb00ceb7309b1923149402df05909d12bd9	仓库文件	-
项目文件	文件	文件	uploads/ae60f5b6f6ff+_worldserver.exe_[8-8_17-48-38].txt	594230	3fd65e4813819207b6ab0a2c9d70adc724e9dad3f520b2f25ab469124fed32b7	仓库文件	-
项目文件	文件	文件	uploads/cpp检测.txt	2797	0f713ea20d9784683c01690fbe6518547271242bc2f6ef940ca872c581c063f9	仓库文件	-
项目文件	文件	文件	uploads/cs_modify.cpp.txt	40048	d07405da9f96ad2dfabbf0df96ec4b7fc19540037f2d351626acf2c32a7d258c	仓库文件	-
项目文件	文件	文件	uploads/cs_modify_fixed.cpp	40773	74a6f96f41db438c692391093edc4265696dbca8d0b15451ebd9251c0a8d8017	仓库文件	-
项目文件	文件	文件	uploads/cs_playerbot.cpp.txt	48613	2d1e4d8b4dd472680bb8a5d3320598ac773bfb1f02bf79971a496bfec9aab196	仓库文件	-
项目文件	文件	文件	uploads/image.png	453619	7389d086a023a5c46eddd29a27fa7e7026fb807766c09c8dc4e42fd484c8fec9	仓库文件	-
项目文件	文件	文件	uploads/vs架构错误.txt	112216	5c26ea526791b5d9d0bf0472c6c8a579b346e25848ed67bb4f9505c1f5b7becf	仓库文件	-
项目文件	文件	文件	uploads/vs架构错误2.txt	1020116	1d99e19b240b68518aae0b9a6fb051f167596cd01379ce33a84647edf4ebe366	仓库文件	-
项目文件	文件	文件	uploads/worldserver.conf.txt	185280	9f5939404dea6667086f5a30c9a2c80d93d07019fa3d07ce0f1730ea3d7ab4bf	仓库文件	-
项目文件	文件	文件	uploads/中文重复诊断工具诊断.txt	1739	a426c674e46ba7923e6b211285762a280f72e257b0e6342f64cff4fb1f985692	仓库文件	-
项目文件	文件	文件	uploads/修复步骤确认.txt	4490	6285a720d3b3f10224db9acbec09d6467ec39dcecbb4a5793e4f751ddb1a1e3a	仓库文件	-
项目文件	文件	文件	uploads/损坏检查结果.txt	289136	9b4885ebe14f74af42f3276e2093b2b22fe9ecccf8e25beef6104d54fd9033c1	仓库文件	-
项目文件	文件	文件	uploads/排查诊断.txt	1728	540ff84e7a6b6bc4a1c3a4689202b9ee33faeabccb8c18fc243a26aaef5ddabc	仓库文件	-
项目文件	文件	文件	uploads/服务端刷屏.txt	9513	64b207aef5dadab6f9c249bf8fc3b1c989f5413af730466d29efa92f9cca127d	仓库文件	-
项目文件	文件	文件	uploads/检测工具结果.txt	2175	0170f0418ae4b1987daa72727462c309fdace5882ed5069ced3a5c8abf0f044f	仓库文件	-
项目文件	文件	文件	uploads/模块patch目录.txt	4254	67be1c9f0324f8aacc309623ea4799f58f8cb97b84b3b62d9d080150c83d8c8b	仓库文件	-
项目文件	文件	文件	uploads/编译错误.txt	4423	067790f197252cd38549e7bf9f2ad0e395308d387e49c7e872956c16d5881f9a	仓库文件	-
项目文件	文件	文件	uploads/自检结果.txt	3437	f6e2aa50f2b66aa252b048718c0b9bf2b18add77fb525a43f117c96443ef2ede	仓库文件	-
项目文件	文件	文件	uploads/闪退诊断工具诊断.txt	2685	31858bbc5902e84df41eaf85daaa736943a9647b4dd3e20b1e8f4f3f714a5a4d	仓库文件	-
项目文件	文件	文件	uploads/闪退诊断工具诊断2.txt	49139	8a0bbef089c8155e63c6ff494ac2e118eed2fe40d4c144d55499bd9290927581	仓库文件	-
项目文件	文件	文件	uploads/需要修复的文件.txt	982045	edd8225c85f27d30b4ec322ec42050d095726cde975e1555e15f2d56c740c1a3	仓库文件	-
项目文件	文件	文件	v2/t	16096	0bf6b59809c03aa15273b01f8376f1aa8e899e6df4173f867741df6c4a0e5ed2	仓库文件	-
项目文件	文件	文件	v2/t.cpp	817	54714830c0ba2f78f0c8d542737d8380879204bef2179e39c41c6b4a1db66f4d	仓库文件	-
项目文件	文件	文件	v3/t	16144	6cb132a9c5f493ec134a0952efceeffbe1c011ce074d886d61a334c143d316a8	仓库文件	-
项目文件	文件	文件	v3/t.cpp	937	ccc79d601cbc6077f54ff452a42012c34769cd2c62facf8634698f898bf15e39	仓库文件	-
项目文件	文件	文件	v4/t	16032	7332a1dc2455c0f2357cf8edcc3dd36caac8cd23bc858d341210559aed9ed555	仓库文件	-
项目文件	文件	文件	v4/t.cpp	1189	44de245ebca13d8a273d5d03ee935087fc46e1183762cb5ae652ae0432680623	仓库文件	-
